source|url|title|publication_date|scraping_date|section|full_text|language
larevistacr|https://www.larevista.cr/musica-y-solidaridad-se-unen-esta-semana-para-apoyar-a-ninos-con-cancer/|Música y solidaridad se unen esta semana para apoyar a niños con cáncer|2026-05-04|2026-05-16 12:45:52|ACTUALIDAD NACIONAL|"Esta semana, la música se convertirá en una forma de acompañar, sostener y dar esperanza. El próximo 9 de mayo a las 7:00 p.m., el Auditorio Nacional del Museo de los Niños será el escenario del concierto benéfico “Galaxia de Esperanza”, una iniciativa que busca recaudar fondos para apoyar a niños con cáncer y sus familias atendidas por la Fundación Pollitos de Hierro.

En esta ocasión, la emotiva interpretación musical estará a cargo de la Banda Nacional de Cartago, que dará vida a un repertorio inspirado en una reconocida saga galáctica, transformando cada nota en un mensaje de fuerza, luz y acompañamiento para quienes más lo necesitan.

Más allá de un concierto, se trata de una oportunidad para que la comunidad se una por los verdaderos protagonistas de esta historia: los Pollitos de Hierro, niños que enfrentan el cáncer con una valentía extraordinaria.

Los fondos recaudados se destinarán a fortalecer programas como Llenamos Pancitas, que busca garantizar que los niños y sus familias cuenten con alimentación, acompañamiento y apoyo integral durante el tratamiento, porque ninguna familia debería enfrentar esta enfermedad con hambre o en soledad.

El evento también ofrecerá una experiencia para toda la familia. Las actividades iniciarán desde las 5:00 p.m., con espacios como photobooth temático, venta de productos coleccionables y dinámicas especiales. Además, el público podrá asistir caracterizado, sumándose al ambiente de la jornada, y participar en rifas.

La jornada contará con la participación de cosplayers que recrean personajes del universo galáctico, aportando un componente visual y cercano para los asistentes, especialmente los niños.

Las entradas ya están disponibles a través de PassLine, con una cuota benéfica de ₡15.000 y ₡20.000. Cada boleto representa una ayuda directa para que más niños puedan continuar su tratamiento con mejores condiciones.

“Este concierto es una invitación a que, como sociedad, nos unamos alrededor de una causa muy humana. A veces no podemos cambiar un diagnóstico, pero sí podemos cambiar la forma en que una familia enfrenta ese proceso”, agregó Melissa Romero, directora de la Fundación Pollitos de Hierro.

En una noche donde la música será protagonista, el mensaje es claro: la verdadera fuerza está en acompañar."|es
larevistacr|https://www.larevista.cr/defender-la-libertad-de-prensa-es-defender-nuestra-voz-y-nuestra-democracia/|Defender la libertad de prensa es defender nuestra voz y nuestra democracia|2026-05-03|2026-05-16 12:45:52|Squid|"Las organizaciones firmantes pedimos: reflexión individual, no guardar silencio frente al hostigamiento a cualquier medio de comunicación crítico, fortalecer las vinculaciones para tener una voz más fuerte, defender nuestro derecho a la libertad de prensa y reclamar una prensa profesional, responsable, íntegra y valiente.

La libertad de prensa es un bien común. Es la base para el desarrollo de otros derechos humanos y para el fortalecimiento de la democracia.

Toda persona tiene derecho a acceder a información veraz que nos ayude a tomar decisiones y para eso la prensa debe ser justa e independiente, desarrollarse sin censura y en un entorno que favorezca la pluralidad. Hasta el día de hoy, nada ni nadie sustituye el trabajo que realiza la prensa.

Cada quien puede y debe escoger a quién quiere leer, ver y seguir. Es nuestro derecho individual. La prensa, por su parte, debe fiscalizar con fuerza al poder político, visibilizar abusos y corrupción, y promover el debate público. Cuando hay muchos medios de comunicación y voces que hacen ese trabajo con independencia y profesionalismo, se fortalece el derecho colectivo y ganamos como sociedad.

Costa Rica ha sido históricamente reconocida por su compromiso con la libertad de expresión, en concordancia con los principios establecidos en la Convención Americana sobre Derechos Humanos, cuyo artículo 13 protege el derecho a buscar, recibir y difundir información, y prohíbe tanto la censura previa como las restricciones indirectas.

Sin embargo, en los últimos años se han registrado situaciones que ameritan atención: descalificaciones hacia medios de comunicación, tensiones en el acceso a la información pública, discursos estigmatizantes contra periodistas y desafíos en la sostenibilidad e independencia de los medios públicos, como en el caso del sistema de radiodifusión estatal.

Previo a la conmemoración del Día Internacional de la libertad de prensa, Costa Rica recibió la noticia de que personas integrantes de la junta directiva de La Nación, uno de los medios más longevos del país, tuvieron una cancelación de la visa de ingreso a Estados Unidos.

Si esta decisión se basa en su posición crítica frente a este gobierno sería una señal preocupante más para nuestro sistema democrático. Las autoridades del Estado costarricense, como muestra de su compromiso con la democracia, la defensa de las libertades y su deber con la ciudadanía, deben solicitar una explicación al Gobierno de los Estados Unidos. De no hacerlo, y de comprobarse que el motivo responde a la línea editorial, ese silencio constituiría una forma de complicidad inaceptable.

El Día Mundial de la Libertad de Prensa nos recuerda que una sociedad sin prensa libre pierde mucho más que información: pierde voces, pierde capacidad de cuestionar al poder y pierde fortaleza democrática.

Las organizaciones firmantes pedimos: reflexión individual, no guardar silencio frente al hostigamiento a cualquier medio de comunicación crítico, fortalecer las vinculaciones para tener una voz más fuerte, defender nuestro derecho a la libertad de prensa y reclamar una prensa profesional, responsable, íntegra y valiente.

(Colegio de Periodistas y Profesionales en Ciencias de la Comunicación Colectiva de Costa Rica – IPLEX – Universidad de Costa Rica – PROLEDI – Punto y Aparte)"|es
larevistacr|https://www.larevista.cr/comunicado-de-la-junta-directiva-de-la-nacion-s-a-a-la-opinion-publica/|Comunicado de la Junta Directiva de la Nación S.A. a la opinión pública|2026-05-03|2026-05-16 12:45:52|Squid|"La Junta Directiva de La Nación ha tomado conocimiento de la revocación de visas de Estados Unidos a varios de sus miembros. En este contexto, expresamos lo siguiente:

Reconocemos plenamente que Estados Unidos, como cualquier Estado soberano, tiene la potestad de determinar los términos de ingreso a su territorio y respetamos su facultad de tomar decisiones en materia migratoria conforme a sus leyes y políticas.

Sin embargo, resulta inédito en la historia reciente de Costa Rica que se revoque la visa a miembros de la Junta Directiva de un periódico generalista e independiente. Hasta el momento, ninguno de nuestros miembros ha recibido explicación oficial alguna sobre los fundamentos de estas decisiones.

Asimismo, llama la atención que, al igual que en otros casos recientes relacionados con figuras públicas costarricenses, la divulgación inicial de estos hechos haya ocurrido por vías ajenas a cualquier notificación oficial a las personas afectadas. Este hecho, por sí mismo, merece reflexión en una democracia que valora la institucionalidad, la transparencia y el debido proceso.

Bajo ninguna circunstancia estos hechos alterarán el compromiso ni el ejercicio independiente del periodismo que ha caracterizado a La Nación durante 79 años.

Renovamos nuestro compromiso fundamental: informar con rigor y veracidad sobre los hechos de interés público, investigarlos con profundidad, mantener una crítica razonada de los acontecimientos nacionales e internacionales, y contribuir a la preservación de los valores democráticos y las libertades fundamentales que sostienen nuestra convivencia como sociedad.

Sábado 2 de mayo del 2026

Comunicado de la Junta Directiva deLa Nación S.A. a la opinión pública

Junta DirectivaLa Nación S.A."|es
larevistacr|https://www.larevista.cr/acuerdo-multipartidario-abre-una-nueva-etapa-en-la-asamblea-legislativa/|Acuerdo multipartidario abre una nueva etapa en la Asamblea Legislativa|2026-05-01|2026-05-16 12:45:52|BOLETIN|"Democracia, seguridad y desarrollo social marcan la hoja de ruta del acuerdo suscrito por Liberación Nacional, Frente Amplio, PUSC y Agenda Ciudadana

Las fracciones legislativas del Partido Liberación Nacional, del Partido Frente Amplio, de la Coalición Agenda Ciudadana y del Partido Unidad Social Cristiana, comprometidas con la defensa del Estado Social de Derecho, la estabilidad democrática y el bienestar de la ciudadanía costarricense, suscriben el presente Acuerdo Político con el propósito de construir una agenda parlamentaria responsable desde la Asamblea Legislativa.

Este acuerdo surge en un contexto nacional que exige altura política, diálogo y capacidad de convergencia. Las fuerzas políticas firmantes reconocen la diversidad de sus visiones ideológicas, así como la urgencia de establecer coincidencias mínimas que permitan garantizar la institucionalidad democrática, el respeto a la Constitución Política y la atención de los principales desafíos del país.

El acuerdo se enmarca en el resultado electoral reciente, en el cual la voluntad popular se expresó de manera clara pero dividida. Aproximadamente la mitad de las personas votantes respaldaron propuestas políticas alternativas, hoy representadas en este esfuerzo conjunto. Este mandato ciudadano exige responsabilidad, diálogo y capacidad de articulación.

Este acuerdo responde precisamente a ese mandato: transformar una diversidad política en una fuerza capaz de coordinar, proponer y garantizar gobernabilidad democrática. Con respeto a las identidades ideológicas y partidarias, las fracciones asumen la responsabilidad de trabajar de manera conjunta en favor de Costa Rica, sin renunciar a su autonomía para impulsar iniciativas propias.

Aquí tenés el texto limpio, respetando el contenido original, pero corrigiendo forma, puntuación, tildes, repeticiones menores y orden visual para mejor lectura:

Las fracciones legislativas del Partido Liberación Nacional, del Partido Frente Amplio, de la Coalición Agenda Ciudadana y del Partido Unidad Social Cristiana, comprometidas con la defensa del Estado Social de Derecho, la estabilidad democrática y el bienestar de la ciudadanía costarricense, suscriben el presente Acuerdo Político con el propósito de construir una agenda parlamentaria responsable desde la Asamblea Legislativa.

Este acuerdo surge en un contexto nacional que exige altura política, diálogo y capacidad de convergencia. Las fuerzas políticas que firman reconocen la diversidad de sus visiones ideológicas, pero también la urgencia de establecer coincidencias mínimas que permitan garantizar la institucionalidad democrática, el respeto a la Constitución Política y la atención de los principales desafíos del país.

El acuerdo político se enmarca en el resultado electoral reciente, en el cual la voluntad popular se expresó de manera clara, pero dividida. Aproximadamente la mitad de las personas que ejercieron su voto respaldaron propuestas políticas alternativas, distribuidas entre las diversas fuerzas que hoy convergen en este esfuerzo común.

Este mandato ciudadano exige responsabilidad, diálogo y capacidad de articulación. Este acuerdo responde precisamente a ese mandato: transformar una alternativa política diversa en una fuerza capaz de coordinar, proponer y garantizar gobernabilidad democrática.

Con respeto a las diversas identidades ideológicas y partidarias, se asume la responsabilidad de trabajar de manera conjunta en favor de Costa Rica, sin demeritar la independencia de cada fracción para impulsar sus propios acuerdos y propuestas. Esta autonomía convive con un compromiso firme de respetar lo suscrito, de modo que las diferencias que puedan surgir en iniciativas específicas, dada la ideología de cada partido, no significarán la ruptura ni el incumplimiento de esta agenda.

Las fracciones firmantes reafirman su compromiso con la defensa irrestricta de la Constitución Política, la separación e independencia de los Poderes de la República y la vigencia plena de los derechos fundamentales.

Las fracciones acuerdan impulsar una agenda legislativa estructurada en ejes prioritarios:

No se respaldarán reformas que debiliten derechos fundamentales ni la independencia de los Poderes. Se rechaza cualquier intento de concentración de poder en el Ejecutivo o debilitamiento de los órganos de control.

San José, 01 de mayo de 2026."|es
larevistacr|https://www.larevista.cr/area-de-salud-el-guarco-registra-mas-de-5000-urgencias-atendidas-en-nuevas-instalaciones/|Área de salud El Guarco registra más de 5000 urgencias atendidas en nuevas instalaciones|2026-04-22|2026-05-16 12:45:52|Squid|"Este viernes 10 de abril fueron inauguradas las nuevas instalaciones del servicio de urgencias del área de salud El Guarco, en la provincia de Cartago. No obstante, el servicio ya brinda atención a la población desde el pasado 14 de marzo, periodo en el que se han registrado cerca de 5 000 consultas.

De acuerdo con el Dr. Cristian Calvo Montoya, director de esta área de salud, el paso de un espacio físico de 56 m² a uno de 1.445 m² ha permitido mejorar la calidad de la atención a los pacientes, así como ofrecer mejores condiciones para el personal. Además, el servicio cuenta con 21 funcionarios adicionales, gracias a nuevas plazas otorgadas por la institución.

Por su parte, la MSc. Mónica Taylor Hernández, presidenta ejecutiva de la Caja Costarricense de Seguro Social (CCSS), manifestó su satisfacción por la puesta en funcionamiento de estas instalaciones y reconoció el trabajo del personal, que durante años laboró en condiciones limitadas. “Eso es mística, compromiso y vocación”, expresó.

La jerarca también destacó la importancia de invertir en el primer nivel de atención. “Afortunadamente contamos con una institución con la capacidad económica para asumir estos compromisos, lo que se traduce en mejores respuestas para la población y, de manera estratégica, en un alivio para los hospitales”, indicó.

El Dr. Calvo señaló, además, que la ubicación del nuevo servicio —al costado norte de la plaza de El Tejar, cabecera del cantón de El Guarco— facilita el acceso de la población, ya que por este punto transitan la mayoría de rutas de autobús provenientes de las comunidades donde se ubican los ebáis del área.

En cuanto al comportamiento de la demanda, durante el primer trimestre de 2026 se ha registrado una disminución en la atención de personas adscritas a otras áreas de salud, como Cartago, Paraíso y Oreamuno, lo que podría evidenciar que la población está acudiendo al centro que le corresponde.

Mientras que en el primer trimestre de 2025 se contabilizaron 4. 789 atenciones de pacientes provenientes de otras áreas de salud, de un total de 20. 448 consultas, en el mismo periodo de 2026 esta cifra se redujo a 2 768 atenciones, de un total de 17 808 pacientes.

Según explicó el Dr. Calvo, este comportamiento podría estar asociado al fortalecimiento de los servicios en el primer nivel de atención, impulsado por la CCSS para disminuir la presión sobre el hospital Maximiliano Peralta Jiménez de Cartago. Entre las acciones destacan la apertura del servicio de urgencias en el área de salud de Cartago —que anteriormente no contaba con este servicio— y la habilitación de consultas de choque o electivas en Paraíso-Cervantes y Oreamuno-Pacayas-Tierra Blanca.

A la fecha, únicamente el 3 % de las atenciones han requerido referencia al hospital, siendo las infecciones virales, gastrointestinales y respiratorias los principales motivos de consulta.

El servicio de urgencias atiende de lunes a viernes de 6:00 a. m. a 10:00 p. m.; los fines de semana y feriados de 7:00 a. m. a 10:00 p. m."|es
larevistacr|https://www.larevista.cr/talento-costarricense-en-videojuegos-presente-en-festival-estadounidense-de-gaming/|Talento costarricense en videojuegos presente en festival estadounidense de gaming|2026-04-15|2026-05-16 12:45:52|Squid|"La participación incluye reuniones, exhibición de servicios de desarrollo y presentación de videojuegos originales ante quienes toman decisiones en la industria.

Costa Rica participó en el GDC Festival of Gaming, el principal punto de encuentro global de la industria de videojuegos, con una delegación de seis estudios nacionales que buscan atraer oportunidades de publicación, financiamiento y posicionar su capacidad de desarrollo en el mercado internacional.El evento se desarrolló del 9 al 13 de marzo en el Moscone Center, en San Francisco, California. Con esta participación, la Promotora del Comercio Exterior de Costa Rica (PROCOMER) acompaña por sexta vez al sector en la principal pantalla global donde se concretan decisiones de negocio y desarrollo tecnológico para la industria.Laura López, Gerente General de PROCOMER, señaló: “la industria de videojuegos exige especialización técnica, creatividad y capacidad de ejecución. Costa Rica ya ha demostrado que puede integrarse a proyectos internacionales. Hoy vemos estudios que crean sus propios videojuegos y que buscan competir en el mercado internacional con propuestas originales. Desde PROCOMER, trabajamos para que ese talento tenga contacto directo con quienes deciden qué proyectos apoyar y llevar al mercado”.GDC reúne a empresas editoras (conocidas como “publishers”), inversionistas, plataformas y estudios en una agenda diseñada para generar negocios, evaluar proyectos y definir las tendencias que marcarán el mercado en los próximos años.En esta edición, Sunna Entertainment, Ripe Render Games, Fair Play Labs, Headless Chicken Games, Square Codex y Estudio Shout presentarán una propuesta que combina servicios especializados de desarrollo en distintas fases de producción —desde animación y optimización hasta desarrollo completo— junto con sus propios videojuegos creados en Costa Rica y diseñada para competir en mercados internacionales.

Más allá de la prestación de servicios para terceros, varios estudios llegan a San Francisco con videojuegos propios en búsqueda de oportunidades de expansión internacional. Entre los proyectos que se exhibirán destaca Cat Distribution System, de Estudio Shout, una propuesta con potencial comercial. También participará Teeko, de Ripe Render Games, inspirado en la tradición del Día de la Mascarada Costarricense, que combina acción, estrategia y narrativa a partir de elementos culturales locales.Por su parte, Sunna Entertainment presentará Gunny Ascend, un juego que combina rompecabezas y acción, así como Apocrypha, ampliando su portafolio creativo. Estos títulos buscan consolidar alianzas estratégicas con publishers y plataformas que permitan su posicionamiento en mercados internacionales.La delegación costarricense desarrollará una agenda de reuniones de negocio con actores clave del sector. Además, contará con un stand país en el Festival Hall, donde exhibirá tanto servicios especializados como videojuegos originales.Como parte de la agenda, PROCOMER y Claudio Pinto, presidente de Fair Play Labs ofrecerán el foro “From Local Talent to Global Stage: Building High-Value Game Development Ecosystems”, donde se analizará cómo países como Costa Rica pueden fortalecer su industria de desarrollo de videojuegos y conectarla con oportunidades en el mercado internacional.San Francisco concentra uno de los ecosistemas más influyentes para la industria de videojuegos a nivel mundial. Participar en este espacio permite a los estudios costarricenses interactuar directamente con actores clave del mercado y proyectar su capacidad creativa y técnica en un escenario altamente competitivo."|es
larevistacr|https://www.larevista.cr/podcasts-de-la-revista-cr-superan-los-2-millones-de-reproducciones/|Podcasts de La Revista CR superan los 2 millones de reproducciones|2026-04-14|2026-05-16 12:45:52|BOLETIN|"La Revista CR alcanza un nuevo hito en su trayectoria editorial al superar los dos millones de reproducciones en su plataforma de podcasts, consolidando así su presencia en el ecosistema digital y reafirmando su compromiso con la difusión de ideas, el pensamiento crítico y la cultura.

Este logro se sustenta en la producción de más de 900 contenidos sonoros, desarrollados de manera constante a lo largo de los últimos años. La mayoría de estas entregas corresponden a los editoriales semanales del medio, así como a los espacios quincenales a cargo de Miguel Gutiérrez Saxe y Bernal Herrera, cuyas reflexiones han aportado profundidad analítica al debate público nacional.

A estos esfuerzos se suman las contribuciones de destacados colaboradores como Arabella Salaverry, Miguel Ángel Rodríguez y Jacques Sagot, entre otros, quienes han enriquecido la oferta de contenidos con perspectivas diversas desde la política, la economía, la cultura y las artes.

El crecimiento sostenido de la audiencia adquiere especial relevancia al considerar que La Revista CR no opera como una empresa comercial, sino como un proyecto independiente, cuyo desarrollo ha sido posible principalmente mediante la generación de contenido orgánico y el compromiso voluntario de sus autores. En un entorno mediático altamente competitivo, este desempeño evidencia la conexión lograda con una audiencia interesada en propuestas editoriales de calidad y en la pluralidad de pensamiento.

Desde la dirección del medio se extiende un reconocimiento a cada uno de los autores, productores y colaboradores que han hecho posible este resultado, destacando que el verdadero valor de este logro radica en la construcción colectiva de un espacio de expresión libre, responsable y abierto al diálogo.

La Revista CR reafirma así su compromiso de continuar fortaleciendo sus contenidos, innovando en sus formatos y promoviendo la libertad de expresión y de comunicación como pilares esenciales de la vida democrática. Con la mirada puesta en el futuro, el medio proyecta seguir ampliando su alcance y consolidando su comunidad de oyentes, en una apuesta permanente por hacer las cosas cada vez mejor."|es
larevistacr|https://www.larevista.cr/encuesta-ucr-de-expectativas-empresariales-ii-trimestre-2026/|Encuesta UCR de Expectativas Empresariales II Trimestre 2026|2026-04-13|2026-05-16 12:45:52|Squid|"Las expectativas empresariales son optimistas, pero no hablan de un dinamismo robusto. La actividad agrícola en Costa Rica muestra fluctuaciones y es la menos optimista de cara al futuro, en relación con los otros cuatro sectores analizados. Foto: Archivo OCI.

La construcción lidera el optimismo en el Índice Global de Expectativas Empresariales, mientras que el sector agropecuario muestra la mayor incertidumbreEl Índice Global de Expectativas Empresariales se mantiene en niveles moderadamente positivos, el indicador se ubicó en 53,2 puntos durante el segundo trimestre del 2026, un valor que sigue siendo optimista al superar el umbral de 50 puntos, pero que sugiere un optimismo moderado, sin señales de un dinamismo particularmente robusto.

Sin embargo, los datos mostrados por el estudio que realiza el Instituto de Investigaciones en Ciencias Económicas (IICE) de la Universidad de Costa Rica (UCR) advierten que el dato es 2,7 puntos menor en comparación con el trimestre anterior y que, únicamente, el sector construcción muestra una mejora en el nivel de optimismo. En el resto de los cinco sectores analizados se observa un deterioro en las expectativas empresariales.

Las reducciones del optimismo en el sector agropecuario (-8 p. p.), en comercio (-4,5 p. p.), en manufactura (-3,8 p. p.) y en servicios (-2,7 p. p.) sugieren una moderación en el ritmo de mejora de las expectativas y refleja un entorno de mayor cautela.

Al respecto, la investigadora Mag. Gabriela González Zúñiga indica que “las expectativas empresariales no muestran un crecimiento particularmente fuerte. Aunque el índice global se mantiene en terreno positivo, predominan señales de desaceleración, como la tendencia a la baja en la mayoría de los sectores. Hay menores expectativas de ventas y producción y menor impulso en la contratación respecto al trimestre previo”.

La experta agrega que los cambios observados responden más a fluctuaciones propias del ciclo anual que a un fortalecimiento sostenido de la actividad económica.

Más empleo en construcción y manufacturaLas expectativas de empleo se proyectan estables con un ligero aumento en construcción y manufactura. En estos dos sectores, un 45 % y un 22 % de los empresarios consultados, respectivamente, afirman que piensan aumentar sus planillas.

En términos generales, del total de empresas encuestadas, el 71,6 % cree que mantendrá igual sus planillas, un 21,4 % dice que la aumentará y un 5,6 % que la reducirá. Son las pequeñas empresas las que concentran el mayor dinamismo, ya que un 49,8 % de ellas espera incrementar contrataciones. Por el contrario, las micro y las grandes empresas reportan expectativas más moderadas, pues piensan aumentar sus planillas en un 11,3 % y un 16 %, respectivamente.

Ventas y utilidadesEn cuanto a las ventas y la producción, la mayoría de las empresas prevé crecimiento o estabilidad, impulsado por estacionalidad, nuevos clientes, proyectos y diversificación de productos y servicios.

La mayoría de los empresarios (52 %) sí anticipa que sus utilidades se mantendrán estables o experimentarán un aumento. Quienes tienen las expectativas más optimistas son del sector comercio y servicios.

En el análisis de más largo alcance (del 2022 al 2026) destaca el sector construcción que alcanza picos cercanos a 80 puntos y un promedio anual de 47 puntos, lo cual refleja un optimismo sostenido. Los sectores de manufactura y comercio presentan niveles estables con promedios anuales de 40 y 42 puntos, mientras que el sector servicios tiene un comportamiento estable y un promedio de 33 puntos. El sector agropecuario es el único que muestra fluctuaciones marcadas, su promedio anual es de 35 puntos.

Por último, las expectativas sobre el tipo de cambio para el próximo trimestre muestran que la mayoría de las empresas prevén estabilidad (58,1 %), mientras que solo el 20 % espera un aumento y el 19,1 % anticipa una disminución.

El estudio se realizó entre el 16 de febrero y el 2 de marzo del 2026. Contó con la participación de 444 empresas seleccionadas en forma aleatoria dentro de cada sector bajo estudio.

El informe completo, con el detalle de los resultados, está disponible en la página http://iice.ucr.ac.cr/encuesta.

Gabriela Mayorga LópezEditora digital y periodista, Oficina de Comunicación Institucional"|es
larevistacr|https://www.larevista.cr/dos-decadas-de-vinculo-entre-lahr-y-alajuela-consolidan-alianzas/|Dos décadas de vínculo entre Lahr y Alajuela consolidan alianzas|2026-04-10|2026-05-16 12:45:52|BOLETIN|"Veinte años después de su inicio, la relación de hermanamiento entre la ciudad alemana de Lahr y el cantón de Alajuela se mantiene como una experiencia ejemplar de cooperación internacional basada en el contacto humano, la cultura compartida y el trabajo conjunto entre comunidades.

Este lazo, establecido en 2004, ha evolucionado más allá de un acuerdo institucional para convertirse en una dinámica viva de intercambio entre personas, organizaciones y autoridades locales. A lo largo del tiempo, ha permitido construir una relación sólida que integra dimensiones culturales, educativas, sociales e incluso económicas.

Lahr, ubicada en el estado de Baden-Württemberg, ha encontrado en Alajuela un socio con el que comparte valores como la cercanía comunitaria y el interés por el desarrollo conjunto. El impulso inicial de esta relación se dio gracias al liderazgo del entonces alcalde Wolfgang Müller, junto con autoridades alajuelenses y el respaldo diplomático de Costa Rica en Alemania.

Uno de los aspectos más destacados de este hermanamiento ha sido la participación directa de ciudadanos. Decenas de intercambios han permitido que personas de ambas ciudades convivan en hogares anfitriones, generando vínculos que trascienden idiomas y distancias. Esta forma de acercamiento ha fortalecido una conexión genuina entre las comunidades.

En el ámbito deportivo, uno de los momentos más recordados fue la preparación de la Selección Nacional de Costa Rica en Lahr antes del Mundial de Alemania 2006. A ello se sumó un partido amistoso cuya recaudación fue destinada a proyectos sociales en Alajuela, beneficiando especialmente a programas juveniles.

La cultura también ha sido un eje fundamental. Esculturas de artistas costarricenses forman parte del paisaje urbano de Lahr, mientras que el reconocido Festival de Crisantemos ha incorporado expresiones culturales provenientes de Costa Rica, incluyendo elementos tradicionales de Sarchí.

En momentos críticos, la relación ha demostrado su valor solidario. Tras el terremoto de Cinchona, la cooperación desde Lahr fue clave para apoyar procesos de reconstrucción, incluyendo mejoras en infraestructura esencial como sistemas de tratamiento de agua.

El vínculo ha crecido además en el plano institucional con la creación del Consulado Honorario de Costa Rica en Lahr, lo que ha fortalecido la presencia y articulación entre ambos territorios. Sin embargo, su impacto más profundo se refleja en las historias personales que han surgido: estudiantes que ampliaron sus horizontes y familias que nacieron a partir de estos encuentros.

Como parte de la conmemoración de estos veinte años, una delegación alemana visitará Alajuela en abril, coincidiendo con las celebraciones del Héroe Nacional Juan Santamaría. Este encuentro simboliza la continuidad de una relación que ha sabido mantenerse vigente y en constante renovación.

Hoy, bajo la conducción de los alcaldes Roberto Thompson en Alajuela y Markus Ibert en Lahr, el hermanamiento se proyecta hacia nuevas iniciativas. El compromiso de personas como Marlies Llombart y Shirley Petersen ha sido determinante para sostener este esfuerzo desde la base ciudadana.

A dos décadas de su creación, esta alianza confirma que la cooperación internacional más duradera es aquella que se construye desde las personas, donde la cultura, la solidaridad y el entendimiento mutuo se convierten en puentes reales entre sociedades."|es
larevistacr|https://www.larevista.cr/la-revista-respalda-mensaje-del-colegio-de-periodistas-sobre-etica-y-verificacion-informativa/|La Revista respalda mensaje del Colegio de Periodistas sobre ética y verificación informativa|2026-04-10|2026-05-16 12:45:52|BOLETIN|"La Revista respalda mensaje del Colegio de Periodistas sobre ética y verificación informativa

La Revista acoge en su totalidad el mensaje promovido por el Colegio de Periodistas de Costa Rica (Colper), que reafirma principios esenciales del ejercicio periodístico en tiempos de sobreinformación y desinformación.

“El verdadero periodismo se firma. El periodismo responsable se construye con verificación y ética.” Estas premisas, compartidas en el marco de una campaña institucional, recuerdan que no todo lo que circula puede considerarse noticia, y que el periodismo profesional se distingue por su rigor, su compromiso con la verdad y su responsabilidad frente a la ciudadanía.

La iniciativa, respaldada por voces como la de la periodista Carmen Picado, de Tv Sur Pérez Zeledón, busca ofrecer herramientas para que la población identifique contenidos informativos confiables y éticos, fortaleciendo así una cultura informativa basada en la veracidad.

Desde La Revista reiteramos nuestro compromiso con un periodismo independiente, serio y responsable, y nos sumamos a este llamado a valorar y defender la práctica profesional que sustenta la democracia."|es
larevistacr|https://www.larevista.cr/transiciones-sin-ruptura-lecciones-de-america-latina-para-la-hungria-post-orban/|Transiciones sin ruptura: lecciones de América Latina para la Hungría post-Orbán|2026-05-09|2026-05-16 12:45:52|BOLETIN|"Federico Finchelstein y Emmanuel Guerisoli/Latinoamérica21

El ganador de las recientes elecciones húngaras, Péter Magyar, calificó al gobierno derrotado de Viktor Orbán como una «organización criminal». Pero más allá de los delitos que se le pueda demostrar ¿podría el ex presidente ser condenado por atacar a la democracia y el estado de derecho? Este es un elemento clave en las transiciones democráticas y es el principal tema para el futuro de la democracia de Hungría. La historia demuestra que cuando los autoritarios no han sido castigados, en muchos casos han vuelto al poder y a atacar la democracia.

La historia de cómo América Latina ha abordado el legado de dictadores y aspirantes a dictadores, desde los juicios a las juntas militares argentinas en la década de 1980 hasta el reciente juicio a Jair Bolsonaro en Brasil, ofrece una lección histórica para la Hungría. Y quizás también para Estados Unidos tras la era Trump.

Las transiciones democráticas, si bien generan esperanza en gran parte de la población, también son procesos delicados, lentos y propensos a la frustración. La Hungría post-Orbán es y será todo eso. Las multitudes que bailaban frente al Parlamento húngaro tras la victoria de Magyar recordaban a las que bailaban sobre el Muro de Berlín en 1989, y en la Avenida 9 de Julio de Buenos Aires en 1983. Sin embargo, aquellos fueron casos de transiciones políticas de regímenes autoritarios a democráticos. La situación de Hungría es diferente y quizás estemos ante un nuevo tipo de proceso de democratización. No se trata del fin del autoritarismo, sino del fin de la «desliberalización» de la democracia.

Lo que definió al gobierno de Orbán como no democrático fue la promulgación, desde 2011, de profundas reformas constitucionales que afianzaron los valores conservadores, reforzaron el control político sobre el poder judicial, modificaron los procedimientos electorales, centralizaron el poder y socavaron los derechos humanos. La erosión del estado de derecho, la demolición del equilibrio de poderes, y la «colonización» de las instituciones cívicas, medios de comunicación y las agencias estatales independientes por Fidesz, transformaron a la Hungría de Orbán en un régimen político singular.

Diversos especialistas han definido este régimen como un Estado mafioso, una democracia híbrida, un aspirante a fascista, un autoritarismo legal o un régimen iliberal con rasgos autocráticos. Y es que Hungría ya no era una democracia, pero tampoco un régimen autoritario en toda regla.

Dicho esto, los desafíos de Peter Magyar no serán muy diferentes a los que enfrentaron Alfonsín en Argentina, Suárez en España, Walesa en Polonia o Frei en Chile. Transiciones a la democracia que pasaron por reformas constitucionales, leyes que consolidaron la superioridad de la autoridad civil, rehabilitaron partidos políticos y ampliaron los derechos civiles y políticos, sin llevar a cabo purgas masivas del aparato de seguridad, reformar todo el sistema judicial, y sin procesar a cuadros enteros del régimen anterior.

En el caso de Argentina, Raúl Alfonsín enfrentó varios levantamientos militares, y Adolfo Suárez tuvo que lidiar con un intento de golpe de Estado y terrorismo de extrema derecha. Por lo tanto, es probable que el nuevo gobierno enfrente cierta resistencia interna y sabotaje por parte de los leales a Orbán, especialmente si se impulsa el desmantelamiento de los obstáculos impuestos por el régimen anterior. Esto podría generar inestabilidad y relegitimar a Orbán.

De esta manera, podríamos estar presenciando un nuevo tipo de proceso de democratización, a partir de un régimen que se dedicó a desmantelar activamente el estado de derecho y las instituciones democráticas, pero que aún no había cruzado el umbral del autoritarismo total, como lo demuestra la reversión electoral.

Brasil y Estados Unidos atravesaron un camino similar recientemente, en 2022-23 y 2020-2021 respectivamente. Si bien en ambos casos no podemos hablar de “el régimen de Trump o de Bolsonaro”, es evidente que tenían la intención de subvertir la democracia, como lo demuestran sus respectivos intentos de golpe de estado. Al negar los resultados de las elecciones de 2020 y fomentar las mentiras sobre el fraude electoral, Trump redefinió la política populista, permitiendo e inspirando a otros líderes a negar la legitimidad electoral de sus oponentes. El intento de golpe de Trump del 6 de enero de 2021, alentó a otros, como Bolsonaro en Brasil.

Una diferencia clave es que Bolsonaro fue juzgado por sus crímenes contra la democracia brasileña y el 11 de septiembre de 2025 la Corte Suprema lo condenó a 27 años de prisión. Brasil sentó así un precedente para las democracias del mundo. En cambio, en el caso de Trump no se hizo justicia. Se le permitió lanzar su tercera campaña presidencial y regresar al poder.

Si Peter Magyar es sincero en su deseo de volver a la democracia, tendrá que afrontar importantes desafíos, sobre todo en lo que respecta al equilibrio entre justicia, estabilidad social y económica, y viabilidad a largo plazo. La historia nos enseña que el revanchismo por sí solo conduce a resultados antidemocráticos o tecnocráticos. El desafío reside en cómo integrar a algunos de los partidarios del líder autoritario en una forma de democracia más inclusiva e igualitaria.

Cada vez que cae un régimen antidemocrático, surge la pregunta clave de hasta qué punto, y durante cuánto tiempo, se hará justicia.

Federico Finchelstein es catedrático de Historia Contemporánea en la New School for Social Research de Nueva York. Es autor de libros como “Del fascismo al populismo” (2019), “Breve historia de las mentiras fascistas (2020), Mitologías fascistas (2022) y, más recientemente, “Aspirantes a fascistas: Manual para contrarrestar la amenaza más grave a la democracia” (2025).

Emmanuel Guerisoli es profesor e investigador en el Departamento de Estudios Internacionales de la Universidad Nacional de San Martín, en Buenos Aires. También es investigador en el Transregional Center for Democratic Studies en Nueva York. Próximamente publicará el libro “Fascism and State Terror: A Global History 1895-1945.”, Cambridge University Press."|es
larevistacr|https://www.larevista.cr/ian-buruma-jeffrey-epstein-y-los-peligros-del-antielitismo/|Ian Buruma: Jeffrey Epstein y los peligros del antielitismo|2026-05-09|2026-05-16 12:45:52|BOLETIN|"Los archivos del delincuente sexual condenado Jeffrey Epstein han arrojado luz sobre posibles conductas indebidas de élites poderosas, lo cual debería investigarse. Sin embargo, la avalancha diaria de alegaciones, acusaciones y rumores difamatorios corre el riesgo de desencadenar un pánico moral que podría intensificar los llamados a un liderazgo autoritario.

NUEVA YORK – Las revelaciones de los archivos del delincuente sexual convicto y prolífico usuario de redes sociales Jeffrey Epstein siguen saliendo a la luz, gota a gota. Con cada historia de políticos, banqueros, multimillonarios, periodistas, académicos y miembros de la realeza con buenos contactos que socializaban con Epstein para recaudar fondos, recibir consejos sobre la bolsa, participar en actos sexuales delictivos, intercambiar chismes o, a veces, simplemente relacionarse con otras personas famosas, la ira pública contra las élites mundiales se intensifica. Por supuesto, hay muchos motivos para indignarse. El tráfico de niñas menores de edad con fines sexuales es un delito atroz, y la disposición de tantas personas poderosas a pasar por alto o tolerar el comportamiento depredador de Epstein es vergonzosa. Pero nuestra obsesión colectiva con el accionar perverso de Epstein corre el riesgo de desencadenar un pánico moral. El odio hacia las élites puede manipularse fácilmente con fines indeseables, y con consecuencias desastrosas y de gran alcance. Y la dosis diaria de acusaciones, denuncias y chismes difamatorios en torno a los archivos de Epstein es una gran distracción de las crisis políticas que socavan la democracia estadounidense. El precedente histórico más cercano al caso Epstein fue más provinciano, pero no menos tóxico. En 1934, un estafador llamado Alexandre Stavisky perpetró una gigantesca estafa financiera en Francia. Stavisky ganó millones vendiendo bonos que resultaron inservibles. Una de las razones por las que Stavisky se salió con la suya con sus prácticas fraudulentas fue que conocía a las personas adecuadas en los lugares adecuados. Al igual que Epstein, cultivó relaciones amistosas con políticos, banqueros y otras figuras poderosas. Al igual que Epstein, cuando finalmente fue arrestado, supuestamente se suicidó. Muchos sospecharon que se trató de una jugada sucia. Y, al igual que Epstein, Stavisky también era judío. La ira popular contra las élites francesas de la década de 1930 fue rápidamente explotada por grupos fascistas y antisemitas como Acción Francesa y Cruz de Fuego para derrocar a la Tercera República democrática. La derecha antiliberal revivió un viejo prejuicio vil sobre los judíos depravados que destruían la moral pública infiltrándose en el sistema. Se produjeron manifestaciones violentas frente a la Cámara de Diputados. Dos primeros ministros liberales se vieron obligados a dimitir. Se exigió la sustitución de la república por un hombre fuerte. Eso no sucedió hasta que la Alemania nazi invadió Francia en 1940 y el mariscal Philippe Pétain se hizo cargo del gobierno títere de Vichy. Pero la respuesta al caso Stavisky fue típica del estado de ánimo generalizado en Europa en aquella época, cuando la desconfianza y, a veces, el odio hacia las élites establecidas, a menudo acusadas de estar influenciadas por intereses judíos nefastos, allanaron el camino al fascismo. Hoy en día vivimos en un entorno igualmente febril. El presidente estadounidense, Donald Trump, y los líderes europeos de extrema derecha se están subiendo a la ola del sentimiento antielitista, que a menudo es también profundamente antiliberal. Hoy en día no hace falta mucho para avivar la hostilidad popular hacia la prensa, las universidades, los financieros o los políticos. Dado que la mayoría de las personas del círculo social de Epstein procedían de esos mundos, y muchas de ellas también eran judías, es probable que el sentimiento antielitista se oscurezca aún más. Algunas personas podrían argumentar que las élites implicadas en los archivos de Epstein traicionaron la confianza pública y han dado por sentados sus privilegios durante demasiado tiempo. Pero esta respuesta fácilmente puede llegar demasiado lejos: la red social de Epstein, aunque amplia, no era en absoluto representativa de toda la élite de Estados Unidos, ni de ningún otro lugar. Y las instituciones de una democracia liberal dependen de las élites para funcionar. El pueblo no gobierna directamente; los representantes electos defienden los intereses de sus electores. Otros pilares de la democracia también dependen de las élites. El periodismo independiente requiere reporteros y editores experimentados. Sin una base sólida de experiencia y conocimientos -las dos cualidades esenciales de cualquier élite-, las universidades, los bancos, los hospitales y las instituciones artísticas se derrumbarían. Por supuesto, la confianza hay que ganársela. Las personas poderosas deben rendir cuentas. Dado que las tentaciones que conlleva el poder pueden ser difíciles de resistir, siempre habrá transgresiones, y quienes ocupan puestos importantes suelen ser expertos en ocultar sus fechorías y las de sus amigos. Pero eso no es motivo para denunciar a todas las élites en principio. La desconfianza hacia las élites se debe, en parte, a la tecnología. ¿Quién necesita editores si cualquiera puede expresar sus opiniones en línea? ¿Por qué hay que confiar en los médicos si se pueden buscar los síntomas en Google? Y el trabajo altamente especializado de los académicos se ha distanciado tanto de la vida de la mayoría de los ciudadanos que cada vez menos personas ven la necesidad de las universidades. Pero cuando los demagogos avivan deliberadamente la desconfianza en la experiencia, la educación superior y la representación política en un intento por hacerse con el poder, la democracia liberal se ve seriamente amenazada. Los delitos sexuales atroces contra mujeres jóvenes que están en el centro del caso Epstein corren el riesgo de quedar eclipsados por teorías conspirativas que agravan esa amenaza. No hay que buscar mucho en X u otras plataformas de redes sociales para encontrar el pozo negro de antisemitismo que se ha acumulado en torno a los archivos de Epstein. Si esto desata un clamor popular en favor de un hombre fuerte que acabe con la corrupción del gobierno de élite -un deseo expresado ya en la antigua Roma-, el resultado probablemente sería un desastre político. Trump se postuló a la presidencia con la promesa de “drenar el pantano”. Que este mismo hombre fuera amigo íntimo de Epstein durante muchos años es una de las ironías más sombrías de la historia.

Copyright: Project Syndicate, 2026.www.project-syndicate.org

Ian Buruma is the author of numerous books, including Murder in Amsterdam: The Death of Theo Van Gogh and the Limits of Tolerance, Year Zero: A History of 1945, A Tokyo Romance: A Memoir, The Churchill Complex: The Curse of Being Special, From Winston and FDR to Trump and Brexit, The Collaborators: Three Stories of Deception and Survival in World War II, and, most recently, Spinoza: Freedom’s Messiah (Yale University Press, 2024)."|es
larevistacr|https://www.larevista.cr/la-deriva-autoritaria-de-ecuador/|La deriva autoritaria de Ecuador|2026-05-09|2026-05-16 12:45:52|BOLETIN|"Matías Abad/Latinoamérica21

El gobierno de Daniel Noboa, presidente de Ecuador, muestra signos cada vez más consistentes de una deriva autoritaria. De forma progresiva, el Ejecutivo concentra cada vez más poder, los contrapesos se debilitan y las reglas de la competencia política comienzan a reconfigurarse desde el propio oficialismo.

Concentración progresiva del poder institucional

En la Asamblea Nacional, el oficialismo ha logrado construir una mayoría funcional mediante la incorporación de legisladores de fuerzas minoritarias. Esta dinámica no solo ha facilitado la aprobación de las iniciativas gubernamentales, sino que debilita el rol del Legislativo como poder independiente y contrapeso efectivo.

A ello se suma la incidencia sobre otras instancias clave. El Consejo de Participación Ciudadana y Control Social (CPCCS), encargado de la designación de autoridades, ha mostrado un comportamiento funcional a la lógica del poder político, mientras que la Fiscalía y la Contraloría proyectan, en determinados casos, una actuación selectiva que alimenta percepciones de alineamiento.

En paralelo, las tensiones con la Corte Constitucional —incluidos varios episodios de confrontación pública promovidos desde el propio Ejecutivo— reflejan una disputa por los límites del control institucional.

Finalmente, algunas decisiones del Consejo Nacional Electoral, como el adelantamiento de las elecciones seccionales, terminan de configurar un escenario en el que las reglas del juego político dejan de ser un marco estable y pasan a formar parte de la disputa.

Reconfiguración del ecosistema mediático y presión sobre la prensa

La relación con la prensa tampoco ha estado al margen de este proceso. Se observa una progresiva reconfiguración del ecosistema informativo, en el que conviven medios tradicionales bajo presión, nuevos actores digitales afines al oficialismo y estrategias de comunicación orientadas a posicionar la narrativa gubernamental. El resultado es una reducción del pluralismo informativo.

Las denuncias de presiones e intervenciones a medios críticos —como el caso de diario Expreso de Guayaquil— ilustran esta tendencia. Más que un mecanismo directo de censura, lo que emerge es un esquema más sofisticado en el que la combinación de acoso institucional e incentivos económicos configura un entorno menos propicio para el periodismo independiente. La crítica, en este contexto, comienza a ser tratada como un elemento a gestionar.

Excepcionalidad como herramienta de gobierno

Otro rasgo relevante es el uso reiterado de los estados de excepción. Lo que en principio debería ser un instrumento extraordinario tiende a convertirse en un mecanismo habitual de gestión, lo que amplía las facultades del Ejecutivo y reduce el control político efectivo sobre sus decisiones.

Esta tendencia no es neutra. La aplicación sostenida de medidas restrictivas en contextos de conflictividad ha derivado en episodios que han generado alarma pública, como el caso de los cuatro niños de Las Malvinas, en el que la justicia determinó la responsabilidad de militares en una desaparición forzada. Más que un hecho aislado, este caso evidencia los riesgos de prolongar lógicas diseñadas para situaciones límite. Cuando lo excepcional deja de ser transitorio, el equilibrio entre seguridad y derechos comienza a desplazarse de forma sostenida.Tensiones y redefinición de las reglas democráticasEn un plano más amplio, desde el inicio del gobierno se han observado decisiones que tensionan normas básicas del orden democrático. La incursión policial en la embajada de México, por ejemplo, transgredió principios de inviolabilidad diplomática y marcó un precedente de alto impacto en la política exterior y en la percepción internacional del país.

Asimismo, la decisión de no encargar el poder a la vicepresidenta durante la última campaña electoral introduce interrogantes sobre el respeto a las reglas de competencia y a la institucionalidad prevista para estos escenarios.

Estas acciones no implican necesariamente la anulación formal de las normas, pero sí modifican su aplicación. La interpretación de la legalidad se vuelve cada vez más flexible en función de objetivos políticos.

Polarización como herramienta de estructuración política

El gobierno busca ordenar el sistema político entorno a antagonismos definidos. El eje de confrontación se plantea, de forma recurrente, en términos de oficialismo frente al correísmo, corriente asociada al expresidente Rafael Correa.

Este clivaje simplifica el debate y encuadra la competencia en una lógica binaria que, en determinados casos, facilita la legitimación de decisiones controvertidas. Al mismo tiempo, reduce el espacio electoral a dos polos, limita la emergencia de alternativas intermedias y dificulta la construcción de consensos.

Nuevos actores, antiguos métodos

Las democracias contemporáneas rara vez colapsan de forma abrupta; más bien tienden a transformarse gradualmente a partir de decisiones acumulativas. Ecuador ya atravesó un proceso similar durante la década de gobierno de Rafael Correa, en la que la concentración de poder y la presión sobre la oposición se consolidaron de manera progresiva.

El contexto actual no es idéntico, pero presenta paralelismos en los métodos: centralización, reconfiguración de reglas y reducción de espacios de control. Cuando estos procesos se normalizan —independientemente de quién gobierne—, el riesgo no es solo el desgaste institucional, sino la redefinición de los límites de lo democrático.

Ecuador no enfrenta una ruptura visible del orden democrático, sino una transformación gradual que, de no ser advertida, puede terminar por redefinir de forma duradera las reglas del sistema político."|es
larevistacr|https://www.larevista.cr/prosperidad-en-america-latina-una-region-fragmentada/|Prosperidad en América Latina: una región fragmentada|2026-05-09|2026-05-16 12:45:52|BOLETIN|"José Caballero/Latinoamérica21

América Latina y el Caribe (ALC) ha logrado avances significativos en las últimas décadas en educación, salud, gobernanza democrática y reducción de la pobreza. Sin embargo, la región sigue estancada. No porque no haya progreso, sino porque los avances en algunas áreas no se conectan sistemáticamente con los de otras. El resultado es una región donde los logros parciales rara vez se traducen en mejoras sostenidas en el nivel de vida.

Progreso sin rumbo

Un pequeño número de países, entre ellos Chile, Costa Rica y Uruguay, combinan instituciones eficaces, amplio acceso a los servicios públicos y entornos empresariales relativamente sólidos. Demuestran que es posible alcanzar una mayor prosperidad dentro de las limitaciones de la región.

Pero son la excepción. La mayoría de los países de la región han avanzado en algunos frentes mientras se estancan en otros. Un país puede fortalecer sus instituciones mientras su sector empresarial sigue siendo improductivo. Otro puede crecer económicamente mientras la desigualdad se agudiza. Otros pueden aumentar la matrícula escolar mientras la calidad de la educación sigue siendo deficiente. Existen avances, pero no se conectan entre sí.

Un grupo reducido de países enfrenta simultáneamente limitaciones en múltiples dimensiones. En estos casos, mejoras aisladas, como un año de mayor crecimiento y una nueva ley anticorrupción, no alteran el panorama general. Las debilidades en otras áreas permanecen demasiado arraigadas.

Crecimiento que no transforma

América Latina y el Caribe ha experimentado períodos de auténtica expansión económica. El auge de las materias primas en la década de 2000 sacó a millones de personas de la pobreza y expandió la clase media. Sin embargo, cuando los precios mundiales cayeron, gran parte de ese progreso demostró ser frágil. La región ha crecido más lentamente que la mayor parte del mundo en desarrollo durante más de una década. Las proyecciones actuales sitúan el crecimiento anual promedio en torno al 2%, demasiado bajo para cerrar la brecha con las economías más avanzadas o para generar la inversión necesaria para mejores servicios públicos.

El problema de fondo radica en qué impulsa ese crecimiento. Gran parte de la región depende en gran medida de la exportación de materias primas, como petróleo, minerales y productos agrícolas. Esto la hace vulnerable a las fluctuaciones de los precios mundiales. También limita el tipo de transformación productiva que genera mejores empleos y un mayor nivel de vida a largo plazo. Las empresas de la región invierten menos del 0,5 % de su PIB en investigación y desarrollo, muy por debajo de los niveles de Asia Oriental o de las economías avanzadas. La innovación sigue concentrada en un pequeño número de grandes empresas. La mayoría de las empresas, en particular las más pequeñas, operan con tecnología limitada, acceso restringido a la financiación y escasa conexión con los mercados globales.

Democracia sin resultados concretos

La región es formalmente una de las más democráticas del mundo. Se celebran elecciones periódicamente y existen instituciones formales en casi todos los países. Sin embargo, lo que varía enormemente es si estas instituciones cumplen con su cometido en la práctica.

En gran parte de la región, el estado de derecho se aplica de forma inconsistente. La mayoría de los países de América Latina y el Caribe obtienen puntuaciones inferiores a las previstas por su nivel de ingresos en los indicadores relevantes. La corrupción sigue estando muy extendida. Los sistemas judiciales son lentos y con frecuencia están politizados. En varios países, la situación ha empeorado desde 2016.

Estas deficiencias tienen consecuencias económicas directas. Cuando los contratos no se cumplen de forma fiable, cuando las regulaciones se aplican arbitrariamente o cuando la inversión pública se desvía a través de redes corruptas, se debilita el incentivo para invertir, contratar e innovar. Las deficiencias en la gobernanza limitan silenciosamente las condiciones económicas que requiere la prosperidad.

Una preocupación particular es la creciente concentración del poder ejecutivo en varios países. Las elecciones democráticas coexisten con instituciones de supervisión debilitadas, poderes judiciales presionados y administraciones públicas politizadas. La disminución de la confianza en los partidos políticos es una tendencia regional. El apoyo a los candidatos que prometen seguridad y orden por encima de la moderación institucional ha aumentado en los últimos ciclos electorales.

Una distribución desigual del progreso

Desde la década de 1990, la región ha ampliado significativamente el acceso a la educación y la salud. La pobreza extrema ha disminuido y la esperanza de vida ha aumentado. Estos son logros genuinos.

Sin embargo, América Latina y el Caribe sigue siendo la región más desigual del mundo. El 10% más rico acapara más de un tercio del ingreso total, mientras que el 10% más pobre recibe menos del 2%. Esta brecha condiciona el funcionamiento de las economías, limita la demanda interna, restringe la movilidad social y reduce la productividad de la fuerza laboral.

La educación ilustra claramente este problema. A pesar de una matriculación casi universal en la educación primaria, los resultados del aprendizaje se mantienen muy por debajo de lo que cabría esperar según los niveles de ingresos. Los estudiantes de América Latina y el Caribe obtienen sistemáticamente algunas de las puntuaciones más bajas a nivel mundial en las evaluaciones de matemáticas y lectura. Los estudiantes de hogares de bajos ingresos enfrentan las mayores brechas, con consecuencias para la productividad y las oportunidades que se agravan con el tiempo.

El acceso digital añade otra capa de exclusión. Alrededor de tres cuartas partes de la población utiliza internet, pero la conectividad sigue siendo limitada en las zonas rurales y entre los hogares de bajos ingresos. La participación digital desigual refuerza las disparidades sociales y económicas más amplias.

Cuando el progreso no se acumula

Los avances de América Latina y el Caribe han sido reales, pero desconectados. Instituciones más sólidas no siempre han generado empresas más productivas. El crecimiento económico no se ha traducido consistentemente en inclusión social. Las mejoras en los sistemas educativos han ampliado el acceso, pero no han mejorado la calidad de manera consistente.

La región cuenta con importantes activos, como recursos naturales, una población joven en muchos países, una infraestructura digital en expansión y centros de excelencia en negocios, ciencia y administración pública. Convertir estos activos en prosperidad generalizada requiere que el progreso en las dimensiones económica, institucional y social avance de forma conjunta. En gran parte de la región, esto aún no ha sucedido.

*Este artículo se basa en los hallazgos del Informe de Prosperidad de América Latina y el Caribe 2026 del Centro de Competitividad Mundial del IMD."|es
larevistacr|https://www.larevista.cr/michael-spence-los-numerosos-cuellos-de-botella-de-la-economia-global/|Michael Spence: Los numerosos cuellos de botella de la economía global|2026-05-02|2026-05-16 12:45:52|BOLETIN|"En una red altamente descentralizada y competitiva, los inversionistas tienen incentivos para optimizar la eficiencia más que la resiliencia. Esta dinámica ha dado lugar a una economía global muy frágil, debido a puntos únicos de falla que van mucho más allá de cuellos de botella geográficos como el Estrecho de Ormuz.

MILÁN – El cierre efectivo por parte de Irán del estrecho de Ormuz, por donde pasa aproximadamente una quinta parte del petróleo mundial y una cuarta parte de los fertilizantes, ha puesto de relieve una vulnerabilidad bien conocida de nuestra compleja economía global interconectada: un único punto de falla puede provocar alteraciones masivas y costosas. Sin embargo, estos puntos de falla vienen proliferando desde hace décadas. El comercio global fluye a través de otros pasos críticos, que también podrían convertirse en cuellos de botella disruptivos. El estrecho de Malaca, entre Malasia y la isla indonesia de Sumatra -una de las dos únicas rutas marítimas que unen el océano Índico con el Pacífico-, recibe mucha atención en las simulaciones de guerra. Cuando el Canal de Suez quedó bloqueado durante seis días por un enorme buque portacontenedores, el Ever Given, en 2021, la interrupción repercutió en las cadenas de suministro durante meses. El Canal de Panamá plantea riesgos similares. La excesiva concentración del mercado genera vulnerabilidades similares. El dominio de unos pocos fabricantes japoneses de microcontroladores y sensores de flujo de aire para motores -componentes pequeños pero esenciales en la fabricación de automóviles- hizo que, cuando un terremoto y un tsunami de gran magnitud azotaron Japón en 2011, la industria automotriz global se contrajera drásticamente. Estas vulnerabilidades son algo más fáciles de abordar que las inherentes a la geografía, como el estrecho de Ormuz. Desde 2011, los fabricantes de automóviles han diversificado sus proveedores, han acumulado reservas estratégicas y han creado sistemas de datos a gran escala que mejoran la transparencia en las cadenas de suministro complejas, lo que facilita la identificación de riesgos ocultos derivados de la dependencia de un único proveedor. Ahora bien, la diversificación conlleva desventajas, como probablemente aprenderá el sector de los semiconductores avanzados. Una sola empresa holandesa, ASML, produce todos los equipos de litografía ultravioleta extrema necesarios para fabricar los semiconductores más avanzados, y solo dos empresas, la taiwanesa TSMC y la surcoreana Samsung, tienen la capacidad de producir semiconductores de 2 nanómetros. Dadas las evidentes vulnerabilidades que esto genera, hoy los gobiernos están promoviendo la diversificación. Estados Unidos y la Unión Europea han introducido incentivos para que TSMC y Samsung diversifiquen geográficamente su producción, y el gobierno estadounidense respalda el desarrollo de las capacidades de semiconductores avanzados de Intel. Mientras tanto, China está realizando fuertes inversiones para reducir su dependencia de fuentes externas en el diseño y la fabricación de semiconductores. Pero, si bien este enfoque podría aumentar la resiliencia, el sector no puede permitirse una menor eficiencia. Los semiconductores más avanzados son cruciales no solo para entrenar modelos de IA generativa, sino también para impulsar aplicaciones de IA física (como la robótica y los vehículos autónomos), que requieren baja latencia, alta eficiencia térmica, bajo consumo de energía y baterías de larga duración. No está claro que las cadenas de suministro diversificadas que se están construyendo actualmente puedan satisfacer la demanda. Las tierras raras representan otra vulnerabilidad importante en las cadenas de suministro tecnológicas. Una amplia gama de productos críticos y estratégicos -entre los que se incluyen los vehículos eléctricos, la electrónica de consumo, las tecnologías médicas y las tecnologías militares avanzadas- dependen de estos componentes esenciales; sin embargo, China controla por sí sola alrededor del 60% de la extracción global de tierras raras y más del 90% de su procesamiento. Los puntos de falla también caracterizan al sector financiero. El sistema de mensajería interbancaria SWIFT para transacciones transfronterizas, controlado por Estados Unidos, es un ejemplo evidente. A nivel económico, la dependencia excesiva de una sola fuente para cualquier cosa -desde la energía hasta la demanda- puede generar un punto de falla, como aprendió Europa tras la invasión a gran escala de Ucrania por parte de Rusia en 2022. Esto es cierto no solo por el riesgo de un accidente o una crisis, sino también porque la dependencia excesiva permite la extorsión u otras formas de presión, como lo demuestran los controles de exportación de tierras raras de China, la aplicación de sanciones por parte de Estados Unidos a través del sistema SWIFT y el uso de aranceles por parte del presidente estadounidense, Donald Trump. La proliferación de puntos de falla tiene que ver con el diseño y los incentivos de la economía global. En una red altamente descentralizada y competitiva, los inversores están más motivados a optimizar la eficiencia (cuyos beneficios son apropiables, lo que significa que recaen en gran medida en el inversor) que la resiliencia (cuyos beneficios se distribuyen por toda la red). Cuando hay muchos inversores, ninguno tiene un incentivo para internalizar los costos de equilibrar la eficiencia y la resiliencia. Las redes con una mayor concentración de la propiedad son más propensas a optimizar la resiliencia. Tres empresas (Alcatel Submarine Networks, SubCom y NEC) suministran y mantienen el 87% de la vasta red global de cables de fibra óptica submarinos, que transportan más del 95% del tráfico internacional de datos, incluidos pagos y otras transacciones financieras. Estos “arquitectos” tienen un poderoso incentivo para incorporar resiliencia al sistema, por ejemplo, aumentando el número de cables, distribuyendo los puntos de conexión, garantizando una amplia dispersión, implementando diseños en bucle, utilizando protocolos de Internet para un redireccionamiento fluido en caso de bloqueos e incluyendo capacidad de reserva. Al fin y al cabo, la resiliencia forma parte del paquete que venden. Lo mismo ocurre en el sector automotriz, donde grandes empresas como Toyota controlan una parte suficientemente grande de la cadena de suministro como para beneficiarse de la optimización tanto en costos como en resiliencia. En el caso de Internet, fue el gobierno de Estados Unidos el que actuó como arquitecto principal, garantizando, por ejemplo, que los protocolos integrados redirigieran automáticamente el tráfico para sortear los bloqueos. De hecho, las grandes economías nacionales son actores importantes porque, en cierta medida, internalizan y agregan los beneficios de la resiliencia en una amplia gama de pequeñas empresas del sector privado. Cuando los mercados no ofrecen suficiente resiliencia, los países se convierten en actores importantes a la hora de proporcionarla. Para ello, disponen de varias opciones. Pueden actuar por cuenta propia, por ejemplo, “relocalizando” la producción de bienes críticos como los semiconductores. Pueden aumentar la cooperación internacional, por ejemplo, formando una coalición para maximizar el abastecimiento alternativo de tierras raras. O pueden combinar ambas estrategias. En términos generales, la cooperación es menos costosa que la relocalización, más eficaz en principio y, en ciertos casos, esencial, pero mucho más difícil de lograr. Sea cual sea el enfoque que elijan los países, eliminar o mitigar los puntos de falla será costoso. Pero, en un momento de creciente fragmentación y deterioro de la cooperación, es un costo que tendrán que asumir.

Copyright: Project Syndicate, 2026.www.project-syndicate.org

Michael Spence, a Nobel laureate in economics, is Professor Emeritus of Economics and a former dean of the Graduate School of Business at Stanford University. He is Senior Fellow at the Hoover Institution, Senior Adviser to General Atlantic, and Chairman of the firm’s Global Growth Institute. He is Chair of the Advisory Board of the Asia Global Institute and serves on the Academic Committee at Luohan Academy. He is a former chair of the Commission on Growth and Development and a co-author (with Mohamed A. El-Erian, Gordon Brown, and Reid Lidow) of Permacrisis: A Plan to Fix a Fractured World (Simon & Schuster, 2023)."|es
larevistacr|https://www.larevista.cr/presidentes-semi-dioses-y-teologias-de-segunda/|Presidentes, semi-dioses y teologías de segunda|2026-05-02|2026-05-16 12:45:52|BOLETIN|"Isaac Nahón Serfaty/Latinoamérica21

No hay duda que para ser presidente de un país se debe tener una buena dosis de egocentrismo. Por lo menos, se debe creer que uno tiene la fórmula para arreglar los problemas de su país, e incluso del mundo. Hay, sin embargo, casos patológicos de narcisismo entre presidentes poderosos. Y esto hace que estos personajes tan singulares rompan con el protocolo, con las normas escritas y no escritas, y, hoy en día, gracias a las tecnologías digitales y la IA, proyecten su imagen públicamente con elementos espirituales y cuasi-teológicos.

Viene a la cabeza el presidente Donald Trump y su reciente controversia con el Papa León XIV. El jefe de la Iglesia católica ha abogado por la paz, como se podría esperar. Trump lo ha tomado como una crítica a su política hacia Irán. El vice-Presidente JD Vance se ha metido en la melé para decirle al Papa que sea “más cuidadoso a la hora de hablar de teología”. Y para más inri, Trump había decidido publicar una estampita en su red digital donde aparece vestido con una túnica crística curando a un hombre convaleciente con el “poder” de una lucecita que sale de su mano, en una escena celestial-apocalíptica. El presidente de Estados Unidos tuvo que borrar la controversial estampita. Después difundió otra imagen en la que se le ve al lado de un Jesús que lo abraza.

En Latinoamérica los presidentes endiosados tienen antecedentes. Aunque no fue presidenta de Argentina, Eva Perón, la Santa Evita a la que el periodista Tomás Eloy Martínez le dedicó una excelente novela, vivió su pasión y muerte a la vista de los fanáticos de la “Señora” como la llamaban. Evita fue, a su manera, un producto de la cultura popular. Actriz de radio-novelas, entendía muy bien la importancia de los medios de comunicación en la política. Como lo escribiera Jorge Luis Borges, la presidencia de Juan Domingo Perón y Evita (fueron un duo político-mítico) estuvo marcada por

“[…] años de oprobio y bobería, los métodos de la propaganda comercial y de la litérature pour concierges fueron aplicados al gobierno de la república. Hubo así dos historias: una, de índole criminal, hecha de cárceles, torturas, prostituciones, robos, muertes e incendios; otra, de carácter escénico, hecha de necedades y fábulas para consumo de patanes […]”

Otro ejemplo más reciente es el de Hugo Chávez en Venezuela. Asumió en varias ocasiones papeles de demiurgo. La más destaca de esas ocasiones fue la apertura del sarcófago de Simón Bolívar el 16 de julio de 2010. La transmitió Urbi et Orbi por televisión, un evento entre lo grotesco y lo ritual, en el que Chávez pretendía asumir el papel de nuevo Libertador mostrándole al mundo el esquelético cadáver del héroe patriótico, a quien el presidente había bajado simbólicamente de los altares para rebajarlo al pozo de la muerte.

El otro momento fue cuando Chávez asumió el papel de sacerdote católico en una cuasi homilía que dio, entre llantos (imploraba por la sanación del cáncer que lo mató) y chistes (recordó el noviazgo de sus padres), en una misa de Jueves Santo el 5 de abril de 2012 en Sabaneta de Barinas (su lugar natal). Transmitida por televisión, la improvisada alocución de Chávez lo mostró muchas veces delante de un Nazareno cargando la cruz. De nuevo, el presidente-comandante buscaba confundirse con una figura religiosa (en esa ocasión con la más importante figura religiosa en una Venezuela mayoritariamente católica).

Revoltillo entre política y religión

La convergencia entre política y religión marca hoy en día varios de los conflictos mundiales. Los ayatolás de Irán basan su ideología en un chiismo escatológico fundamentado en la idea de que habría un decimosegundo y último mahdi (equivalente a un mesías) que estaría oculto. Para que el mahdi se revele, piensan los religiosos iraníes, habría que acelerar el Fin de los Tiempos, desatando una guerra de proporciones apocalípticas contra lo que los dirigentes iraníes llaman el Gran Satán (EEUU) y el Pequeño Satán (Israel).

En Israel algunas de las facciones del actual gobierno encabezado por Benjamín Netanyahu, se inspiran en un mesianismo nacionalista con el ojo puesto también en la redención final. Es el caso del controvertido ministro de seguridad nacional, Itamar Ben-Gvir (partido Otzma Yehudit, “Poder Judío”) y del también polémico ministro de finanzas, Bezalel Smotrich (Partido Religioso Sionista), quienes proponen una ideología de aspiraciones maximalistas según el cual Israel debería ejercer la soberanía sobre todo el territorio desde el río Jordán hasta el mar Mediterráneo.

En la India el partido gobernante del primer ministro Narendra Modi, el llamado Partido Popular Indio, combina nacionalismo con hinduismo. Su programa reivindica los valores socio-religiosos del hinduismo, mantiene posiciones problemáticas sobre la minoría musulmana de la India (alrededor del 14% de la población), y sostiene posturas beligerantes contra su vecino de mayoría islámica, Pakistán.

Parece que el advenimiento de la modernidad no ha asegurado claramente la separación entre “iglesia y estado”. El principio republicano derivado de las revoluciones del siglo XVIII de una división de los poderes terrenales y celestiales ha sido puesto a prueba varias veces en el siglo XXI. Después de los ataques terroristas del 11 de septiembre de 2001 se ha invocado la cruzada contra los enemigos de Estados Unidos y Occidente (como lo hiciera el presidente George Bush), ha resurgido la tesis de Huntington sobre el choque de civilizaciones, y los populistas de derecha y de izquierda han jugado a conveniencia con una teología de segunda mano para justificar sus acciones bélicas o revolucionarias.

Ya en 1978, en los prolegómenos de la revolución islámica en Irán, el intelectual francés Michel Foucault había observado con entusiasmo la “espiritualización de la política”. Un ateo como él, anti-disciplinario y anti-poder, vio en la islamización de Irán bajo el liderazgo del Ayatolá Jomeini, una mezcla explosiva que cambiaría para siempre las relaciones de poder en el Medio Oriente y en el mundo islámico en general. No le faltó razón a Foucault. Sin embargo, la explosiva mezcla entre religión y política no asegura paz ni estabilidad. Los resultados están a la vista."|es
larevistacr|https://www.larevista.cr/el-eje-del-sur-como-america-latina-y-africa-podrian-redefinir-el-comercio-global/|El eje del Sur: cómo América Latina y África podrían redefinir el comercio global|2026-05-02|2026-05-16 12:45:52|BOLETIN|"Danilo Desiderio/Latinoamérica21

En Yaundé, Camerún, lejos del foco oficial de la 14.ª Conferencia Ministerial de la Organización Mundial del Comercio (MC14), comenzó a tomar forma silenciosamente una realineación sutil pero transformadora. África y América Latina, consideradas durante mucho tiempo actores periféricos en la economía global, están emergiendo como motores capaces de reconfigurar los patrones comerciales durante las próximas décadas.

Esto no es mera retórica. Los debates en la MC14 reflejaron un reconocimiento creciente de que el Sur Global ya no es un observador pasivo del comercio internacional. África y la región de América Latina y el Caribe se están afirmando cada vez más como fuerzas dinámicas que influyen en la producción, la inversión y los flujos comerciales. Las sinergias económicas, las afinidades culturales y las lógicas empresariales compartidas de sus comunidades de negocios revelan un vasto reservorio de oportunidades preparado para transformar el panorama económico global.

Según la OMC, el comercio Sur-Sur ha crecido desde aproximadamente el 10% del comercio mundial a mediados de los años noventa hasta alrededor del 25% en la actualidad. Con cerca de 90 países, más de 2 mil millones de personas y más de 10 billones de dólares en PIB combinado, África, América Latina y el Caribe tienen el potencial de pasar de ser puestos periféricos a convertirse en centros clave que configuren el comercio global.

Sin embargo, el comercio entre estas dos regiones sigue siendo mínimo. Las exportaciones de los 33 miembros de la Comunidad de Estados Latinoamericanos y Caribeños (CELAC) hacia África representan apenas el 0,3% del comercio mundial, mientras que los flujos en sentido contrario son aún menores. Los envíos latinoamericanos consisten principalmente en productos agroalimentarios procesados y bienes manufacturados ligeros —dominados por Brasil—, mientras que las exportaciones africanas son principalmente materias primas y productos agrícolas con escaso procesamiento. Este desequilibrio pone de relieve la oportunidad de construir relaciones comerciales más diversificadas y mutuamente beneficiosas.

El impulso político está en aumento. Varios países latinoamericanos están profundizando sus vínculos con socios africanos, mientras se multiplican las iniciativas destinadas a fortalecer la conectividad interregional. Nuevas rutas marítimas —como el acuerdo de transporte marítimo firmado por los ministros de Relaciones Exteriores de Ghana y Colombia— señalan un esfuerzo decidido por acercar ambas regiones a través del comercio.

Mi investigación, Conectando los Sures: Identificación de sectores estratégicos para el comercio, la cooperación industrial y las cadenas de valor entre África y América Latina, realizada conjuntamente con Sebastian Galindo Cantor de la Cámara de Comercio Latino-África, identifica oportunidades de colaboración entre comunidades empresariales, inversores y actores industriales en ambas regiones. También aborda un punto ciego crítico en los análisis convencionales del comercio entre África y América Latina: la conectividad.

A pesar de su potencial económico, los continentes siguen estando pobremente conectados. Las rutas marítimas directas son escasas, las redes aéreas limitadas y la infraestructura digital fragmentada. El comercio tiene dificultades para crecer, no por la distancia geográfica, sino porque los vínculos de transporte y digitales que conectan estas regiones son débiles, costosos y poco fiables. Económicamente, la distancia no se mide en kilómetros; se define por la fortaleza —o fragilidad— de las conexiones que unen una región con otra. Incluso las asociaciones más prometedoras no pueden escalar sin una logística eficiente, corredores de transporte fiables y sistemas digitales integrados.

Sin embargo, las similitudes son abundantes. La vida económica en África y América Latina es relacional, adaptable y profundamente arraigada en redes informales que coexisten con mercados formales. Los intercambios comerciales suelen estar determinados tanto por la confianza, la afinidad cultural y las prácticas compartidas como por contratos formales. Estas afinidades subyacentes proporcionan una base sólida para una cooperación económica estructurada.

Las oportunidades sectoriales de colaboración son sustanciales. Los sistemas agroalimentarios ofrecen vías para construir cadenas de valor resilientes que mejoren la seguridad alimentaria y diversifiquen las exportaciones, pasando de materias primas a productos procesados de mayor valor. Los recursos energéticos —incluidas las energías renovables y la bioenergía— presentan oportunidades para la industrialización conjunta y una mayor autosuficiencia energética. La manufactura ligera, como textiles, confección e industrias de ensamblaje, puede impulsar la mejora industrial y la creación de empleo. Los servicios digitales y las plataformas logísticas permiten a las empresas mejorar su productividad, ampliar el acceso a mercados e integrarse en cadenas de valor Sur-Sur más amplias. Con políticas específicas y alianzas interregionales, estas fortalezas pueden transformarse en una cooperación económica sostenida.

Por eso, las propuestas surgidas de la MC14 son tan importantes. Nuevos corredores marítimos, redes aéreas ampliadas y plataformas digitales integradas no son simples mejoras; son los futuros canales a través de los cuales se acelerará el comercio Sur-Sur. Sin embargo, la infraestructura por sí sola no es suficiente. Para generar un impacto significativo, estos corredores deben basarse en proyectos colaborativos conjuntos que vinculen los sistemas productivos de África y América Latina. Al alinear las cadenas de valor en agricultura, agroindustria, energía y manufactura ligera, los países de ambas regiones pueden transformar las sinergias latentes en cooperación industrial concreta.

En este sentido, la conectividad se convierte en una estrategia para reorganizar la producción a través de los continentes. Los flujos comerciales fragmentados pueden evolucionar hacia ecosistemas económicos integrados y mutuamente reforzados. Si se implementan con éxito, estas iniciativas podrían hacer más que ampliar los volúmenes de comercio: podrían catalizar nuevas cadenas de valor impulsadas por prioridades del Sur en lugar de la demanda de las economías del Norte. Durante décadas, África y América Latina han ocupado posiciones similares en la economía global: como exportadores de materias primas y actores periféricos en las cadenas de valor globales, dependientes de mercados externos. Ese paradigma está cambiando a medida que los vínculos Sur-Sur se profundizan y diversifican.

El auge del comercio Sur-Sur está reconfigurando la geografía económica global. A medida que la producción, el consumo y la innovación se descentralizan, África y América Latina tienen la oportunidad de emerger como centros resilientes y diversificados de un nuevo orden económico. Para materializar este potencial se requieren tres cambios fundamentales:

Primero, la infraestructura como base. Puertos, rutas marítimas, conexiones aéreas y plataformas digitales son condiciones previas para el comercio, no facilitadores opcionales.

Segundo, los acuerdos comerciales y la armonización regulatoria son importantes, pero las políticas también deben involucrar el tejido relacional de estas economías: apoyar a las pymes, aprovechar las redes de la diáspora y construir confianza entre las comunidades empresariales.

Tercero, las brechas de conectividad —físicas, digitales y relacionales— deben reconocerse como restricciones decisivas que determinan si el potencial económico puede hacerse realidad.

Las implicaciones van mucho más allá del comercio bilateral. Cerrar las brechas de conectividad y fomentar un desarrollo coordinado en los sectores agroalimentario, energético, manufacturero y digital puede crear nuevos clústeres industriales y cadenas de valor regionales. Esto reduciría la dependencia de los mercados tradicionales del Norte, fortalecería la resiliencia, fomentaría la innovación y generaría empleo. Además, una mayor integración económica amplificaría la voz colectiva de África y América Latina en la gobernanza del comercio global, permitiéndoles negociar desde posiciones de mayor fortaleza y dar forma a las reglas internacionales en línea con las prioridades del Sur.

La cooperación Sur-Sur ya no es una posibilidad teórica: es una oportunidad histórica. Al combinar el desarrollo de infraestructuras, la integración de cadenas de valor y la colaboración estratégica, África y América Latina pueden no solo expandir el comercio, sino también redefinir la arquitectura del comercio global, situando las prioridades lideradas por el Sur en el centro del orden económico del siglo XXI.

Danilo Desiderio es Doctora en Jurisprudencia por la Universidad de Salerno. Director ejecutivo de Desiderio Consultants (Nairobi), especialista sénior en aduanas y comercio del Banco Mundial y asociado sénior del Instituto de Política Económica y Social del Cuerno de África (HESPI)."|es
larevistacr|https://www.larevista.cr/el-pulso-de-la-democracia-latinoamericana/|El pulso de la democracia latinoamericana|2026-04-25|2026-05-16 12:45:52|BOLETIN|"Manuel Alcántara/Latinoamérica21

La reflexión en torno a la democracia en una región tan heterogénea como es América Latina es siempre una cuestión compleja que, además, no está exenta de valoraciones subjetivas. Desde hace al menos dos décadas se han venido articulando diferentes esfuerzos intelectuales, no exentos de polémica, que facilitan la evaluación del desempeño de la política a través de mecanismos metodológicos transparentes y siguiendo soportes teóricos referidos a la conceptualización de la democracia. La inspiración del pensamiento de Robert Dahl, Giovanni Sartori, Juan J. Linz, Guillermo O´Donnell, Leonardo Morlino y Larry Diamond, entre una amplia nómina, fue para ello notoria.

Ello se ha vertido en la elaboración de índices que ayudan en la comparación tanto sincrónica como diacrónica para avanzar en la comprensión del acontecer político y lograr establecer hipótesis sobre el mismo para validarlas o rechazarlas posteriormente. Los índices son atajos cognitivos de realidades complejas que sirven para capturarlas mediante tareas de descomposición de su contenido en diferentes dimensiones.

En el mes de marzo se han publicado en esa línea sendos trabajos por parte de tres instituciones de naturaleza y localización diferente cuyos resultados permiten, un año más, tomar el pulso de la democracia latinoamericana. Se trata del grupo conformado en torno a la publicación The Economist, de la Fundación Bertelsmann y del proyecto Variedades de la Democracia. Esta entrega aborda los resultados de los dos primeros dejando el relativo al tercero para una próxima.

La última actualización del índice de The Economist Intelligence Unit (EIU) de democracia que integra 60 indicadores agrupados en las cinco categorías que recogen el proceso electoral, el funcionamiento del gobierno, la participación política, la cultura política y las libertades civiles sugiere un ligero cambio en la tendencia negativa que había sido advertida en la edición del año pasado y que retoma la senda de la democracia fatigada: las puntuaciones de casi tres cuartas partes de los 167 países recogidos y que son objeto de análisis se mantuvieron estables o mejoraron durante el último año, y el índice global aumentó 0,02 puntos, uno de los mayores incrementos desde 2012.

El índice califica los países del 1 al 10 según el estado de su democracia y los clasifica en cuatro categorías avalando la heterogeneidad de los países latinoamericanos: democracias plenas (Uruguay y Costa Rica) e imperfectas (Chile, Panamá, Argentina, Brasil, R. Dominicana, Colombia, Paraguay y Perú), y regímenes híbridos (México, Bolivia, Ecuador, Honduras, Guatemala, El Salvador) y autoritarios (Cuba, Venezuela y Nicaragua). Mientras que Uruguay ocupa el lugar 12 del estudio Nicaragua se sitúa en el 150 entre los 167 países analizados.

En la comparación entre la medición de 2024 y la del año pasado la mayoría de los países mejoran, aunque apenas se trate de unas décimas (la excepción es Bolivia que pasa del 4,3 al 5,4), Costa Rica, Cuba, Ecuador y El Salvador mantienen la misma calificación, mientras que Colombia, Honduras, Nicaragua y Venezuela descienden unas pocas décimas. En el comparativo con respecto a 2020 la variación es muy reducida para Argentina, Bolivia, Brasil, Chile, Costa Rica, Cuba, Guatemala, Honduras, Panamá, Paraguay y Uruguay mostrando, por consiguiente, cierta estabilidad. El mayor descenso lo protagonizan Nicaragua y El Salvador al pasar del 3,6 al 2,0 y del 5,9 al 4,6 respectivamente. También descendieron Colombia (del 7,0 al 6,0), Ecuador (del 6,1 al 5,2), México (del 6,1 al 5,4), Venezuela (del 2,8 al 2,1) y Perú (del 6,5 al 5,9). R. Dominicana tiene el mayor progreso al pasar del 6,3 al 6,8.

En cuanto al índice de transformación política de la Fundación Bertelsmann, que se realiza cada dos años, integra cinco componentes que miden el grado de capacidades estatales, el estado de derecho, la participación política, la estabilidad de las instituciones democráticas y la integración política y social. Como en el caso anterior la medición se realiza de 1 a 10.

Uruguay (9,90), Chile (9,25) y Costa Rica (8,90) encabezan el listado latinoamericano distanciándose de un segundo grupo de países integrado por Brasil (7,50), R. Dominicana (7,40), Argentina (7,35). Bolivia y Colombia (ambos con 6,55), Paraguay (6,50), Panamá (6,35), Ecuador (6,25), Perí (5,85) y México (5,60) configuran un tercer grupo de países. En lugares de claro deterioro, aunque con diferencias, se encuentran Honduras (4,75), El Salvador (4,27), Guatemala (4,10), Venezuela (3,07), Cuba (3,05) y Nicaragua (2,92).

La evolución registrada entre 2020 y 2026 es más acentuada dado el carácter de la composición del índice que integra componentes diferentes a los de EIU. No obstante, hay ocho países (Brasil, Chile, Costa Rica, Guatemala, Honduras, Paraguay, Uruguay y Venezuela) cuya variación es muy reducida manteniendo cierta estabilidad). R. Dominicana es el único país que registra progreso al pasar del 6,80 al 7,40. Por el contrario, el mayor descenso lo contabiliza El Salvador que pasa del 7,20 al 4,27. Descensos notables se dan en Nicaragua (-1,11), Ecuador (-0,95), Argentina (-0,80), Panamá (-0,70), Cuba (-0,48) y México (-0,45). Los descensos menores se dan en Perú (-0,30), Bolivia (-0,25) y Colombia (-0,15).

El escenario, por consiguiente, ofrece claroscuros, la evidencia de un estancamiento que, no obstante, permite alejarse de posiciones catastrofistas y la siempre presente heterogeneidad de la región con muy marcadas diferencias entre los tres países que se sitúan al frente (Uruguay, Costa Rica y Chile) y los tres que ocupan los lugares postreros (Venezuela, Cuba y Nicaragua). Una perspectiva más fina desde las variedades de la democracia permitirá contar con visiones complementarias. Un análisis que llevaré a cabo en una próxima entrega.

Manuel Alcántara

Director del CIEPS – Centro Internacional de Estudios Políticos y Sociales, AIP-Panamá. Profesor Emérito Honorífico en la Universidad de Salamanca y UPB (Medellín). Últimos libros: «El oficio de político» (Tecnos Madrid, 2020), «Huellas de la democracia fatigada» (Océano Atlántico Editores, 2024) y «Cuando la política dejó de ser lo que era» (Océano Atlántico Editores, 2025)."|es
larevistacr|https://www.larevista.cr/robin-hu-por-que-no-se-produce-el-desacople-entre-estados-unidos-y-china/|Robin Hu: Por qué no se produce el desacople entre Estados Unidos y China|2026-04-25|2026-05-16 12:45:52|BOLETIN|"A pesar de los debates en curso sobre el desacoplamiento entre China y Estados Unidos, la economía global sigue estando tan integrada como siempre. Cada vez que alguna de estas superpotencias intenta restringir sus vínculos con la otra, acelera un proceso más amplio de adaptación y ajuste que está volviendo al sistema más resiliente y más difícil de controlar de manera unilateral.

SINGAPUR—Se supone que cada nueva restricción al comercio entre Estados Unidos y China aleja a ambas economías -o al menos eso es lo que nos dicen-. Pero la economía global se niega a seguir la lógica convencional. De hecho, cada ronda de aranceles, controles a las exportaciones y revisión de inversiones ha venido acompañada de un aumento de las inversiones que consolidan la relación económica sino-estadounidense. Hasta que los responsables de las políticas no reconozcan esta paradoja, hablar de “desacople” seguirá describiendo un mundo que no existe. El patrón que sí existe puede entenderse como “realismo del capital”. La rivalidad geopolítica actual se ha convertido en una condición permanente, pero como una separación económica total sigue siendo prohibitivamente costosa, los flujos de capital no cesan; se adaptan a las restricciones. Los aranceles, los controles a las exportaciones y las crisis geopolíticas no interrumpen un sistema estable. Cada vez que la política fragmenta el mapa, el capital traza de nuevo las rutas más rápidas. Las pruebas de este proceso son inequívocas. El comercio entre Estados Unidos y China sigue siendo sustancial a pesar de las crecientes restricciones, superando aún cientos de miles de millones de dólares anuales. Incluso allí donde los flujos directos han disminuido, la actividad económica no ha desaparecido; simplemente se ha trasladado a otro lugar. Por ejemplo, el comercio total de Vietnam superó los 900.000 millones de dólares en 2025, con exportaciones que alcanzaron aproximadamente los 470.000 millones de dólares, impulsadas en gran medida por la industria manufacturera con inversión extranjera. Mientras tanto, las importaciones estadounidenses procedentes de Vietnam se han disparado en la última década, y los productos electrónicos y los componentes representan una parte significativa del comercio. Esta tendencia es aún más evidente en el sudeste asiático. Los flujos comerciales y de inversión de los miembros de la Asociación de Naciones del Sudeste Asiático (ASEAN) siguen expandiéndose a pesar de las tensiones geopolíticas, y la región se está integrando cada vez más en las redes de producción tanto chinas como occidentales. Lejos de presagiar un colapso del sistema, estos son indicios de una rápida reorganización de las relaciones económicas, aunque a un costo significativo. Si esta interpretación es correcta, deberían persistir varias tendencias. El comercio entre Estados Unidos y China seguirá siendo sustancial, incluso con una ampliación de las restricciones, y los flujos se canalizarán cada vez más a través de terceros países. La inversión continuará concentrándose en economías que puedan operar en ambos sistemas. Y las cadenas de suministro se diversificarán más en términos geográficos, no menos, en tanto las empresas se vayan adaptando a las presiones políticas. Consideremos el sector de los semiconductores, el más directamente afectado por las restricciones estratégicas. Taiwan Semiconductor Manufacturing Company (TSMC) está invirtiendo fuertemente en capacidad de fabricación en Estados Unidos, Japón y Europa, y cada nueva planta abastece a mercados diferentes y opera bajo distintos regímenes regulatorios. El realismo del capital exige que la producción se distribuya entre múltiples jurisdicciones, ya que no se puede confiar en una sola para un acceso ininterrumpido. El patrón se extiende más allá de las cadenas de suministro. La inversión china en el extranjero se dirige cada vez más hacia el sudeste asiático, mientras que los flujos de inversión hacia Estados Unidos siguen siendo moderados. En lugar de retirarse, el capital se está redirigiendo a través de economías que mantienen relaciones de trabajo con ambas superpotencias. Desde mi perspectiva en Singapur, el panorama es claro. Los países que quedan fuera del binomio Estados Unidos-China no deben considerarse meros espectadores pasivos, sino la infraestructura sobre la que se sustenta el nuevo sistema. El sudeste asiático e India se están convirtiendo en nodos de producción clave, mientras que algunas zonas de Oriente Medio, a pesar del conflicto en curso, siguen siendo centros neurálgicos para el capital, la energía y la logística. En conjunto, les permiten a las empresas operar más allá de las divisiones geopolíticas sin comprometerse plenamente con ninguno de los dos sistemas. Su valor aumenta en proporción directa a la intensidad de la rivalidad entre las grandes potencias. En lugar de buscar la neutralidad o la cobertura de riesgos, estas economías están marcando posiciones estructurales dentro del sistema. Los países que operan entre las grandes potencias son los que permiten que la economía global funcione. Al mantener relaciones entre sistemas que compiten entre sí, conservan simultáneamente el acceso, la capacidad de elección y la credibilidad. La mayoría de los marcos normativos no tienen en cuenta las implicancias de este patrón. Cada intento de los gobiernos de Estados Unidos o China por impulsar una separación económica integral genera consecuencias no deseadas. Las restricciones aceleran precisamente los ajustes -a saber, el desvío de flujos a través de terceros países- que hacen que el sistema sea más resiliente y más difícil de controlar unilateralmente. Esto implica que, para las empresas, el riesgo geopolítico ya no puede gestionarse de forma marginal. Debe integrarse en la estructura operativa. Las empresas que invirtieron tempranamente en redundancia jurisdiccional hoy cuentan con ventajas estructurales. Las que esperaron a que se aclarara la situación han descubierto que eso no va a suceder. El sistema ya ha avanzado sin ellas. Para los países que actúan como “puente” en la economía global, la oportunidad es real, pero los beneficios no llegarán automáticamente. Ser útil para ambas partes requiere credibilidad institucional, previsibilidad regulatoria y capacidad para absorber capital a gran escala. Todo ello debe construirse y mantenerse a lo largo del tiempo. Por supuesto, esta dinámica no elimina el riesgo de una ruptura. Una crisis grave en torno a Taiwán o unas sanciones financieras de gran alcance podrían seguir obligando a las empresas a tomar decisiones extremas. El realismo del capital no garantiza estabilidad. Simplemente describe los incentivos que sustentarán la integración en ausencia de crisis catastróficas. El realismo del capital ya está transformando la estructura de la economía global. La cuestión ya no es si el sistema se fragmentará o si se mantendrá unido. Es si los responsables de las políticas reconocerán el sistema que el capital ya ha construido o seguirán debatiendo sobre uno que ya no existe.

Copyright: Project Syndicate, 2026.www.project-syndicate.org

Is Emeritus Asia Chairman of the Milken Institute and Advisory Senior Director at Temasek."|es
larevistacr|https://www.larevista.cr/el-panorama-politico-latinoamericano-a-la-derecha-seguridad-economia-y-el-dilema-del-centro/|El panorama político latinoamericano a la derecha: seguridad, economía y el dilema del centro|2026-04-25|2026-05-16 12:45:52|BOLETIN|"Henning Suhr/Latinoamérica21

América Latina atraviesa un giro político hacia la derecha. Tras el desgaste de varios gobiernos de izquierda, fuerzas conservadoras y populistas de derecha han ganado terreno desde 2025. Este cambio sucede después de la llamada marea rosa de los años 2000 y se ve impulsado por el descontento ciudadano, el auge de líderes disruptivos y una nueva política exterior de Estados Unidos.

De las 15 democracias analizadas, nueve han cambiado de orientación política desde 2022, en su mayoría de izquierda a derecha. Figuras como Javier Milei en Argentina y Nayib Bukele en El Salvador encarnan este nuevo clima político con estrategias populistas, mientras que líderes como Luis Abinader en República Dominicana representan una derecha moderada que apuesta por la estabilidad y el pragmatismo.

Frustración y deseo de cambio

El cambio no responde únicamente a un entusiasmo ideológico por la derecha, sino también a un voto de protesta contra gobiernos de izquierda que no cumplieron con las expectativas. En muchos casos, los votantes castigaron a los oficialismos por crisis económicas, corrupción o falta de resultados. Como señaló un analista chileno, “el deseo de cambio es el partido más grande de América Latina”.

La política exterior de Estados Unidos también ha influido. La administración Trump adoptó una postura más activa en la región, apoyando a gobiernos afines a la derecha y confrontando a regímenes de izquierda. El ataque militar que derrocó a Nicolás Maduro en Venezuela en enero de 2026 marcó un punto de inflexión simbólico. Esta nueva postura de Washington, sumada a la disolución del “socialismo del siglo XXI”, envió un mensaje claro contra la izquierda tradicional.

La nueva derecha latinoamericana es diversa. Incluye desde populistas radicales hasta conservadores moderados. Milei, un economista libertario sin partido tradicional, ganó apoyo con un discurso antisistema y promesas de reducir drásticamente la intervención estatal. Bukele, autoproclamado “el dictador más cool del mundo”, es popular por su mano dura contra las pandillas y su uso hábil de las redes sociales. Ambos son considerados populistas de derecha, aunque difieren en estilo y enfoque.

Una derecha más institucional

Al mismo tiempo, líderes conservadores moderados han prosperado electoralmente. Luis Abinader en República Dominicana, Daniel Noboa en Ecuador y Rodrigo Paz en Bolivia representan una derecha más institucional, centrada en la estabilidad económica, la lucha contra la corrupción y la gestión técnica. Su éxito demuestra que el giro a la derecha no es solo fruto del enojo ciudadano, sino también de un deseo de liderazgo pragmático y predecible.

Pese a sus diferencias, los gobiernos de derecha comparten prioridades comunes: seguridad, crecimiento económico y rechazo al legado de la izquierda. La mayoría de los nuevos mandatarios ganó prometiendo mano dura contra la delincuencia, el narcotráfico y la corrupción. También promueven políticas de libre mercado que buscan atraer inversión y reactivar las economías. Además, se presentan como defensores de valores tradicionales como la familia, la religión y la identidad nacional frente a las agendas progresistas.

Otro rasgo común es el pragmatismo. Muchos líderes de la nueva derecha intentan suavizar la imagen elitista o insensible asociada históricamente a los conservadores. Buscan mostrarse cercanos al pueblo y flexibles, evitando ser percibidos como indiferentes a las necesidades de los más pobres. En su oposición firme a la izquierda tradicional, encuentran un terreno común que cohesiona sus discursos y estrategias.

La izquierda y su poco peso

La izquierda, por su parte, ha perdido impulso. Con la excepción de Lula da Silva en Brasil, los líderes de izquierda actuales tienen menor peso político. La verdadera fuerza motriz del cambio político proviene ahora de la derecha. Las redes de partidos de izquierda, como el Foro de San Pablo y el Grupo de Puebla, han perdido influencia, y sus representantes enfrentan dificultades para renovar su mensaje.

En este contexto, los partidos de centro y centroderecha tradicionales enfrentan un dilema: aliarse con los nuevos populistas de derecha para mantener relevancia, o distanciarse para preservar su identidad. Partidos conservadores tradicionales en Argentina y Chile se aliaron con Milei y Kast, respectivamente, logrando derrotar a la izquierda, pero perdiendo votos y liderazgo. En México, la alianza entre el PAN y el PRI fue percibida como un acto de desesperación y fracasó rotundamente.

El reto para estos partidos es articular una visión propia de reforma y estabilidad, basada en principios democráticos, que compita con las narrativas populistas sin perder credibilidad. De lo contrario, corren el riesgo de volverse irrelevantes si se limitan a secundar a fuerzas radicales o si se niegan a evolucionar.

Seducción de los jóvenes

Un rasgo notable de esta derechización es la participación de las nuevas generaciones. Los votantes jóvenes, incluso muchos primerizos, han mostrado poca aversión a respaldar candidatos de derecha o antisistema. En varios países, los menores de 40 años componen la mayor base de apoyo de líderes derechistas, lo que apunta a un cambio en el clima político generacional. La narrativa progresista de cambio social que seducía a la juventud hace una década ha perdido brillo, dando paso a una apertura hacia soluciones no convencionales.

Estos jóvenes no recuerdan las dictaduras militares del siglo XX, por lo que esas experiencias negativas de la derecha no pesan en su memoria colectiva. En cambio, han crecido viendo escándalos de corrupción, crisis económicas y estancamiento social bajo gobiernos de izquierda. Las redes sociales han sido catalizadoras del cambio, permitiendo a los candidatos derechistas llegar a jóvenes con mensajes emocionales y simples, que captan el espíritu del momento y se viralizan rápidamente.

El ambiente derechista también se ha visto reforzado por un giro en la política de Estados Unidos hacia la región. Los nuevos gobiernos de derecha buscan relaciones cercanas con Washington, viendo más oportunidades que riesgos en alinearse con la Casa Blanca. La administración Trump ha declarado su intención de apoyar a fuerzas afines en el hemisferio occidental, impulsar el comercio y estabilizar a sus aliados en Latinoamérica. Aunque su estilo confrontativo genera inquietud, los gobiernos derechistas han respondido de forma pragmática, acercándose a Washington para aprovechar respaldo económico y estratégico.

¿Cambio duradero?

La gran pregunta es si este giro a la derecha será sostenible y generará mejoras reales en la vida de los ciudadanos, o si terminará siendo una fase pasajera más en el ciclo pendular de la región. La respuesta dependerá de la capacidad de gobierno de estos nuevos líderes y de su compromiso con los principios democráticos. Si logran resultados en seguridad y crecimiento económico sin socavar las instituciones, podrían consolidar una nueva derecha estable. De lo contrario, podrían avivar otra ola de descontento y abrir paso al resurgimiento de la izquierda.

*Texto publicado originalmente en Diálogo PolíticoHenning Suhr es Director del Programa Regional Partidos Políticos y Democracia en América Latina de la Fundación Konrad Adenauer."|es
larevistacr|https://www.larevista.cr/miguel-gutierrez-saxe-necesitamos-un-plan-de-amplio-horizonte-de-adaptacion-nacional/|Miguel Gutiérrez Saxe: «Necesitamos un plan de amplio horizonte de adaptación nacional»|2026-04-29|2026-05-16 12:45:52|BOLETIN|"La Revista CR ha tenido el honor de entrevistar a Miguel Gutiérrez Saxe, sin duda una de las voces más autorizadas y con mayor acerbo informativo sobre los procesos de planificación y desarrollo del país. Su trayectoria, rigurosidad analítica y compromiso con la comprensión de la realidad nacional lo convierten en un referente indispensable para interpretar los desafíos presentes y proyectar escenarios futuros. Además, su vínculo con este medio no es circunstancial: desde sus inicios, ha sido un colaborador constante que, de manera sistemática, cada quince días, ofrece a través de sus artículos y podcasts un análisis profundo de la realidad costarricense, señalando caminos y aportando luces sobre las rutas que podrían conducirnos hacia un desarrollo más seguro y sostenible.

Esta entrevista trata sobre las siguientes temáticas: el estado actual del desarrollo nacional, los principales retos en materia de planificación, las brechas estructurales que enfrenta el país, la necesidad de fortalecer la institucionalidad, así como las oportunidades para impulsar políticas públicas más eficaces. Asimismo, se abordan las dinámicas sociales y económicas que inciden en la toma de decisiones, el papel del conocimiento técnico en la formulación de estrategias y la importancia de construir consensos que permitan avanzar con mayor claridad en medio de un entorno complejo.

A partir de este marco, se presentan a continuación sus reflexiones y respuestas, que constituyen una guía valiosa para comprender el momento que vive Costa Rica y las posibles rutas hacia adelante.

Te agradezco mucho, Eugenio, ser acicate para presentar mis puntos de vista, desde ya más de un lustro, cuando pensé dedicarme a mi familia y salud y limitar mi vida pública. Esta entrevista es ejemplo de esos estímulos y alicientes, así como los 92 artículos que recopilaste en el libro/podcast Malestar y sus respuestas, disponible en Amazon. Gracias.

Dediqué buena parte de mi vida profesional al Programa Estado de la Nación, lo fundé y dirigí por más de dos décadas y sigo ligado a él. Estuve y estoy convencido de dos cosas: Costa Rica puede aportar al desarrollo humano sostenible y a la convivencia democrática por su evolución histórica. Nuestro estilo ha vivido tensiones extraordinarias en las últimas décadas lo que supone que su ciudadanía debe defender lo que vale del estilo. Estos son mis sesgos, compatibles -pienso- con una inclinación marcada al dato y a la ciencia social.

Los desafíos son tres caras de una misma moneda que se ha desgastado, hoy en un entorno internacional muy tumultuoso. El primero es una exclusión territorial y social acumulativa de malestar, donde regiones como la Brunca viven en una «espera perpetua» de promesas que nunca llegan. El segundo es una economía de dos velocidades que deja a mucha gente por fuera de la modernización. Y el tercero, el más grave quizá, es una institucionalidad rígida y sin dirección que no logra articular una respuesta. Como escribí en «Hablemos del futuro», «el país no está preparado para lo del día y menos para estas circunstancias mundiales». Se interrelacionan porque la concentración económica en el Valle Central genera el abandono territorial que vemos en la Brunca, y esa desigualdad territorial termina por colapsar la capacidad del Estado para responder, atrapado en sus propias rigideces. También deja bolsones de exclusión en el centro y desigualdad.

El principal factor limitante ha sido no haber sabido repartir la torta después de haberla hecho crecer. El estilo de atracción de inversiones que impulsamos en los noventa, aunque exitoso para generar crecimiento, no condicionó suficientemente la generación de empleo local, las compras nacionales ni la transferencia tecnológica, como recordaba en «Hablemos del futuro». A eso se suma ahora un problema cambiario mayúsculo: la apreciación del colón, si bien ayudó a bajar la inflación, ha golpeado con dureza a los sectores transables de la economía: el turismo, la agricultura de exportación y la industria. Como lo he señalado, la estabilidad de precios vino acompañada de efectos desfavorables para el turismo, la agricultura, la producción industrial y de servicios por la elevación de costos y la pérdida de competitividad. El ajuste necesario no es otro que cambiar el chip de la política pública: pasar de incentivos genéricos a una estrategia territorial activa. No alcanza con la «bagoneta de asfalto». Se requiere un plan serio que desarrolle polos productivos en las regiones olvidadas, y eso empieza por darle dientes a herramientas como por ejemplo el Sistema de Banca para el Desarrollo y los servicios de apoyo no financiero y ministerios asociados a sectores productivos, que hoy es más un eslogan que una realidad, bajo presión política extrema.

La evalúo como estructural, persistente y profundamente arraigada al estilo de desarrollo general y su distribución espacial que hemos seguido, que favorece a las zonas francas, con el subsidio del resto, para solo generar alrededor del 10% de la ocupación. La causa más profunda es un estilo de desarrollo espacial desigual, donde el Estado, con sus políticas, sus exenciones y su inversión, ha privilegiado históricamente a ciertos actores y territorios, dejando a regiones como la Brunca en un abandono sistemático. Los datos del Índice de Competitividad Cantonal son lapidarios: los cantones de la región Brunca, por ejemplo, ocupan las posiciones 64, 71, 74 y 77 de 84 cantones del país en competitividad, con redes viales ya casi colapsadas y en estado muy vulnerable y altas tasas de violencia. Por otro lado en manos de diez cantones se concentra una mayoría calificada de la producción nacional. Y esto no es nuevo, es una acumulación de décadas de esperar que el mercado resuelva los problemas.

El Estado debe dejar de ser un espectador que reacciona tarde y mal, y convertirse en un articulador estratégico y planificador. Como he insistido, no serán solo las fuerzas del mercado las que nos saquen del atolladero. Se necesita un Estado con directrices y alineaciones por sector y para territorios. Eso implica poner en el centro a la planificación, esto es metas y directrices con fundamento científico que precedan y presidan la acción pública y genere incentivos a la privada, así como darle peso real a los planes de desarrollo territorial es y, sobre todo, pasar de un presupuesto inercial a uno por prioridades. El Estado no puede seguir viendo a la población en situación de rezago como un problema a administrar, sino como personas a desarrollar.

La debilidad principal es que hemos bajado la guardia y la inversión, y eso tiene un costo generacional. Dos apagones y abandono para la actual generación estudiantil es demasiado peso sobre sus hombros y para el país. El sistema educativo, que fue la escalera del ascenso social de las generaciones anteriores, hoy es excluyente y ofrece resultados mediocres. Estamos pateando la escalera, como se plateó para el desarrollo de los países hace unas décadas. La reforma estructural indispensable es vincular la educación con el territorio y la producción y la formación cívica de una ciudadanía culta y participativa. No podemos tener en una misma región a jóvenes con altos niveles de desempleo junto a empresas que no encuentran personal calificado. No podemos hundirnos en la incivilidad rampante y la ignorancia altiva. Urge una revolución en la formación técnica, que no sea un paliativo sino una vía real de inserción laboral, y una estrategia de educación continua para adultos que ya quedaron rezagados. Exigir estándares de alta calidad a los docentes y mejorar la infraestructura educativa.

La infraestructura es talón de Aquiles de la competitividad nacional y un muro que separa territorios. En la Brunca, por ejemplo, hay cantones donde solo el 11% de la red vial está en buen estado. Eso encarece la producción, ahuyenta la inversión y condena a la gente al aislamiento. La prioridad más urgente es desconcentrar la inversión y conectarnos como país de verdad. Se trata de mejorar y actualizar el transporte público, seguir haciendo segundos pisos en la GAM, y construir las carreteras, puertos y, fundamentalmente, la infraestructura digital que permita que una empresa de tecnología pueda operar desde Buenos Aires de Puntarenas con la misma eficiencia que desde Escazú. La conectividad digital es hoy tan importante como el asfalto.

Prepararse requiere volver a ser pragmáticos y heterodoxos, como lo fuimos en los ochenta. En Hablemos del futuro recordaba cómo salimos de aquella crisis con un programa nada fundamentalista: volver a la tierra, modernizar la agricultura, atraer inversión, pero también fortalecer cooperativas y no abandonar la exportación tradicional y la agricultura e industria orientado al mercado interno y a mesoamérica. Hoy, ante el «Cisne Naranja» de la incertidumbre global, la política cambiaria es un punto ciego. El país necesita nuevos y mejores instrumentos ante la avalancha de divisas. No podemos seguir con un tipo de cambio apreciado que, como señalé en ese mismo artículo, nos deja vulnerables. Porque el problema de fondo es que el país no está preparado para lo del día y menos para estas circunstancias mundiales. Necesitamos un plan de amplio horizonte de adaptación nacional que diversifique nuestra base productiva y nuestros mercados de exportación, que invierta masivamente en ciencia y tecnología para no quedar fuera de la revolución de la información y de la inteligencia artificial, y que fortalezca nuestra seguridad alimentaria. La receta de ayer que aprovechó la salida de la crisis fiscal y de la pandemia no sirve para resolver los problemas de mañana. Más de lo mismo no termina en éxito.

Los sectores estratégicos son aquellos que generan arraigo, empleo de calidad y pueden florecer fuera de la GAM. Hablo del turismo especializado y rural comunitario, de la agroindustria sostenible y de valor agregado (no solo la commoditización primaria), de los servicios tecnológicos descentralizados y de la economía del conocimiento aplicada a nuestras vocaciones territoriales. Pero ojo: un tipo de cambio artificialmente bajo, producto de la apreciación del colón, es un veneno lento para estos sectores. Les come la rentabilidad y los deja en los huesos frente a la competencia externa. No basta con declararlos estratégicos, incluidas las zonas francas. Se necesitan políticas públicas de verdad: incentivos fiscales que funcionen (no exenciones generalizadas y a perpetuidad que nadie fiscaliza), crédito accesible a través de la banca de desarrollo, y programas de formación técnica que se diseñen con las empresas de cada región. Sin encadenamientos locales, la inversión extranjera sigue siendo un enclave que no derrama su riqueza y empleo masivo. En el país no sobra gente, faltan oportunidades.

La capacidad actual es preocupantemente baja y, lo que es peor, está perdiendo direccionalidad. Es un crimen y, lo que es peor, un error nombrar fieles seguidores sin experiencia, conocimiento de la ley y mucha hambre de poder y de riqueza. La confrontación entre poderes nos debilita. El riesgo de tirar al niño con el agua sucia puede ser el fin de lo mejor del estilo propio, entre lo mejor, los contrapesos democráticos. Tenemos un Estado que supuestamente sabe lo que hay que hacer —los diagnósticos están— pero no logra hacerlo porque está atrapado en sus propias rigideces y conflictos. Como escribí en «No equivocarnos al organizar la institucionalidad», el problema es de coordinación y de propósito. Las reformas necesarias pasan por coordinar con propósito y claridad, al menos en las áreas que sean prioritarias, nombrar gente, más de mil en todo el aparato público. con capacidades y libreto, respetuosas de la ley capacidades específicas para dirigir fortalecer la rectoría sectorial para que los ministerios realmente dirijan y no solo administren, y establecer un sistema de evaluación de políticas públicas que permita aprender de los errores y los aciertos. Se necesita un Estado más ágil, nuevas capas de control no han conducido a detectar y sancionar la corrupción. Menos burocracia defensiva sin dejar las manos libres a los corruptos y ladrones.

El principal reto fiscal es salir de la trampa de la austeridad que nos está comiendo vivos. Logramos bajar la deuda circunstancialmente, sí, pero lo hicimos a costa de degollar la inversión social y productiva. Para colmo, el tipo de cambio apreciado se ha convertido en un factor extra que reduce la competitividad y, por tanto, la base sobre la cual crece la economía y se recaudan impuestos. Es un círculo vicioso: menor competitividad externa, menor crecimiento de los sectores transables, y menos ingresos fiscales para financiar el Estado. Las alternativas pasan por revisar con lupa los incentivos fiscales (muchos son regresivos y ya no cumplen su propósito), combatir la elusión y evasión que se llevan un porcentaje importante del PIB, y hacer un pacto fiscal por el gasto. La gente no se opone a pagar más impuestos si ve que esos recursos se traducen en mejores caminos, escuelas de calidad y menos inseguridad. Mientras el Estado siga siendo percibido como ineficiente y corrupto, cualquier reforma tributaria será políticamente inviable. Se requiere un gran acuerdo nacional que vincule ingresos con reformas institucionales.

El cierre de esta entrevista permite dimensionar, con claridad, la vasta experiencia de Miguel Gutiérrez Saxe en el abordaje de los temas de planificación y desarrollo nacional. Su capacidad para integrar datos, procesos históricos y proyecciones estratégicas ofrece una lectura sólida y bien fundamentada del país, sustentada en años de trabajo técnico y reflexión rigurosa. A lo largo de sus respuestas se percibe no solo conocimiento, sino también criterio, prudencia y una visión estructural que trasciende lo coyuntural, aportando elementos valiosos para comprender la complejidad del momento actual.

Al mismo tiempo, la conversación deja una serie de hallazgos relevantes que invitan a la reflexión, particularmente en torno a la necesidad de fortalecer la institucionalidad, mejorar la calidad de las decisiones públicas y construir rutas más claras hacia el desarrollo. La Revista CR realiza estos ejercicios no solo para acercar a sus lectores distintos puntos de vista, sino también como parte de un esfuerzo sostenido por documentar, desde hace nueve años y gracias a sus colaboradores, las distintas etapas de la vida nacional desde enfoques diversos, contribuyendo así a la construcción de memoria, análisis y debate informado."|es
larevistacr|https://www.larevista.cr/carlos-carranza-la-solucion-no-es-parchar-por-aqui-y-por-alla/|Carlos Carranza: «La solución no es parchar por aquí y por allá»|2026-04-12|2026-05-16 12:45:52|BOLETIN|"En un momento en que la competitividad y la infraestructura se han convertido en factores determinantes para el desarrollo económico de Costa Rica, resulta imprescindible abrir espacios de análisis profundo que permitan comprender los retos estructurales del país, así como las oportunidades para superarlos. La discusión sobre estos temas no solo atraviesa el ámbito técnico, sino también el político y social, en un contexto donde las decisiones —o la falta de ellas— tienen efectos directos sobre el crecimiento, la inversión y la calidad de vida de la población.

En este marco, conversamos con uno de los profesionales más destacados en el estudio de estas áreas: Carlos E. Carranza Villalobos. Candidato a doctor en Gestión Pública en Ciencias Empresariales, cuenta con un Máster en Business Administration con énfasis en Ciencias Empresariales y es licenciado en Ciencias Políticas por la Universidad de Costa Rica. Su trayectoria académica y profesional incluye su labor como profesor catedrático en la Facultad de Ciencias Económicas de la Universidad de Costa Rica, donde además fue director de la Escuela de Administración Pública. Asimismo, se desempeñó como profesor en la Escuela de Sociología de la Universidad Nacional, donde dirigió el Programa de Análisis de Coyuntura. Actualmente, es directivo de la Agencia de Desarrollo Turrialba–Jiménez.

A partir de su experiencia y visión, abordamos una serie de preguntas clave orientadas a entender el papel del Estado y el sector privado, los modelos de desarrollo más efectivos, y los desafíos que enfrenta Costa Rica para cerrar sus brechas en infraestructura. A continuación, presentamos el cuestionario de esta entrevista.

Pues mire, aunque no me gusta repetir palabras, la competitividad es como el motor del desarrollo. Si uno ve casos como Corea del Sur, en menos de 30 años despegaron gracias a apostar por ser competitivos. Finlandia hizo lo mismo, pero sin dejar de lado el bienestar social. Y Singapur, con sus más y sus menos, se transformó en pocas décadas. La cuestión es que, si Costa Rica quiere crecer de verdad, necesita fortalecer su competitividad. Eso implica invertir en tecnología, en la gente, en capacidad de adaptarse al mundo.

En América Latina vamos disparejos: Uruguay, Chile y Colombia han sabido moverse mejor. Nosotros hemos avanzado, sí, pero todavía nos falta mucho. En concreto, se nos quedan atrás la innovación —que no llega a todos los sectores— y la inversión en investigación y desarrollo, que necesita más recursos y, sobre todo, más visión de futuro. Así que, en resumen, necesitamos políticas claras y acciones empresariales para ponernos al día en la próxima década.

Fíjese que este tema es de los que duelen porque lo vivimos a diario. Pero antes de hablar de carreteras, hay que reconocer que también existen brechas sociales y educativas que pesan igual o más. Dicho eso, en infraestructura física el problema es grave: carreteras en mal estado, puertos lentos, aeropuertos que se quedan pequeños y sistemas logísticos que no dan abasto. Un país necesita vías modernas y eficientes para mover la producción y para que la gente pueda ir a trabajar.

No es posible que recorrer distancias cortas nos tome horas por presas o por calles hechas pedazos. A eso súmele los problemas en aduanas y puntos de control, que encarecen y retrasan todo. La solución no es parchar por aquí y por allá, sino ver la infraestructura como un sistema completo, donde todo funcione de manera ágil y coordinada.

El impacto es directo y se siente en el bolsillo. Las empresas internacionales, antes de venir, se fijan en cosas muy concretas: ¿cuánto tiempo dura el viaje de la planta al puerto? ¿El aeropuerto está a la altura? ¿La logística es confiable? Si eso falla, aunque tengamos gente muy preparada, perdemos competitividad. Porque de nada sirve tener talento si después no puedes mover la mercancía a tiempo.

Esto no solo afecta a las multinacionales, sino también a las empresas nacionales. Usted puede tener un producto excelente, pero si se le atrasa en aduanas o se le daña en una carretera en mal estado, entonces adiós ganancias. Al final, lo que tenemos es una debilidad estructural que espanta la inversión y frena el crecimiento de nuestros propios empresarios, en un mundo que cada vez exige más rapidez y eficiencia.

A esto se suma un efecto en cadena sobre el costo de vida: ineficiencias logísticas terminan encareciendo bienes y servicios para toda la población. Cada atraso, cada sobrecosto en transporte o almacenamiento, se traslada al consumidor final. Por eso, mejorar la infraestructura y la logística no es solo un tema empresarial, sino una condición indispensable para el bienestar general y la competitividad país..

Primero que nada, tenemos que conectar el territorio de verdad. Hacen falta nuevas carreteras y rutas que cambien por completo cómo nos movemos. Eso requiere plata de afuera y también modernizar las leyes, sobre todo las de expropiaciones, porque ahí se nos traban muchísimos proyectos. Necesitamos un plan nacional de infraestructura que nos permita hacer obras en dos o tres años, no en décadas.

El ejemplo de la ruta a Limón es un clásico de cómo no se deben hacer las cosas. También hay que pensar hacia adelante: identificar las zonas con más potencial y esas que están rezagadas y que podrían reactivarse con buena infraestructura. Y ojo, no hablo solo de carreteras: tenemos que integrar lo físico con lo digital y con la salud, todo en un mismo modelo. Además, deberíamos crear un sistema nacional de infraestructura con más flexibilidad y capacidad de ejecución, apoyado en tecnología moderna para gestionar la logística y la planificación del país.

La experiencia comparada en América Latina demuestra que los mayores avances en competitividad e infraestructura se han logrado cuando el Estado y el sector privado actúan de manera complementaria, y no como fuerzas opuestas. Costa Rica ofrece ejemplos claros de esta dinámica: los aeropuertos internacionales Juan Santamaría y Daniel Oduber evidencian cómo la participación privada, bajo regulación estatal, puede elevar estándares de calidad y eficiencia. De igual forma, la terminal portuaria de Moín, a cargo de APM Terminals, ha representado un salto significativo en la modernización de la infraestructura portuaria, pese a las críticas iniciales asociadas a los cambios de sistema y ajustes operativos.

A esto se suma la autopista Ruta 27, que conecta San José con el puerto de Caldera, reduciendo distancias y tiempos de traslado. Sin embargo, su actual nivel de saturación refleja también los desafíos de planificación y actualización que enfrenta la infraestructura nacional frente a una demanda creciente.

En este contexto, resulta indispensable superar la visión de confrontación entre lo público y lo privado. El Estado debe asumir su rol como rector: establecer reglas claras, garantizar seguridad jurídica, eliminar trabas innecesarias y generar incentivos que faciliten la inversión. Por su parte, el sector privado debe aportar capacidad de ejecución, innovación y eficiencia en el desarrollo de proyectos de alto nivel.

Los modelos mixtos —como las concesiones, las alianzas público-privadas y los esquemas “llave en mano”— se perfilan como herramientas clave, especialmente en áreas estratégicas como transporte público, ferrocarriles y aeropuertos. La articulación efectiva entre ambos sectores, sumada a la participación de otros actores, permitirá responder con mayor agilidad y solidez a las exigencias del desarrollo contemporáneo.

Se trata, además, de un tema álgido en la discusión política nacional. Para algunos, estas alianzas representan una de las principales vías para impulsar el desarrollo; para otros, son objeto de una fuerte satanización, al considerarlas como una supuesta “venta del país” o una cesión de servicios e infraestructura estratégica al capital extranjero. Ninguna de estas posiciones extremas contribuye a una visión equilibrada. Cuando los procesos se diseñan y ejecutan correctamente, con reglas claras, supervisión efectiva y transparencia, no hay razón para que deriven en corrupción ni en menoscabo de la soberanía.

Más bien, el reto consiste en avanzar con pragmatismo, utilizando instrumentos modernos de gestión que permitan a economías como la costarricense —que no siempre cuenta con la capacidad fiscal suficiente— llevar adelante obras de gran envergadura. En este contexto, las alianzas público-privadas, las concesiones y los esquemas “llave en mano” se perfilan como herramientas clave, siempre bajo estrictos estándares de control, eficiencia y rendición de cuentas. Incluso, pueden explorarse modelos donde participen cooperativas u otros actores nacionales en determinados sectores.

El Estado debe asumir su rol como rector: establecer reglas claras, garantizar seguridad jurídica, eliminar trabas innecesarias y generar incentivos para que la inversión fluya. El sector privado, por su parte, debe aportar capacidad de ejecución, innovación y eficiencia. En la práctica, una parte significativa de los recursos requeridos deberá provenir de capital internacional, dada la magnitud de las inversiones necesarias.

En definitiva, se trata de construir una relación de colaboración inteligente entre ambos sectores, orientada al interés nacional, que permita cerrar brechas de infraestructura y responder con mayor eficacia a las exigencias del desarrollo contemporáneo.

Rechazar el financiamiento externo es un error: el país no tiene la capacidad de cubrir todo esto solo con sus ingresos internos. Estudios internacionales, como los de McKinsey, muestran que los países que consigan financiamiento en mejores condiciones serán los que avancen más rápido en los próximos años.

De las lecciones que debemos aprender destaca, en primer lugar, el enorme desperdicio de recursos económicos que provoca la falta de inversión en infraestructura. Esta omisión constituye uno de los mayores castigos para el crecimiento económico y el progreso de un país. La herencia de rezagos acumulados durante varios gobiernos del siglo pasado aún marca diferencias significativas en nuestra capacidad de desarrollo, competitividad y atracción de inversión.

Una lección clave es que la infraestructura no genera crecimiento por sí sola, pero sí lo acelera de manera decisiva. Los países que han logrado avanzar entendieron que la infraestructura debe integrarse estratégicamente con la economía, la logística y la competitividad, como parte de una visión articulada de desarrollo. No se trata solo de construir obras, sino de conectarlas con cadenas productivas, mercados y oportunidades.

Otra enseñanza fundamental es la necesidad de reformar las instituciones encargadas de la infraestructura. Es indispensable superar los enfoques fragmentados y avanzar hacia una visión sistémica, donde planificación, ejecución y evaluación respondan a una misma lógica país. A esto se suma el fortalecimiento de las capacidades técnicas: formar especialistas, mejorar condiciones laborales y atraer talento calificado que eleve el nivel de gestión pública.

Asimismo, las instituciones técnicas y académicas deben desempeñar un rol más propositivo, aportando conocimiento estratégico que oriente decisiones de largo alcance, más allá de la crítica coyuntural. Finalmente, resulta imprescindible consolidar políticas públicas de largo plazo, con acuerdos nacionales que trasciendan los ciclos políticos, de manera que el desarrollo no se detenga ni retroceda cada cuatro años.

Ignorar estas lecciones no solo perpetúa el rezago, sino que incrementa los costos futuros: lo que no se invierte hoy en infraestructura, se paga mañana con menor crecimiento, menos empleo y mayores desigualdades.

Para mí, tenemos que profundizar la digitalización y avanzar hacia un gobierno más inteligente y eficiente. La competitividad futura va a depender muchísimo de la innovación tecnológica y del modelo energético que usemos. Hay que planificar no solo a corto plazo, sino con una visión de 20 años, pensando en las transformaciones que traerán las nuevas revoluciones tecnológicas.

También debemos desarrollar sistemas de gestión y medición para sectores clave como infraestructura y energía, todo integrado en una estrategia nacional. Y por supuesto, promover un sector empresarial más dinámico y articulado, que pueda responder a los cambios globales. Todo este esfuerzo tiene que sustentarse en un gran acuerdo nacional, que defina una ruta de desarrollo más allá de las coyunturas políticas, para que Costa Rica alcance un nuevo nivel de desarrollo en este siglo XXI.

A modo de cierre, esta conversación deja una conclusión clara: Costa Rica no puede seguir postergando decisiones en materia de infraestructura y competitividad sin asumir costos cada vez más altos. El país enfrenta un punto de inflexión donde continuar con la inercia significa rezagarse aún más en un entorno global que no espera. La evidencia es contundente: sin una base sólida de infraestructura, no hay crecimiento sostenido, no hay atracción de inversión de calidad y no hay mejora real en la calidad de vida.

El reto, entonces, es doble. Por un lado, construir acuerdos nacionales que permitan avanzar con visión de largo plazo, más allá de ciclos políticos y diferencias ideológicas. Por otro, ejecutar con eficiencia, transparencia y sentido de urgencia, aprovechando todas las herramientas disponibles —públicas, privadas y mixtas— sin prejuicios, pero con responsabilidad.

Costa Rica tiene el talento humano, la institucionalidad y el reconocimiento internacional para dar ese salto. Lo que falta es decisión. Y esa decisión, como bien lo sugiere esta entrevista, pasa por entender que el desarrollo no es un discurso, sino una tarea concreta que exige acción sostenida, coordinación y liderazgo."|es
larevistacr|https://www.larevista.cr/elliot-coen-la-maxima-de-la-politica-moderna-gobernar-es-comunicar/|Elliot Coen: «La máxima de la política moderna – Gobernar es comunicar»|2026-01-11|2026-05-16 12:45:52|BOLETIN|"Esta entrevista forma partes de la serie de La Revista: «Panorama electoral de Costa Rica 2026»

Esta entrevista forma parte de la tarea que La Revista se ha propuesto de recabar opiniones y perspectivas de diversas voces sobre los procesos políticos y electorales que atraviesa la región. En esta ocasión conversamos con Elliot Coen, escritor, conferencista y consultor con más de cuarenta años de trayectoria en el diseño de estrategias de comunicación en América Latina. Especializado en mercadeo y comunicación política digital, ha asesorado múltiples procesos electorales, aportando metodologías innovadoras para la construcción de mensajes políticos de alto impacto y para la gestión estratégica de comunicación en entornos digitales.

Actualmente dirige Elliot Coen Consulting, firma dedicada al diseño y ejecución de campañas de comunicación y marketing político. Sus iniciativas han recibido reconocimiento internacional, y en 2024 obtuvo el premio a la Campaña Digital del Año otorgado por los Reed Latino. Es miembro activo de la Asociación Internacional de Comunicación Digital (Aicodi), la Asociación Latinoamericana de Comunicación Política (Alacop) y la Asociación Iberoamericana de Consultores, Comunicadores y Gestores Políticos (AICG).

Invitamos a nuestras lectoras y lectores a adentrarse en esta conversación y conocer de primera mano las opiniones y reflexiones de Elliot Coen, cuya experiencia en comunicación política y asesoría electoral ofrece una mirada estratégica y esclarecedora sobre los desafíos que enfrentan hoy las democracias y los procesos electorales en nuestra región.

El escenario actual

Costa Rica llega a este proceso electoral con una candidata oficialista que concentra un apoyo notable y una oposición dividida en múltiples frentes.

El momento político que vive el país es único. Observamos un liderazgo claro por parte del oficialismo frente a una fragmentación sin precedentes de la oposición. Los liderazgos opositores no terminan de convencer; en algunos casos, no por falta de capacidades, sino porque carecen de los recursos necesarios para darse a conocer y ganar el favor de la ciudadanía.

El gran ganador sigue siendo el «partido de los indecisos», que ronda el 45% del electorado. Por su parte, el oficialismo se ha consolidado porque su líder comprendió que la máxima de la política moderna: gobernar es comunicar. Lo ha hecho con éxito y su candidata, Laura Fernández, capitaliza hoy esa herencia.

En la «plaza digital», el liderazgo del continuismo es tan contundente como en las encuestas. Percibo la consolidación de un movimiento típicamente antisistema y, paralelamente, una crisis de representación. Las principales candidaturas de oposición (Ramos, Dobles, Robles, Alvarado, Hidalgo y Díaz) no logran despegar. Aunque alguna podría dar un salto en los próximos días, dudo que le alcance para superar a Fernández. A lo máximo que podrían aspirar es a forzar una segunda vuelta, un escenario que la oposición da por sentado pero que, personalmente, no veo tan claro el día de hoy.

– Antes de abordar las causas de la desunión, es crucial entender el contexto: el oficialismo supo leer el «humor social» de los costarricenses respecto a la política tradicional y canalizó ese descontento hacia un movimiento que castiga a «quienes les fallaron». Esa es su fuerza motora.

La oposición, en cambio, no comprende ese humor social. La prueba irrefutable es su incapacidad para atraer a los indecisos, convertirlos en votos y fidelizarlos. Al contrario, los repelen al insistir en campañas de odio de las que la ciudadanía ya está harta. De hecho, un estudio que realizamos en octubre reveló que para el 63% de los ticos, el conflicto social es provocado por la oposición.

Mi mamá siempre decía: «Donde uno no quiere, dos no pelean». La oposición ha servido de sparring para que el oficialismo consolide su movimiento, sin entender que la política de contraste no se gana gritando más fuerte. Algunos diputados han dañado su propia reputación al priorizar el ataque, comportándose como jefes de seguridad de un bar de mala muerte en lugar de congresistas. Ni legislar a gritos ni gobernar a gritos es lo que Costa Rica quiere. Desgraciadamente, en los partidos tradicionales (PLN, PUSC, PAC y FA) impera la mezquindad, el «juego de chapitas» y los egos, impidiendo la consolidación de un bloque opositor serio.

La fuerza del oficialismo

A pesar de las críticas a la gestión del gobierno, la figura oficialista conserva respaldo, especialmente entre sectores que valoran su discurso de autoridad o anticorrupción.

– Es simple: el oficialismo tiene una causa. Su causa es una cruzada contra un sistema que, según ellos, le ha fallado a los costarricenses; un sistema que las otras 19 candidaturas defienden. La gente se emociona con estas causas, a veces incluso en contra de sus propios intereses o ante la falta de logros tangibles, porque la política, aún más la electoral, es emocional, no racional.

El voto de continuidad responde a ese deseo de castigar un «sistema fallido». Esto es evidente cuando se investigan las razones de la falta de logros: la respuesta mayoritaria es que «el sistema no deja trabajar al presidente». Hábilmente, el oficialismo interpreta esto y agrega una nueva meta a su movimiento antisistema: «necesitamos 40 diputados

Redes sociales y polarización

El debate público se ha trasladado a las redes sociales, donde predomina el enfrentamiento, la desinformación y el discurso agresivo.

– El campo de batalla de los asuntos públicos se trasladó a las redes sociales hace años. La vieja premisa de «quien tiene la información tiene el poder» sigue vigente, pero la propiedad de esa información cambió. Antes pertenecía al capital y a los dueños de los medios de comunicación; hoy, gracias a internet y al smartphone, el poder se trasladó al ciudadano. La comunicación ya no es vertical, sino horizontal.

El oficialismo entendió esto e invirtió con éxito en el terreno digital, mientras que los partidos y medios tradicionales siguen sin enterarse. En la plaza digital se construyen percepciones a través de emociones. Nos guste o no, en la era digital, la verdad no son los hechos, son las percepciones

Abstencionismo y apatía

En las últimas elecciones, el abstencionismo ha superado el 40 %, reflejando un cansancio generalizado hacia la política tradicional.

– El abstencionismo es clave. La pregunta fundamental es: ¿Cuál es la causa que motivará al elector a votar este febrero?. El oficialismo tiene una causa clara, lo que explica el ascenso de Laura Fernández cuando baja los indecisos. Ella esta convirtiendo. La oposición, sin embargo, no inspira; se percibe como «más de lo mismo», algo de lo que estamos hastiados. No convierte indecisión en simpatía por falta de una causa que motive.

Los jóvenes no valoran el voto, la abolición del ejército o la seguridad social como «conquistas», porque nacieron con ellas; las dan por sentadas y no vivieron el costo social de construirlas. Buscan algo nuevo y nadie se los ofrece. Por otro lado, la clase media urbana ha interiorizado que debe salir adelante por sus propios medios y que el gobierno no les resolverá sus problemas. Sin credibilidad en los políticos, la respuesta común es: «A mí no me cambia nada quién sea el presidente». Las razones racionales que damos «los que peinamos canas» no movilizan; solo las emociones lo hacen. Para ganar hay que emocionar.

Un voto cada vez más impredecible

Los últimos cuatro comicios demostraron que las tendencias pueden revertirse en cuestión de semanas y que la volatilidad del electorado es la nueva norma.

– La teoría de la «Espiral del Silencio», vista recientemente en elecciones como la de Bolivia, sugiere que podría haber sorpresas, especialmente en quién ocupe el segundo lugar. Veo difícil que Laura Fernández sea superada, pues el oficialismo hizo su tarea y la oposición no. Sin embargo, es posible que los indecisos se decanten por opciones distintas a las previstas por las encuestas, forzando una segunda vuelta.

En política todo es posible, pero apostar toda la estrategia a factores incontrolables es un error típico del «juego de chapitas» de la política tradicional. Las elecciones pasadas que se revirtieron al final respondieron a disparadores ajenos a las campañas. No hay que engañarse: el que juega con fuego, termina quemándose

Narrativas y emociones en campaña

Las campañas parecen haberse transformado en ejercicios de marketing más que en debates de ideas.

–La oposición ha fallado en plantear el verdadero dilema moral de esta elección. Ahí tenían una oportunidad, pero su narrativa actual solo refuerza la del oficialismo. Aunque alguna de las 19 candidaturas podría intentar un giro discursivo, dudo que tengan el tiempo y los recursos para posicionarlo en tres semanas.

Hasta hace unos seis meses hubo espacio para una campaña de reconciliación nacional, pero algunos dirigentes opositores prefirieron esperar, calculando alianzas para una eventual segunda ronda. El riesgo es alto: si no hay segunda ronda, la estrategia muere. Y si la hay, el costo de esa unidad —en compromisos y puestos— será altísimo.

El papel de los medios

La comunicación política ha cambiado: los medios tradicionales enfrentan la pérdida de credibilidad mientras las plataformas digitales multiplican voces y desinformación.

– Si hablamos de los medios tradicionales, tienen una gran responsabilidad en la polarización. Al igual que los políticos tradicionales, no han entendido que el monopolio de la información ya no les pertenece; ahora es de la ciudadanía. El poder de poseer la propiedad de la información ya no les pertenece. Es propiedad ahora es de la ciudadanía gracias al internet y los teléfonos celulares. Los medios tradicionales tienen las herramientas, pero no saben usarlas en la era digital, lo que ha abierto una brecha enorme con la audiencia.

Su credibilidad ha caído drásticamente (estudios de Oxford la sitúan en un 23% en Latinoamérica). Deben superar este desafío para recuperar influencia. Por otro lado, los medios digitales e influencers generan opinión según su línea editorial, pero su moneda de cambio sigue siendo la credibilidad, el que la tiene, por percepciones, no por hechos, impone la narrativa. Hoy, un ciudadano común puede tener tanta influencia como un medio establecido, porque el mensaje dejo de viajar jerárquicamente del editor al ciudadano para viajar horizontalmente, de ciudadano a ciudadano.

Gobernabilidad y Asamblea Legislativa

Más allá de la presidencia, el nuevo Congreso será decisivo en la estabilidad del país.

– El electorado costarricense ha sido inteligente al no concentrar el poder en un solo partido, como vimos hace cuatro años. Creo que esta lógica se mantendrá, pero con una diferencia sustancial: esta vez, la fracción más grande no será de oposición, sino oficialista.

Esto cambiará las reglas del juego. La narrativa de «no me dejan gobernar» perdería peso, lo que podría debilitar el apoyo al movimiento antisistema. Sería una oportunidad para que la oposición se articule mejor, si no cometen los mismos errores de este cuatrienio. No obstante, el oficialismo presenta muchas candidaturas sin arraigo territorial, lo que podría costarles curules y debilitar su fracción final. Veremos.

Perspectiva final

A la luz de todas estas variables —polarización, redes sociales, fragmentación partidaria y abstencionismo—, el panorama parece tan incierto como en los últimos procesos.

– Definitivamente, a nivel del electorado hay un cambio político profundo: la priorización de la candidatura (la persona) por encima del partido. Esto es evidente en la elección ejecutiva de este año.

El elector quiere elegir directamente, sin la intermediación de las divisas políticas. Esto podría impulsar futuras reformas para elegir diputados por nombre y no por lista, o potenciar figuras independientes, un modelo que en Panamá ha dado resultados muy combativos. Aunque estamos lejos de eso, es una discusión necesaria para la salud de nuestra democracia.

El electorado esta pidiendo cambios. ¿Esta la oposición preparadas para darlos?

Para cerrar, les recomiendo leer mi última publicación: «Son las personas, ¡estúpido!: Lo que nadie te enseñó sobre cómo comunicar para ganar, vender y movilizar». Y es que es cierto que vivimos en un mundo saturado de mensajes, pantallas y promesas vacías, y las estrategias y técnicas que hemos venido utilizando hasta hace poco ya no funcionan. Pero la buena noticia es que existen nuevas oportunidades para conectar con nuestros públicos, y que estas no dependen del presupuesto, del poder ni de los algoritmos: se trata de dejar de hablar y empezar a conectar.

Confiamos en que este acercamiento motive a nuestras lectoras y lectores a profundizar en la entrevista completa con Elliot Coen y a incorporar sus planteamientos al debate que La Revista viene impulsando con distintas voces del ámbito profesional y político. En un momento de cambios acelerados, estas miradas especializadas resultan valiosas para comprender con mayor claridad los retos que Costa Rica enfrenta rumbo al 2026.

El escenario actual exige ir más allá de las lecturas superficiales del acontecer político. Comprender las raíces de la crisis de representación y la creciente volatilidad del electorado requiere análisis serios y perspectivas diversas. Con ese propósito, La Revista reafirma su compromiso de aportar al entendimiento de la realidad nacional, integrando reflexiones de especialistas y actores de distintos orígenes y corrientes de pensamiento. Creemos que solo a través de este intercambio plural y riguroso es posible fortalecer el criterio ciudadano y contribuir a decisiones informadas sobre el futuro del país.

Les invitamos a leer las entrevistas anteriores:"|es
larevistacr|https://www.larevista.cr/sergio-araya-la-volatilidad-del-electorado-es-la-nueva-norma/|Sergio Araya: «La volatilidad del electorado es la nueva norma»|2025-12-28|2026-05-16 12:45:52|BOLETIN|"Esta entrevista forma partes de la serie de La Revista: «Panorama electoral de Costa Rica 2026»

En el marco del ciclo de entrevistas rumbo a las Elecciones 2026, le invitamos cordialmente a sumergirse en la lectura completa de este diálogo con Sergio Araya, cuya profundidad analítica arroja luz sobre las mutaciones que vive nuestra democracia. Este intercambio no solo disecciona la crisis de representación y el auge de los liderazgos emocionales, sino que también sirve como un puente para profundizar en las temáticas estructurales que ya han venido siendo analizadas por diversos y distinguidos profesionales y políticos en este espacio de reflexión colectiva.

La mirada clínica de Sergio Araya sobre la volatilidad del electorado, el impacto de la desinformación digital y la transformación de los partidos políticos en simples vehículos electorales, ofrece una perspectiva indispensable para cualquier ciudadano interesado en los desafíos más álgidos del país. Comprender estas dinámicas, desde la erosión de las lealtades tradicionales hasta el peso de los algoritmos en la decisión del voto, es un paso fundamental para participar con responsabilidad en el debate público que definirá el futuro de Costa Rica.

Le instamos a continuar explorando estas reflexiones, donde la pluralidad de voces y el rigor académico se unen para alimentar un debate ciudadano informado. Descubra cómo el diagnóstico de Sergio Araya se entrelaza con las visiones de otros colaboradores de La Revista, construyendo así una herramienta imprescindible para decidir con conciencia ante los cambios profundos que ya vislumbramos en nuestro horizonte político.

El escenario actual

Costa Rica llega a este proceso electoral con una candidata oficialista que concentra un apoyo notable y una oposición dividida en múltiples frentes.

En este caso, lo que llaman el oficialismo es, en realidad, la adherencia a lo que simboliza un liderazgo concreto que, de alguna forma, conecta emocionalmente con un segmento del electorado que se identifica con su narrativa y con su praxis. En esta elección, lógicamente, al no poder postularse ese liderazgo —dada la prohibición constitucional que impide la reelección sucesiva— buscan una figura que de alguna forma pueda representarlo para articular y canalizar esos apoyos hacia esa tercera persona.

Ciertamente, esto también refleja una crisis de representación política, por cuanto el vehículo que utiliza este tercero —en este caso la candidata oficialista— es tan solo eso, así reconocido por sus principales liderazgos: un vehículo del que perfectamente se podría prescindir pasado el proceso electoral. Así ocurrió en el 2022 con el partido que llevó al poder a ese liderazgo que, a lo largo de estos ya casi cuatro años de ejercicio gubernamental, ha ido construyendo vasos comunicantes y lazos emocionales con ese segmento de la población que hoy le apoya y le sigue de manera incondicional.

– Nuevamente, es una combinación de variables. Ciertamente, los partidos políticos tampoco tienen una identidad clara ni una apuesta definida más allá de narrativas circunstanciales y coyunturales respecto a ciertos temas. Prevalecen los intereses de poder y, muchas veces, los afanes de protagonismo; eso se refleja tanto al interior de cada partido como cuando estas agrupaciones ya tienen sus candidaturas designadas.

La posibilidad de haberse convertido en una suerte de contención a ese movimiento que se viene construyendo en torno a este liderazgo concreto —que hoy encarna el señor Presidente de la República— se vio imposibilitada por sus propios intereses, sus visiones de corto plazo y sus afanes de poder.

La fuerza del oficialismo

A pesar de las críticas a la gestión del gobierno, la figura oficialista conserva respaldo, especialmente entre sectores que valoran su discurso de autoridad o anticorrupción.

– Una conexión emocional con la narrativa es lo que provoca esa adherencia y vinculación, más allá de que la gestión de gobierno sea evaluada en menor grado, incluso por aquellos que respaldan a la figura del presidente. Es evidente que el tema programático no pesa al momento de este tipo de conexión.

El presidente, a propósito de la crisis de representación política aludida antes, pareciera haber encarnado un arquetipo en el que un sector de la población se identifica y se siente representado. Esto es clave para explicar por qué sus índices de respaldo, si bien han decrecido respecto al inicio, se mantienen muy por encima de otros mandatarios a estas alturas de su periodo constitucional. Siempre están por encima de lo que es la gestión de gobierno; de hecho, hay temas donde se cuestiona la eficacia de la política pública, como en seguridad o educación, pero ese segmento conectado emocionalmente encuentra una justificación en la narrativa de buscar culpables externos.

Redes sociales y polarización

El debate público se ha trasladado a las redes sociales, donde predomina el enfrentamiento, la desinformación y el discurso agresivo.

– Es un fenómeno global. La irrupción de las redes y el involucramiento cada vez mayor de la gente en la dimensión digital está reconfigurando la dinámica política que caracterizó a las sociedades democráticas en la segunda mitad del siglo XX. Hoy las variables son de tipo digital: el algoritmo influye e incide para marcar el rumbo de la aguja electoral.

Se ha advertido una agresiva acción digital que incluye elementos críticos de desinformación, construcción de verdades alternativas y sesgos. Casos como el Brexit, el referéndum de paz en Colombia o elecciones presidenciales en Europa y Estados Unidos reflejan cómo la dinámica político-electoral se reproduce hoy mayoritariamente en lo digital. Observatorios como el de la U Latina dan fe de cómo el énfasis de las campañas se ha desplazado de lo analógico a lo digital.

Abstencionismo y apatía

En las últimas elecciones, el abstencionismo ha superado el 40 %, reflejando un cansancio generalizado hacia la política tradicional.

– El abstencionismo es un fenómeno que crece desde 1998, alcanzando su clímax paradójicamente en la elección con mayor oferta electoral (25 candidaturas presidenciales). Los estudios reflejan que esta ampliación de la oferta, lejos de motivar, genera estrés, ansiedad y disconformidad en la población.

Para el grueso de la gente, los asuntos políticos ocupan un lugar marginal en su cotidianidad; al ver una oferta tan amplia, tienden a paralizarse. El abstencionismo es una señal de frustración o falta de conciencia cívica sobre el papel protagónico del sufragio. No parece que para el 2026 este fenómeno vaya a decrecer; es probable que se manejen porcentajes similares al 2022 debido al clima de enojo, apatía y desgano que no se ha disipado.

Un voto cada vez más impredecible

Los últimos cuatro comicios demostraron que las tendencias pueden revertirse en cuestión de semanas y que la volatilidad del electorado es la nueva norma.

– Sí lo hay. No solo en Costa Rica. Es una tendencia reciente generalizada, no solo en América Latina.

El electorado costarricense del siglo XXI se caracteriza por la volatilidad, lo que puede generar escenarios inesperados de último momento. Un voto silencioso o una circunstancia específica puede activar el interés de la población para evitar algo, arrojando resultados que no se vislumbraban en los estudios de opinión.

Mucho depende de situaciones externas que mueven la aguja, como ocurrió en 2018 con la opinión consultiva de la Corte Interamericana sobre matrimonio igualitario. En esta ocasión, una sensibilidad sobre el riesgo de la estabilidad democrática podría propiciar un movimiento que hoy no está en el radar. Todo es posible con un electorado poco alineado y altamente volátil.

Narrativas y emociones en campaña

Las campañas parecen haberse transformado en ejercicios de marketing más que en debates de ideas.

–Lo ideal sería una campaña sustentada en valores y discusión programática, pero en escenarios de polarización, el miedo y la descalificación mutua juegan un rol activo para propiciar la acción de votar. Temas como la seguridad, vinculados al enojo y al miedo, no permiten predecir una campaña de tono positivo.

Existe una preeminencia de lo emocional sobre lo cognitivo. El enojo y la molestia llevan a un voto negativo: la gente vota más para evitar que algo que rechazan se concrete que para acuerpar una postura específica.

El papel de los medios

La comunicación política ha cambiado: los medios tradicionales enfrentan la pérdida de credibilidad mientras las plataformas digitales multiplican voces y desinformación.

– Seguimos en una transición donde los medios analógicos y escritos pierden fuerza, obligándolos a incursionar en lo digital o incluso desplazar lo físico. Sin embargo, la televisión sigue jugando un rol importante al informar y generar la decisión final del voto.

El problema es que los medios han perdido el monopolio de la intermediación informativa; ahora son un actor más entre múltiples generadores de contenido en redes sociales. Además, los algoritmos potencian los sesgos y refuerzan las creencias previas de los usuarios, moldeando la decisión del voto que antes dependía de alineamientos partidistas, la familia o la Iglesia.

Gobernabilidad y Asamblea Legislativa

Más allá de la presidencia, el nuevo Congreso será decisivo en la estabilidad del país.

– Pese a que en 2022 hubo más de 30 partidos para la Asamblea, la representación real se redujo a seis. Estamos en un escenario de minorías donde ni siquiera el oficialismo es la primera minoría.

Para 2026 es poco probable volver a las mayorías robustas de los años 80 o 90. La expectativa es una Asamblea de cinco o seis bancadas donde ninguna tenga control absoluto. Esto obligará a mantener una vocación de acuerdos y negociaciones, algo de lo que se ha adolecido en este periodo constitucional de polarización.

Perspectiva final

A la luz de todas estas variables —polarización, redes sociales, fragmentación partidaria y abstencionismo—, el panorama parece tan incierto como en los últimos procesos.

– Costa Rica, al igual que el mundo, entra en una transformación similar a la Revolución Industrial impulsada por cambios técnicos. El sistema de partidos mantiene vigencia solo por el monopolio constitucional de representación, pero habría que analizar si esto es sostenible sin cambios estructurales que permitan, por ejemplo, candidaturas de libre postulación.

La praxis política debe comprender un nuevo concepto de ciudadanía y representación. Estamos ante una dinámica de cambios que puede ser dirigida o simplemente seguirá una lógica propia que afectará a la sociedad, con o sin el involucramiento consciente de los actores políticos.

Esperamos que esta información sirva a nuestros lectores para profundizar en la entrevista completa con Sergio Araya y reflexionar sobre las temáticas que ya han venido siendo analizadas por diversos profesionales y políticos en este ciclo de La Revista. En tiempos de transformaciones profundas, estas visiones expertas constituyen una herramienta esencial para comprender con rigor los desafíos que enfrenta Costa Rica de cara al 2026.

Ante la complejidad del panorama actual, se vuelve imperativo buscar una mayor comprensión del fenómeno político, trascendiendo las narrativas superficiales para alcanzar un análisis que desentrañe las causas de la crisis de representación y la volatilidad ciudadana. Con este propósito, La Revista mantiene su compromiso de contribuir al esclarecimiento de la realidad nacional, integrando las ideas de especialistas y figuras calificadas de muy diverso origen y pensamiento. Creemos firmemente que solo a través de este contraste de visiones plurales y rigurosas, los ciudadanos podrán contar con el criterio necesario para navegar y decidir con responsabilidad en los procesos que definirán el futuro del país.

Les invitamos a leer las entrevistas anteriores:"|es
larevistacr|https://www.larevista.cr/yadira-calvo-costa-rica-no-puede-haber-perdido-en-tan-poco-tiempo-su-raiz-democratica-y-pacifista/|Yadira Calvo: «Costa Rica no puede haber perdido en tan poco tiempo su raíz democrática y pacifista»|2025-12-21|2026-05-16 12:45:52|BOLETIN|"Esta entrevista forma partes de la serie de La Revista: «Panorama electoral de Costa Rica 2026»

Figura imprescindible del pensamiento crítico y de la lucha por los derechos humanos en Costa Rica, Yadira Calvo es una de las voces intelectuales más respetadas del país. Su trayectoria como escritora le ha valido numerosos reconocimientos, entre ellos el más alto honor cultural que otorga el Estado costarricense: el Premio Nacional de Cultura Magón.

Más allá de la literatura, la señora Calvo ha sido una activista incansable, comprometida de forma constante con la defensa de los Derechos Humanos y, de manera primordial, con la igualdad de la mujer. Su palabra, siempre directa y coherente, aporta una mirada lúcida en tiempos de incertidumbre política, y convierte esta conversación en un ejercicio necesario de reflexión democrática.

Para La Revista es una gran satisfacción contar con Yadira Calvo como una de sus permanentes colaboradoras.

A pocos meses de las elecciones presidenciales y legislativas, Costa Rica atraviesa un clima político de alta tensión e incertidumbre. Las encuestas más recientes coinciden en un mismo punto: la candidata del oficialismo mantiene una ventaja considerable, mientras la oposición se encuentra profundamente fragmentada, sin un liderazgo claro ni una narrativa que logre conectar con el electorado.

A esto se suma un ambiente de creciente polarización, amplificado por las redes sociales y por una ciudadanía que alterna entre el desencanto y la indignación. En las últimas cuatro elecciones los resultados fueron completamente impredecibles, con sorpresas de última hora que desafiaron a las encuestadoras y reconfiguraron el tablero político. En ese contexto, nada parece estar dicho para 2026.

El escenario actual

Costa Rica llega a este proceso electoral con una candidata oficialista que concentra un apoyo notable y una oposición dividida en múltiples frentes.

– Pensar que el oficialismo se esté consolidando, es equivalente a haber perdido los valores que históricamente han hecho de Costa Rica un país democrático, a aceptar que las conductas dictatoriales constituyen una forma legítima de gobernar.

Me niego a pensar que esa degradación pudiera haberse generado en el país en unos pocos años. Tal vez estamos más bien ante una crisis de representación.

.Las causas de la fragmentación

El campo opositor parece atomizado: distintos partidos presentan candidatos con escaso margen de crecimiento, sin lograr formar alianzas o consensos mínimos.

– Supongo que se trata de una mezcla de todo eso.

La fuerza del oficialismo

A pesar de las críticas a la gestión del gobierno, la figura oficialista conserva respaldo, especialmente entre sectores que valoran su discurso de autoridad o anticorrupción.

– Me da la impresión de que el respaldo viene no tanto del discurso de autoridad y anticorrupción, porque su discurso es más bien anti-intituciones.

Tengo la impresión de que los sectores que lo siguen son más bien aquellos que se identifican con la imagen de rudeza y palurdez que este gobierno representa.

– No sabría decirlo.

Redes sociales y polarización

El debate público se ha trasladado a las redes sociales, donde predomina el enfrentamiento, la desinformación y el discurso agresivo.

– No sé hasta qué punto influye. Lo que sí creo es que este clima digital es en gran parte producto del discurso violento y agresivo que proviene del gobierno.

Abstencionismo y apatía

En las últimas elecciones, el abstencionismo ha superado el 40 %, reflejando un cansancio generalizado hacia la política tradicional.

– Creo que se hace difícil la elección cuando las candidaturas son muchas y las ofertas de los políticos se quedan en promesas sin cumplir. Esto lleva a la población a dudar de la sinceridad de los aspirantes al poder.

Un voto cada vez más impredecible

Los últimos cuatro comicios demostraron que las tendencias pueden revertirse en cuestión de semanas y que la volatilidad del electorado es la nueva norma.

– Creo que esto podría depender de qué grado de confianza proyecte cada persona candidata a través de los valores a que apela su propaganda.

Narrativas y emociones en campaña

Las campañas parecen haberse transformado en ejercicios de marketing más que en debates de ideas.

– Tengo la esperanza de que se pueda generar ese espacio de conciliación. A pesar de los intentos del actual gobierno, Costa Rica no puede haber perdido en tan poco tiempo su raíz democrática y pacifista.

El papel de los medios

La comunicación política ha cambiado: los medios tradicionales enfrentan la pérdida de credibilidad mientras las plataformas digitales multiplican voces y desinformación.

– Eso no lo sé. Me parece que los medios digitales son incontrolables y actúan desde donde pueden eludir cualquier responsabilidad. Los medios tradicionales, por otra parte, con frecuencia han mostrado rendirse fácilmente a órdenes que no son compatibles con la información veraz..

Gobernabilidad y Asamblea Legislativa

Más allá de la presidencia, el nuevo Congreso será decisivo en la estabilidad del país.

– No sabría contestar esta pregunta

Perspectiva final

A la luz de todas estas variables —polarización, redes sociales, fragmentación partidaria y abstencionismo—, el panorama parece tan incierto como en los últimos procesos.

– Podría ser que esté ocurriendo una transformación silenciosa. Es muy difícil conjeturar qué realmente está pasando.

Me parece que las dos últimas elecciones han mostrado cierta endeblez en el sistema democrático.

Las palabras de Yadira Calvo no ofrecen respuestas cómodas ni salidas fáciles, pero sí una llamada urgente a la reflexión colectiva. Su lectura del momento político costarricense apunta, sin estridencias, a una preocupación profunda por el debilitamiento de valores que durante décadas sostuvieron la democracia del país. En un escenario dominado por la fragmentación, la desconfianza y la polarización, su voz recuerda que el voto no es solo una decisión electoral, sino un acto de responsabilidad histórica. De cara a 2026, más que nombres o consignas, lo que está en juego es la vigencia misma de una cultura democrática que hoy exige ser defendida con criterio, memoria y valentía cívica."|es
larevistacr|https://www.larevista.cr/patricia-mora-el-abstencionismo-tambien-es-una-huelga-electoral-pasiva/|Patricia Mora: “El abstencionismo también es una huelga electoral pasiva”|2025-12-14|2026-05-16 12:45:52|BOLETIN|"Esta entrevista forma partes de la serie de La Revista: «Panorama electoral de Costa Rica 2026»

Durante décadas, Patricia Mora Castellanos ha sido una de las voces más firmes y coherentes del pensamiento crítico en Costa Rica. Su liderazgo —marcado por la defensa de los derechos humanos, la equidad, el feminismo y el fortalecimiento del Estado social de derecho— le ha otorgado un lugar indiscutible en la vida pública del país. Para La Revista es un gusto abrir esta conversación con una figura que, más allá de los cargos que ha ocupado, ha demostrado una vocación constante por comprender y explicar el país con rigor, sensibilidad y compromiso democrático.

La Revista inició una serie de entrevista “Elecciones 2026”, lo cual es un esfuerzo editorial que busca ofrecer a la ciudadanía información seria, plural y reflexiva en un momento decisivo para la democracia costarricense. El proceso electoral que se avecina estará marcado por la fragmentación política, la incertidumbre y la posibilidad —cada vez más mencionada en distintos análisis— de que el Frente Amplio, fuerza donde Patricia Mora ha sido referente por años, figure entre los actores competitivos ante una eventual segunda ronda. En ese contexto, escucharla no solo ilumina el panorama, sino que permite comprender mejor las tensiones, riesgos y oportunidades que definirán el rumbo del país en los próximos meses.

Entrevista: Panorama electoral en Costa Rica

A pocos meses de las elecciones presidenciales y legislativas, Costa Rica atraviesa un clima político de alta tensión e incertidumbre. Las encuestas más recientes coinciden en un mismo punto: la candidata del oficialismo mantiene una ventaja considerable, mientras la oposición se encuentra profundamente fragmentada, sin un liderazgo claro ni una narrativa que logre conectar con el electorado.

A esto se suma un ambiente de creciente polarización, amplificado por las redes sociales y por una ciudadanía que alterna entre el desencanto y la indignación. En las últimas cuatro elecciones los resultados fueron completamente impredecibles, con sorpresas de última hora que desafiaron a las encuestadoras y reconfiguraron el tablero político. En ese contexto, nada parece estar dicho para 2026.

El escenario actual

Costa Rica llega a este proceso electoral con una candidata oficialista que concentra un apoyo notable y una oposición dividida en múltiples frentes.

– El retrato que nos muestran las dos últimas encuestas del CIEP y otras encuestas serias no permitirían afirmar que estamos frente a una consolidación del oficialismo. Dirían que la candidatura de Laura Fernández va adelante, pero nada impide que la fotografía sea otra conforme avance la campaña electoral, como ha ocurrido en las últimas elecciones donde se ha definido en el balotaje.

Es un hecho real que hoy día la gente desconfía de los partidos políticos y prefiere votar por personas con las que se identifica más allá de la bandera. Es posible que en diciembre y enero una parte del electorado que se encuentra indeciso e incluso entre los que tiene ya alguna definición y son proclives al cambio, busquen informarse sobre las candidaturas, verán alguno de los debates, conversarán en sus círculos más cercanos y finalmente se decidirán por una de las opciones democráticas de oposición a la corriente conservadora neoliberal que representa Laura Fernández.

En el Frente Amplio confiamos en las reservas democráticas del pueblo costarricense, la mayoría de la población rechazará el autoritarismo o convertirnos en una autocracia electoral el 1 de febrero de 2026.

Las causas de la fragmentación

El campo opositor parece atomizado: distintos partidos presentan candidatos con escaso margen de crecimiento, sin lograr formar alianzas o consensos mínimos.

– La oposición no es un conglomerado homogéneo. Hay candidaturas que pueden ser igual de conservadoras y neoliberales o más que Laura Fernández, como Natalia Díaz, José Aguilar o Fabricio Alvarado. Hay otras que son parte de la oposición democrática, en mayor o menor grado progresista, como Ariel Robles, Claudia Dobles o Álvaro Ramos.

En el terreno de las políticas económicas no se puede esconder que partidos como el PLN, el PUSC, el PLP y el PAC son responsables del impulso del modelo neoliberal y los dos primeros han colaborado desde el parlamento con el gobierno de Rodrigo Chaves para darle continuidad, tales los casos de la precarización laboral o la privatización del mercado eléctrico.

En realidad, la diferencia en la papeleta solo la hace el Frente Amplio que es la alternativa progresista y de izquierda democrática frente al pasado y presente neoliberal y las agendas conservadoras. De cara a una eventual segunda ronda la esperanza de un cambio en beneficio de las mayorías la representa Ariel Robles.

La fuerza del oficialismo

A pesar de las críticas a la gestión del gobierno, la figura oficialista conserva respaldo, especialmente entre sectores que valoran su discurso de autoridad o anticorrupción.

– El apoyo popular al gobierno es cierto, es en gran medida el grito desesperado de las víctimas del modelo neoliberal que les ha saqueado las últimas décadas. La gente no apoya el neoliberalismo ideológicamente, apoya a quien promete «golpear la mesa» porque se sienten desprotegidos. Tras décadas de ver cómo el Estado se achicaba y los servicios públicos decaían (datos del Estado de la Nación confirman la caída en inversión social), el votante busca un «salvador», “un mesías”. Todavía no se dan cuenta que el gobierno construye una hegemonía para una nueva élite de “ticos con corona” que sustituye a la “vieja política”, pero profundizando el neoliberalismo con el abandono del agro, la privatización de instituciones, la desprotección ambiental, etcétera.

El surgimiento de proyectos políticos ultraconservadores y autoritarios se viene dando en América Latina, nos es exclusivo de Costa Rica. Bolsonaro y Bukele son los ejemplos que sigue Chaves y que pretende heredar a Laura Fernández. Se apoyan en el malestar de la gente con la política tradicional, crean enemigos y hacen de la confrontación una diaria tragedia, buscan eliminar los contrapesos constitucionales, violentan la libertad de expresión. El líder destila odio, hostiga, persigue a los opositores. Son una amenaza para la democracia.

Redes sociales y polarización

El debate público se ha trasladado a las redes sociales, donde predomina el enfrentamiento, la desinformación y el discurso agresivo.

– Las encuestas dicen que todavía la manera en que el costarricense se informa de la política electoral es variado, ve televisión, escucha radio, lee periódicos y participa de las redes sociales. Y también es cierto que estas últimas, las redes sociales, envenenan el ambiente, provocan la confrontación, fomentan la violencia, no permiten un debate informado.

Hay una parte del electorado que hace suyas las fake news (noticas falsas), las conspiraciones y las falsificaciones que le llegan por las redes. Y también hay otra parte del electorado que procura salirse de ese ambiente enrarecido y piensa con cabeza propia, busca los programas de las candidaturas y los partidos, los compara y decide. En el Frente Amplio estamos por eso poniendo énfasis en la divulgación de nuestro programa de gobierno, construido con participación de la gente y abierto a las contribuciones que puedan surgir desde la sociedad.

Los esfuerzos serios para combatir la desinformación deben ser apoyados para que la campaña electoral, en la medida de lo posible, se descontamine y el electoral tenga información cierta para adoptar sus decisiones.

Abstencionismo y apatía

En las últimas elecciones, el abstencionismo ha superado el 40%, reflejando un cansancio generalizado hacia la política tradicional.

– El abstencionismo tiene varias causas, hay personas que no pueden votar porque están enfermas, porque tienen que trabajar ese día lejos de su centro de votación o porque su religión les pide no hacerlo. Hay quienes dicen no votar porque todos los políticos son iguales de corruptos o porque el gobierno no le resuelve sus problemas, dicen que si no trabajan no comen y que su trabajo no depende del gobierno. El abstencionismo también es una huelga electoral pasiva contra un sistema que dejó de resolver problemas básicos. La gente joven y de zonas costeras, las clases medias urbanas, no votan porque sienten que «todos son iguales». Es resultado también de una despolitización general, de la destrucción de prácticas que organizan políticamente a una sociedad más allá de los partidos, en los barrios, los lugares de trabajo y estudio.

Un voto cada vez más impredecible

Los últimos cuatro comicios demostraron que las tendencias pueden revertirse en cuestión de semanas y que la volatilidad del electorado es la nueva norma.

– Parece que, como en comicios anteriores, las personas indecisas se irán definiendo hasta el final, mientras entre las personas decididas a votar sus preferencias pueden ir cambiando según las señales que vayan recibiendo y los hechos de la coyuntura.

El oficialismo en la figura del presidente Chaves ha entrado en confrontaciones con sectores sociales e instituciones que pueden deteriorar el apoyo a Laura Fernández, tales los casos del sector agrícola vilipendiado y enviado a sembrar marihuana en vez de los productos básicos de la mesa de los costarricenses o la subasta de frecuencias del espectro radioeléctrico que se convirtió en un enfrentamiento con los empresarios de radio y televisión y con la alta jerarquía de la Iglesia Católica.

Hay también un electorado que rehúye la confrontación de redes, que madura su voto de manera informada, que no es estridente y más bien es cauteloso. Esta parte del electorado puede dar sorpresas.

Narrativas y emociones en campaña

Las campañas parecen haberse transformado en ejercicios de marketing más que en debates de ideas.

– Respecto a la polarización y la posibilidad de una reconciliación: la política se ha masculinizado en el peor sentido (agresividad, gritos, amenazas). Creo que deberíamos feminizar la política: poner en el centro los cuidados, la empatía y la defensa de la vida digna.

Lula no se ha cansado de repetir que al miedo lo vence la esperanza. Me parece que es por ahí. Tener confianza de que, si se puede acabar con las injusticias y las discriminaciones, que se puede avanzar en la reducción de la pobreza, en el fomento de la producción agropecuaria nacional, en el mejoramiento de la seguridad, que se puede construir un mundo sin violencia para las mujeres, que se puede aspirar a un desarrollo amigable con el ambiente, que se puede dar educación de alta calidad desde la primaria hasta la universidad, que se puede pagar la deuda del Estado con la CCSS y mejorar los servicios de salud.

El papel de los medios

La comunicación política ha cambiado: los medios tradicionales enfrentan la pérdida de credibilidad mientras las plataformas digitales multiplican voces y desinformación.

– No hay duda de que la irrupción de las redes sociales hizo que variaran las formas de comunicarse y de como fluye la información y la desinformación en las sociedades actuales. Los medios de comunicación tradicionales eran parte indiscutible de los poderes fácticos y como tales orientaban la opinión pública según sus intereses políticos, ideológicos y económicos, a través de una comunicación vertical. Hay quienes dicen que estos medios “sembraron vientos neoliberales y ahora cosechan tempestades populistas autoritarias”.

Hoy ese poder de decisión esta siendo cuestionado por la irrupción de medios de comunicación digitales de alcance nacional y regional, así como de la posibilidad de la ciudadanía de expresar sus opiniones sin mediaciones en las redes sociales.

Lamentablemente esta democratización de la información también ha traído fenómenos negativos como las fake news (noticias falsas), la multiplicación de teorías conspirativas, los shows mediáticos desde la casa presidencial, el linchamiento mediático de opositores, la persecución de las instituciones democráticas, etc.

Una parte de los medios tradicionales, que también son perseguidos, me parece que están colaborando en el desmantelamiento de toda esa propaganda mentirosa y que es de desear lo sigan haciendo.

Gobernabilidad y Asamblea Legislativa

Más allá de la presidencia, el nuevo Congreso será decisivo en la estabilidad del país.

– En las actuales condiciones es muy peligroso que la Asamblea Legislativa se convierta en una “mayoría mecánica” de un proyecto político autoritario, una maquila de leyes que se tramitan rápido y sin ningún debate democrático. Esto ya ocurrió en el pasado cuando el PLUSC aprobó la agenda de implementación del TLC con los Estados Unidos, con lujosas mayorías, pero sin considerar los efectos para la población y la institucionalidad.

Hay que evitar que en la próxima Asamblea Legislativa se consolide una «aplanadora», donde el populismo autoritario del gobierno y los intereses corporativos se unan para terminar de desmantelar el Estado Social de Derecho, disfrazando de «eficiencia» lo que en realidad es la continuidad del modelo neoliberal.

La Asamblea Legislativa debe seguir siendo el primer poder de la República, el lugar donde están representadas y se contrastan las distintas concepciones políticas, económicas, sociales y culturales que existen en la sociedad. La presencia de varias bancadas parlamentarias o de fracciones unipersonales en el pasado no ha sido obstáculo para llegar a acuerdos que permitan consensuar proyectos de ley y avanzar. La clave está en el diálogo y la negociación, algo a lo que ha renunciado el oficialismo en el gobierno de Chaves.

Bajo esta lógica la estabilidad democrática no nacerá de mayorías mecánicas y sumisas que aprueben leyes sin debate, sino de recuperar la decencia política para enfrentar la crisis de representación. El Frente Amplio se perfila como un muro de contención ético y como una alternativa capaz de articular una gobernabilidad sustantiva basada en la justicia social; es decir, construir acuerdos transparentes para que los sectores más ricos contribuyan lo justo y se detenga el saqueo de instituciones clave como la CCSS.

Perspectiva final

A la luz de todas estas variables —polarización, redes sociales, fragmentación partidaria y abstencionismo—, el panorama parece tan incierto como en los últimos procesos.

– Lejos de presenciar un cambio político profundo que altere las raíces de la desigualdad, lo que Costa Rica enfrenta es una recomposición agresiva y autoritaria del poder dentro del mismo modelo neoliberal que ha regido durante los últimos cuarenta años.

Desde el Frente Amplio, interpretamos este escenario como un ejercicio de «gatopardismo». Las formas políticas cambian radicalmente, pasando del bipartidismo tradicional a un populismo autoritario estridente y confrontativo, mientras las políticas neoliberales se mantienen y se quieren profundizar.

Si analizamos los datos duros de pobreza y concentración de riqueza, es evidente que los beneficiarios del actual gobierno siguen siendo los mismos grandes grupos de poder que prosperaron bajo el PLN y el PUSC (zonas francas, importadores, banca privada), mientras que la «novedad» radica únicamente en el uso de una retórica violenta para gestionar el malestar social. Por tanto, no estamos ante el nacimiento de un nuevo pacto social, sino ante la mutación del sistema hacia una fase más depredadora, donde las élites han decidido prescindir de los modales democráticos y los contrapesos institucionales para imponer, a la fuerza, la continuidad de sus privilegios.

En este contexto, la «transformación silenciosa» que vive el sistema de partidos es, en realidad, una degradación hacia el caudillismo digital y la volatilidad mercadológica, donde las organizaciones políticas sólidas son reemplazadas por franquicias electorales efímeras y personalistas que operan bajo la lógica del algoritmo y no de las ideas.

Esta recomposición del comportamiento electoral, marcada por la incertidumbre y el enojo, es el síntoma de una ciudadanía huérfana de referentes éticos y agotada de promesas incumplidas, lo que abre la puerta peligrosa a liderazgos mesiánicos que capitalizan la frustración sin ofrecer soluciones estructurales.

Desde el Frente Amplio consideramos que el verdadero cambio profundo, la ruptura con las políticas neoliberales, aún está pendiente y no vendrá de la mano de quienes solo ofrecen un cambio de «gerencia» con mano dura, sino de una fuerza capaz de romper con la inercia del modelo empobrecedor para reconstruir el Estado Social de Derecho sobre bases de justicia fiscal y solidaridad real, devolviéndole a la política su función de servicio y no de espectáculo.

Les invitamos a leer las entrevistas anteriores:"|es
larevistacr|https://www.larevista.cr/gilberto-lopes-la-verdad-ha-sido-siempre-esquiva-y-utilizada-para-muchas-causas/|Gilberto Lopes: «la “verdad” ha sido siempre esquiva y utilizada para muchas causas»|2025-12-07|2026-05-16 12:45:52|BOLETIN|"Esta entrevista forma partes de la serie de La Revista: «Panorama electoral de Costa Rica 2026»

En el marco del proceso Elecciones 2026, La Revista ha iniciado un ciclo de entrevistas con diversos colaboradores, con la intención de ofrecer a sus lectores una mirada plural, informada y reflexiva sobre los desafíos que enfrenta Costa Rica. El objetivo es que, a través de voces autorizadas, los ciudadanos conozcan qué se está pensando y debatiendo en torno a los temas más álgidos del país.

En esta ocasión nos honra presentar la entrevista con Gilberto Lopes —periodista, historiador, analista político y escritor— una de las plumas más lúcidas del periodismo latinoamericano contemporáneo. Nacido en Río de Janeiro, Lopes ha dedicado más de cuatro décadas al ejercicio riguroso del periodismo en América Latina, especialmente durante las décadas de las guerras en Centroamérica. Su formación incluye estudios en Economía, una licenciatura en Historia y Periodismo en la Universidad de Costa Rica, una maestría en Ciencias Políticas y un doctorado en Estudios de la Sociedad y la Cultura.

En Costa Rica colabora regularmente con el Semanario Universidad, donde analiza temas internacionales, siempre con una perspectiva crítica y fundamentada. Entre sus obras destacan su libro sobre la guerra civil salvadoreña (1984) y El fin de la democracia: un diálogo entre Tocqueville y Marx, un ensayo surgido de su tesis de maestría que fue reeditado en Chile y Colombia.

La mirada de Gilberto Lopes sobre el actual panorama nacional permite situar los desafíos del 2026 en un contexto regional, histórico y estructural, no solo coyuntural. Su análisis va más allá de nombres y partidos: aborda condiciones sociales, institucionales y culturales que configuran el futuro del país. Creemos que su aportación resulta esencial para comprender no solo lo que está en juego, sino también lo que está en construcción.

Con esta entrevista, La Revista contribuye a alimentar un debate ciudadano informado, basado en criterios rigurosos y pluralidad de voces. Porque en tiempos de cambios profundos, la reflexión colectiva es una herramienta imprescindible para decidir con responsabilidad.

El escenario actual

Costa Rica llega a este proceso electoral con una candidata oficialista que concentra un apoyo notable y una oposición dividida en múltiples frentes.

– No veo como defender a idea de una “consolidación del oficialismo”. Desde mi punto de vista, el oficialismo ha construido su relato con una crítica (a ratos certera, pero hecha de modo chabacano) a lo que han llamado “red de cuido”, un vasto entramado político que las fuerzas neoliberales han ido construyendo en el país a partir de los años 80’s del siglo pasado. Si queremos citar un ejemplo, me parece que la derogación de la prohibición constitucional de reelección presidencial ejemplifica bien el funcionamiento de esa “red de cuido”.

No veo como hablar de consolidación del “oficialismo”, que no se consolidará ni aun ganando las elecciones de febrero próximo, porque no tiene una propuesta en que basar esa consolidación. El “oficialismo” no es, para mí, más que otra expresión de esa misma desastrosa política conservadora, basada en la crítica a esa “red de cuido”, que ha facilitado la aplicación de esas políticas y que el actual gobierno no ha dejado de impulsar.

Pero no se trata tampoco –desde mi punto de vista- de una “crisis de representación”. Yo prefiero destacar la crisis de una política –cuyo fundamento es la privatización neoliberal– que ha llevado a nuestros países a un callejón sin salida, a un modelo de desarrollo que revienta las costuras sociales, genera desesperación, y termina alimentando opciones como la que hoy nos gobierna y que pretende seguir gobernando.

Las causas de la fragmentación

El campo opositor parece atomizado: distintos partidos presentan candidatos con escaso margen de crecimiento, sin lograr formar alianzas o consensos mínimos.

– Creo que se puede responder a esta pregunta desarrollando lo que tratábamos en la anterior. El derrumbe del socialismo del este europeo, a fines de los años 80’s del siglo pasado, abrió el espacio para el “no hay alternativas”, afirmación con la que políticos como la inglesa Margaret Thatcher defendía el proceso privatizador y la destrucción de lo público. El mismo que inspiraba a Ronald Reagan en los Estados Unidos.

Un escenario que privó a la socialdemocracia de sustento, que facilitó el asalto de los sectores más conservadores (como ocurrió en Costa Rica) a la dirección de esos partidos. Todo confluyó en ese proceso privatizador, fundamento del neoliberalismo, que se puede ejemplificar, en Costa Rica, en la transformación del Partido Liberación Nacional de Pepe Figueres en el de Oscar Arias. Siempre con el argumento de que el mundo había cambiado, de que había que “modernizarse”, el conservadurismo se fue adueñando de la socialdemocracia.

Eso fue posible porque el proyecto político de la izquierda sufrió las consecuencias de la derrota en la Guerra Fría, cuyas dimensiones eran entonces difíciles de vislumbrar en detalle, pero que fueron enormes, de larga duración. El fracaso de las políticas neoliberales (cuyo principal “logro” es la extraordinaria concentración de la riqueza, con todas las tensiones económicas y sociales que esto genera) ha abierto, en todo caso, nuevos espacios para repensar alternativas.

Es lo que –en mi opinión– estamos viendo en el mundo, con todas sus incertezas, pero también con todas sus urgencias.

La fuerza del oficialismo

A pesar de las críticas a la gestión del gobierno, la figura oficialista conserva respaldo, especialmente entre sectores que valoran su discurso de autoridad o anticorrupción.

– Desde mi punto de vista, lo que explica el respaldo al oficialismo es la ofensiva contra la “red de cuido”. Sin proyecto alguno sobre el que se pueda construir el futuro del país, sin resultados que mostrar al cabo de casi cuatro años de gobierno, es esa política de acoso a una anquilosada estructura política que dio sustento al neoliberalismo en el país lo que explica el apoyo sostenido al “oficialismo”.

El gobierno actual no es más que la continuidad (cada vez más deteriorada, desvergonzada) de un proyecto político angurriento, que trató de convencernos de que el camino eran los TLC’s, o la privatización de las obras públicas, de las telecomunicaciones, de la salud, de la educación… Trataban de presentarnos contratos leoninos (como el de la carretera 32) como el camino del desarrollo. Un proceso que se parece, más que nada, a un intento de feudalización de la propiedad, con el cobro de peajes para el tránsito por las vías públicas. Eso es una tragedia para el país, que sigue ayuno de una propuesta política alternativa viable.

Redes sociales y polarización

El debate público se ha trasladado a las redes sociales, donde predomina el enfrentamiento, la desinformación y el discurso agresivo.

– Yo creo que no hay dudas sobre eso. Pero otra cosa es saber cómo eso influye en la decisión del votante. En todo caso, tampoco es algo completamente nuevo. Hemos convivido desde hace mucho con esa desinformación. El proyecto neoliberal, la oferta de BMW’s y Mercedes, el “No hay alternativa”, no eran más que desinformación, buenos ejemplos de ese discurso agresivo. ¿Qué hoy eso se hace con nuevos medios? Sí, es obvio. Pero el contenido del proceso es muy similar.

La prensa conservadora, defensora, promotora de ese proceso, es parte de esa «red de cuido», hoy atacada por el gobierno. No hubiese sido posible ese mundo neoliberal sin una prensa que nos vendía esas ilusiones. Siempre fui crítico de esa prensa, entregada a intereses que me parecen espurios, defendidos como expresión de una propuesta abusiva de “libertad”. Pienso que esa no es la libertad que necesitamos.

De modo que debemos ser muy cuidadosos con esas campañas contra la posverdad, porque la “verdad” ha sido siempre esquiva y utilizada para muchas causas, muchas veces las más mezquinas e indecentes.

Abstencionismo y apatía

En las últimas elecciones, el abstencionismo ha superado el 40 %, reflejando un cansancio generalizado hacia la política tradicional.

– No creo que haya falta de motivación de la ciudadanía para participar. Es más importante la falta de espacios para esa participación. Desde mi punto de vista, la afirmación general de que nuestro voto importa, sin referencia a la realidad política en la que ese voto se emite, no es más que publicidad engañosa.

Permítame un ejemplo personal y reciente. En las elecciones del 2018 tuvimos, en segunda ronda, a dos Alvarados: Fabricio y Carlos. Voté por Carlos. Resulta que hizo con mi voto lo que quiso. Lo entregó a una derecha que jamás soñó con poder avanzar sobre lo público de la forma como lo hizo, con la ley del gasto público, por ejemplo. Con las herramientas que Carlos Alvarado les ofreció. Pero no eran las que nos ofreció en campaña. ¿De qué valió mi voto? Sí valió, pero para algo muy distinto a lo que me ofrecían. Y, desde luego, usado para algo muy distinto a lo que yo quería, por lo que voté. Una verdadera estafa.

De modo que, en la elección siguiente, cuando la alternativa era Figueres o Chaves, publiqué un artículo titulado “En defensa del abstencionismo” (está publicado, por si a alguien le interesa verlo). Me parecía mucho más honesto con la democracia. Era una posición en una situación política determinada. Desde mi punto de vista, ni el llamado general al voto, ni al abstencionismo, son una receta aplicable a cualquier situación.

Un voto cada vez más impredecible

Los últimos cuatro comicios demostraron que las tendencias pueden revertirse en cuestión de semanas y que la volatilidad del electorado es la nueva norma.

– Sí lo hay. No solo en Costa Rica. Es una tendencia reciente generalizada, no solo en América Latina.

Tenemos 20 candidaturas presidenciales en las elecciones de febrero próximo. ¿Alguien piensa que hay 20 ofertas políticas distintas que expliquen esas 20 candidaturas? Me parece que es precisamente la falta de ofertas más precisas, que convoquen, que entusiasmen a los electores, lo que permite que haya 20 candidatos. Es absurdo, ridículo, un reflejo de la crisis política que vivimos, otro resultado del fracaso de ese mundo neoliberal que nos ofrecía el futuro. Y de la incapacidad del otro proyecto, del que proponía otro tipo de desarrollo, un proyecto que ha pagado un alto precio por la derrota en la Guerra Fría. Todo eso da para consideraciones mucho más amplias, que no se pueden desarrollar aquí.

De modo que, ante la falta de ofertas más concretas, más precisas, el elector termina decidiéndose por motivos muy diversos, ocasionales, de última hora, que facilita el error de cualquier previsión o encuesta.

Narrativas y emociones en campaña

Las campañas parecen haberse transformado en ejercicios de marketing más que en debates de ideas.

–¿Una reconciliación nacional? Costa Rica dio un ejemplo de reconciliación nacional en el medio siglo (para sugerir un plazo) después de la confrontación del 48. Sobre eso se ha escrito mucho. ¿Quiere decir que todo fue pacífico, respetuoso de los opositores, de los derrotados, sin conflicto? ¡No! Naturalmente no fue así, ni podía ser así. Pero, con talento político, se avanzó en esa dirección.

¿En torno a qué está hoy polarizado el electorado? Es obvio que en torno a una realidad muy distinta, mucho menos creativa que la de entonces. Hoy nos polariza un proceso que va de un Carlos Alvarado a un Rodrigo Chaves, en que el tono chabacano hace imposible oír ideas, que nos deja una sensación de que vamos camino al fondo del pozo (aunque sepamos que ese pozo no tiene fondo).

No hay ideas políticas, no hay modelos en disputa. De modo que ¿cómo confrontar alternativas? Así no es posible reconciliarlas. ¿Cómo hacerlas convivir, como convivieron (aunque no haya sido del todo pacífica esa convivencia) las alternativas enfrentas en la segunda mitad del siglo pasado en Costa Rica?

Por lo demás, no veo de qué modo puedan darse las campañas políticas sin enfrentamientos. Las campañas políticas deben ser, precisamente, la confrontación de alternativas. No tienen que ser siempre “modositas”.

El papel de los medios

La comunicación política ha cambiado: los medios tradicionales enfrentan la pérdida de credibilidad mientras las plataformas digitales multiplican voces y desinformación.

– Espero haber dejado clara mi idea de que el contexto de polarización viene de lejos. Que las políticas neoliberales se caracterizaron por aplastar cualquier intento de resistencia. Nuevamente, en Costa Rica tuvimos un ejemplo inmejorable: el “Memorando del Miedo”, una estrategia para imponernos el TLC, nos dio una lección realista de democracia (imposible encontrar una mejor en cualquier curso universitario). Nos mostró cómo funciona, en la realidad.

Los medios no son un instrumento independiente, por encima de los diversos intereses políticos de la sociedad. No son expresión de la “verdad”, sino de los diversos puntos de vista, son expresión de intereses políticos y económicos.

Siempre han orientado la opinión pública, solo que durante muchos años los representantes de los intereses más poderosos ayudaron a empujar el país por un rumbo que, como ya dije, contribuyó a una polarización cada vez más extrema, mientras se desvanecía un discurso alternativo, que continúa sin encontrar una indispensable claridad.

Es cierto que el escenario se ha movido. Los viejos medios impresos han cedido terreno. Primero a la televisión y ahora a las redes sociales. Las consecuencias de ese cambio son enormes, aunque –creo– todavía difíciles de precisar.

Pero, detrás de eso, está algo más importante para mí: es la disputa por los discursos, por la visión del mundo, por los intereses de los diferentes sectores sociales. Los que me parecen mayoritarios hace mucho vienen luchando por hacer oír más intensamente su voz. Creo que un logro así sería un gran aporte a la democracia.

Gobernabilidad y Asamblea Legislativa

Más allá de la presidencia, el nuevo Congreso será decisivo en la estabilidad del país.

– La conformación de la Asamblea Legislativa no es más que expresión del estado de ánimo político del país. Multiplicidad de fracciones, carencia de ideas orientadoras, pobreza de debates… No veo una sola figura en la Asamblea a la que la ciudadanía mire cuando necesita una opinión esclarecedora sobre algún problema nacional de importancia.

Déjeme poner un ejemplo que, en el caso de la actual asamblea, muestra esa falta de criterio orientador: se trata de la votación unánime para cambiar las normas que impedían la extradición de nacionales. Escribí sobre el tema, dando mis razones, explicando por qué me parece inconcebible que ni un solo voto se opusiera a lo que, para mí, es una completa falta de sensatez y no voy a repetirlos aquí. Solo cito un argumento: México y Colombia extraditan a sus nacionales. ¿Alguien piensa que eso ha aumentado la seguridad en esos países, que ha reforzado su sistema de justicia? Para mí, la respuesta es un claro “no”.

No creo que la próxima Asamblea vaya a ser muy distinta. Pero es imposible conocer de antemano su integración, así que dejemos abierta la posibilidad de que sea algo mejor. No sería muy difícil, pero tampoco es muy seguro.

Perspectiva final

A la luz de todas estas variables —polarización, redes sociales, fragmentación partidaria y abstencionismo—, el panorama parece tan incierto como en los últimos procesos.

– Creo que estamos viviendo las desastrosas consecuencias de un modelo neoliberal que ha acentuado las diferencias, que ha demolido, asaltado, privatizado, poco a poco, lo público: el sistema de salud, de educación, las telecomunicaciones y la energía, pero, sobre todo, la banca.

Siempre he pensado que el fundamento de un desarrollo más equilibrado en Costa Rica, comparado con el de nuestros vecinos latinoamericanos, fue la nacionalización de los depósitos bancarios. En el corto decreto que fundamentó la medida hay más sabiduría que en centenares de libros de teoría económica. Pero hoy creo que pocos recuerdan ese documento. Intereses poderosos se han encargado de esconderlo en el fondo del cajón. Y quienes lo apoyamos no lo hemos sabido divulgar, explicar, defender y actualizar.

Con esta entrevista a Gilberto Lopes, es que La Revista reafirma su compromiso con un periodismo plural, abierto al pensamiento crítico y respetuoso de la diversidad de criterios. El propósito no es imponer lecturas únicas, sino ofrecer a nuestros lectores un espacio donde confluyan distintas miradas, análisis rigurosos y reflexiones responsables sobre el acontecer nacional. En un contexto electoral marcado por el ruido y la polarización, creemos que escuchar voces diversas no solo enriquece el debate público, sino que fortalece la democracia y la capacidad ciudadana de decidir con mayor conciencia y libertad.

Ese “cambio político profundo” empezó hace muchos años y el gobierno actual no es más que una expresión –más acabada y chabacana que las anteriores– de ese deterioro.

Les invitamos a leer las entrevistas anteriores:"|es
larevistacr|https://www.larevista.cr/abril-gordienko-la-esperanza-y-la-reconciliacion-son-mis-emociones-favoritas/|Abril Gordienko: “La esperanza y la reconciliación son mis emociones favoritas”|2025-11-30|2026-05-16 12:45:52|BOLETIN|"Esta entrevista forma partes de la serie de La Revista: «Panorama electoral de Costa Rica 2026»

Es un gusto para La Revista CR contar con la presencia de la abogada y consultora en políticas públicas, Abril Gordienko López. Graduada de la Universidad de Costa Rica y con una Maestría en Administración Pública con énfasis en Administración, Liderazgo y Ciencias de la Decisión de la Universidad de Harvard. La señora Gordienko posee una sólida trayectoria que se extiende al ámbito académico, donde ejerce como Profesora de Introducción al Derecho en Lead University.

Su compromiso con el fortalecimiento de la democracia se refleja en su experiencia como asesora de la Comisión para la Reforma del Estado de la Asamblea Legislativa (2014-2017) y como miembro de la Comisión Presidencial para la Reforma del Estado (2018-2019), además de ser cofundadora y vicepresidenta de la asociación Poder Ciudadano. Reconocida en 2015 con el Premio Alborada a la Mujer Profesional del Año, y con una destacada carrera de más de tres décadas como columnista de opinión, su visión y experiencia son cruciales mientras asume un nuevo desafío en la arena política: su postulación como candidata a Diputada en las próximas elecciones del 2026. Por su amabilidad al concedernos esta entrevista, le damos una cordial bienvenida a La Revista CR.

A esto se suma un ambiente de creciente polarización, amplificado por las redes sociales y por una ciudadanía que alterna entre el desencanto y la indignación. En las últimas cuatro elecciones los resultados fueron completamente impredecibles, con sorpresas de última hora que desafiaron a las encuestadoras y reconfiguraron el tablero político. En ese contexto, nada parece estar dicho para 2026.

El escenario actual

Costa Rica llega a este proceso electoral con una candidata oficialista que concentra un apoyo notable y una oposición dividida en múltiples frentes.

Más lo segundo que lo primero. El oficialismo finalmente tiene un símbolo y una marca distinguibles. Parece haberse delimitado el grupo que pretende encarnar la continuidad. Eso los fortalece solo siempre y cuando puedan preservar la unión y congruencia del grupo, lo cual es incierto pues lo que los une es más el sentimiento de admiración hacia una persona, que un proyecto común y constructivo.

Paralelamente, hay otras fuerzas políticas bien consolidadas y algunas en proceso de reinvención (que hubiera sido ideal que se concretara antes del proceso electoral, pero está ocurriendo todo al tiempo). Hay varias fuerzas claramente coincidentes en sus propuestas, que en este momento están separadas; espero que conforme avance la campaña y se vayan perfilando con fuerza los primeros lugares, se forme un bloque de apoyo en pro de la democracia. Si no en la primera, al menos en la segunda ronda.

Las causas de la fragmentación

El campo opositor parece atomizado: distintos partidos presentan candidatos con escaso margen de crecimiento, sin lograr formar alianzas o consensos mínimos.

Todo lo anterior. A lo cual le sumaría que durante varios años se impuso una narrativa desde un sector de la prensa y desde grupos políticos emergentes, que demonizó a los partidos históricos y estos, en el momento, no necesariamente supieron leer los tiempos, responder adecuadamente y renovarse rápidamente. Esos y otros factores hicieron que gente talentosa y/o con ambición política se haya salido de los partidos históricos para aspirar al poder desde un nuevo partido. Ese fue el sueño de algunos candidatos que ya no están ni siquiera activos en política, y que en vez de cristalizar el objetivo de convertirse en una alternativa estable capaz de sostenerse en el tiempo, contribuyeron a la erosión de la confianza en los partidos históricos -lo cual es lamentable porque si bien se requerían muchas mejoras y cambios, destruirlos puede ser mucho peor que la “enfermedad”-. Hoy abundan las fuerzas políticas personalistas, sin bases enraizadas en la ciudadanía, sin ideología definida y sin visión programática, que aspiran a convertirse en la nueva fuerza amalgamadora de la gran demanda ciudadana. Ya conocemos los resultados de esas improvisaciones.

Por otra parte, tenemos una normativa electoral laxa, pensada antes de que el sistema partidario implosionara, que no ha podido contener la hiper fragmentación. En esa dirección hay un proyecto de ley que trabajamos en conjunto con el Tribunal Supremo de Elecciones y con el diputado Carlos Felipe García del PUSC, para actualizar la normativa y fortalecer el sistema partidario; la idea es ordenar el escenario para que no sea tan fácil crear y mantener partidos que luego se convierten en vehículos o taxis para proyectos personalistas sin arraigo popular, sin ideología y sin un verdadero proyecto país. La política no debe ser un negocio, debe ser un oficio serio y responsable, con partidos institucionalizados con genuina vocación de poder.

La fuerza del oficialismo

A pesar de las críticas a la gestión del gobierno, la figura oficialista conserva respaldo, especialmente entre sectores que valoran su discurso de autoridad o anticorrupción.

Para mí es bastante difícil de comprender porque no veo un mejoramiento objetivo de las condiciones de vida, que expliquen esa lealtad fanática al presidente. Es un fenómeno que no habíamos vivido, en el que el mandatario mantiene a la gente feliz solamente con su narrativa que mezcla las figuras de víctima y de salvador elegido, sin evidencia real de beneficios para la mayoría. Lealtad ideológica no es, porque el movimiento carece de una ideología política definida. El deseo de continuidad por parte de una parte de la población me parece el resultado de un comportamiento parecido al de una secta religiosa que sigue ciegamente a un líder. ¿Es esa lealtad transferible de forma completa a la candidata oficialista? No estoy segura. De momento parece que una parte sí. Está por verse si resistirá a lo largo de los meses y avatares de una campaña. Está por verse si se sostendrá a pesar de los ataques del presidente a sectores tan importantes como los agricultores, los medios pymes de radio y televisión (libertad de empresa, de expresión y de información) y la Iglesia Católica.

Redes sociales y polarización

El debate público se ha trasladado a las redes sociales, donde predomina el enfrentamiento, la desinformación y el discurso agresivo.

Sí, cada vez las redes influyen más. No como un medio de verdadero contraste de ideas y valores, sino como un medio de confirmación de creencias. Es otra ficción. En las redes no hay debate democrático, hay cápsulas de reafirmación de sesgos.

Abstencionismo y apatía

En las últimas elecciones, el abstencionismo ha superado el 40 %, reflejando un cansancio generalizado hacia la política tradicional.

Lo vivo diariamente: a la mayoría de la gente no le interesa ni le ilusiona la política. A mucha gente le da vergüenza identificarse de forma visible con algún partido, escasean la pasión y la lealtad partidaria o ideológica. Cada vez más toma fuerza el voto útil (esperan a fines de enero para ver quién tiene posibilidades de ganar o de pasar a segunda vuelta). Y otros del todo se mantendrán alejados. Sin embargo, dado que estamos tan polarizados, podría ser que esta vez el abstencionismo baje un poco.

Los jóvenes reciben tal cantidad de información y desinformación y tal avalancha de estímulos audiovisuales, que es comprensible que les cueste conectar con la política. La tradición política se ha desteñido por completo; los candidatos y los partidos debemos competir con todos esos estímulos para persuadirlos de que lo que hacemos es importante y puede definir sus posibilidades de estudiar, de conseguir un empleo, de emprender un negocio con éxito, de vivir de forma segura, de ser atendidos oportunamente en la CCSS o de continuar gozando de sus libertades. Lograr apelar a las emociones que mueven a la juventud y a las clases medias urbanas es fundamental.

Un voto cada vez más impredecible

Los últimos cuatro comicios demostraron que las tendencias pueden revertirse en cuestión de semanas y que la volatilidad del electorado es la nueva norma.

La volatilidad es la nueva norma. Creo que aún nada está definido y algunos candidatos que aparecen abajo en las encuestas, pueden dar la sorpresa de subir y meterse en la segunda ronda. Llevamos tres elecciones en que eso es lo que ocurre; lo que deseo es que, esta vez, lleguen a segunda ronda candidatos y partidos preparados para gobernar, con equipos capaces y experimentados, con planes de gobiernos robustos y realizables. Estoy confiada porque Juan Carlos Hidalgo, el candidato de la Unidad Social Cristiana, quien inició esta competencia en desventaja de conocimiento del electorado frente a competidores que llevan años en el escenario político, ha ido remontando en las encuestas y tiene una gran oportunidad de demostrar su capacidad en los debates.

En cuanto a los temas que podrían dar un giro inesperado a las voluntades de los votantes, no veo uno especialmente determinante todavía. Lo del levantamiento del fuero del presidente podría ser el elemento que el oficialismo quiere utilizar como factor movilizador para tratar de asegurar el triunfo de la candidata designada, pero no estoy segura si le alcanzará hasta febrero, especialmente por los crasos ataques cometidos recientemente. Estos ataques a sectores importantes que cuentan con el cariño ciudadano podrían ser, precisamente, los factores polarizadores que sacudan y definan a la gran cantidad de votantes indecisos.

Narrativas y emociones en campaña

Las campañas parecen haberse transformado en ejercicios de marketing más que en debates de ideas.

El presidente usó y sigue usando con mucha eficacia el enojo. Supo leer el enojo general bastante justificado, y lo sostiene con su discurso indendiario, pero no con hechos ni soluciones. En contraste, alguien podría tratar de promover el miedo, por ejemplo, a perder la democracia; pero me parece que “democracia” es un concepto demasiado abstracto para la mayoría del electorado, así que no creo que funcione.

La esperanza y la reconciliación son mis emociones favoritas, no solo por positivas, sino porque sobre ellas se puede reconstruir el tejido social. Si algún candidato/a logra enarbolarlas con eficacia, estaríamos salvados. En mi opinión, la Unidad es la abanderada natural de esas emociones; Juan Carlos Hidalgo ha sido claro en su intención de tender puentes de diálogo y en parte por eso me pidió que lo acompañara desde la Asamblea Legislativa: por mi vocación de negociación, diálogo y conciliación. Costa Rica necesita grandes acuerdos y esos no se logran desde el enojo y la agresión. Se requieren emociones positivas e intenciones constructivas.

El papel de los medios

La comunicación política ha cambiado: los medios tradicionales enfrentan la pérdida de credibilidad mientras las plataformas digitales multiplican voces y desinformación.

Algunos medios tradicionales tienen cierta responsabilidad en el deterioro del sistema político y hoy, tristemente, están bajo un feroz ataque del Poder Ejecutivo y sufren la indiferencia de una gran parte de la población, especialmente la más joven; para otra parte de la población no son creíbles. Eso solo contribuye a un gran caos desinformativo muy peligroso para la estabilidad democrática.

Reconstruir la credibilidad de los medios serios y profesionales, es fundamental para la estabilidad democrática, pero no sé si será posible reconstruirla completamente. La competencia de las plataformas y los influenciadores, con menos costos y menos responsabilidad, es difícil de contener. Debemos reforzar la educación de la población para que cada persona tenga la capacidad de discernir la información verídica de la falsa. Es un desafío titánico.

Gobernabilidad y Asamblea Legislativa

Más allá de la presidencia, el nuevo Congreso será decisivo en la estabilidad del país.

Vislumbro una Asamblea Legislativa fragmentada, tal vez con mayoría del partido que representa la continuidad, pero no lo aseguraría. Tanto si la candidata del continuismo gana como si pierde (y esto se ve cada vez más probable), preveo una fracción que dará continuidad también al conflicto y la división. Hará falta mucho liderazgo y visión clara de las otras fracciones para lograr avanzar en los grandes acuerdos necesarios para resolver las múltiples crisis como seguridad, educación, salud, movilidad, competitividad, medioambiente y otros. Vislumbro fracciones que tendrán que unirse en torno a grandes temas nacionales para neutralizar el discurso polarizador y para evitar la parálisis legislativa.

Perspectiva final

A la luz de todas estas variables —polarización, redes sociales, fragmentación partidaria y abstencionismo—, el panorama parece tan incierto como en los últimos procesos.

No estoy segura. Quiero creer que es lo segundo: una transformación silenciosa del sistema de partidos y del electorado hacia un modelo más estable, predecible e institucionalizado, pero profundamente democrático. En todo caso, estas serán unas elecciones críticas para la democracia costarricense y para nuestra idiosincrasia. Debemos votar conscientes de lo que está en juego.

En elecciones como esta me siento muy orgullosa de haber sido la redactora y promotora desde la asociación Poder Ciudadano Costa Rica, de la ley #10018, conocida como “voto informado”, la cual entró en vigencia apenas en 2021 y será aplicada por segunda vez en esta elección. Gracias a esa ley, las y los electores tenemos acceso a los planes de gobierno y a las biografías de las personas candidatas a diputaciones, a la presidencia y a las vicepresidencias de la República. Esa información es cardinal para tomar una decisión responsable e informada el próximo 1º de febrero.

Les invitamos a leer las entrevistas anteriores:"|es
larevistacr|https://www.larevista.cr/francisco-barahona-en-el-campo-politico-electoral-se-esta-atravesando-por-una-fragmentacion-muy-aguda/|Francisco Barahona: “En el campo político-electoral, se está atravesando por una fragmentación muy aguda”|2025-11-23|2026-05-16 12:45:52|BOLETIN|"Esta entrevista forma partes de la serie de La Revista: «Panorama electoral de Costa Rica 2026»

Desde los primeros años de La Revista CR, hemos contado con la mirada lúcida y el compromiso intelectual de Francisco Barahona Riera, cuya voz se ha convertido en una referencia indispensable para comprender la política nacional. Abogado, politólogo y analista político, graduado de la Universidad de Costa Rica (UCR) y doctor en sociología política por la Universidad de la Sorbona en París, Barahona ha sido académico, investigador y rector de la Universidad para la Paz, además de un observador constante de la vida democrática costarricense.

Fiel a la cercanía que siempre ha mostrado con La Revista CR, volvió a compartir su tiempo y su mirada experta para ayudarnos a interpretar el complejo escenario político que vive el país. Con la serenidad que lo caracteriza, y con una generosidad que honra su larga trayectoria académica y pública, aporta un análisis claro, crítico y profundo que enriquece la comprensión de los desafíos que enfrenta hoy la democracia costarricense.

En esta ocasión, una vez más, atendió con su acostumbrada generosidad nuestra invitación para conversar sobre el momento político que atraviesa el país. Su claridad analítica, su rigor argumentativo y su visión crítica aportan una valiosa perspectiva para quienes buscan entender los desafíos actuales y futuros de Costa Rica.

A pocos meses de las elecciones presidenciales y legislativas, Costa Rica atraviesa un clima político de alta tensión e incertidumbre. Las encuestas más recientes coinciden en un mismo punto: la candidata del oficialismo mantiene una ventaja considerable, mientras la oposición se encuentra profundamente fragmentada, sin un liderazgo claro ni una narrativa que logre conectar con el electorado.

A esto se suma un ambiente de creciente polarización, amplificado por las redes sociales y por una ciudadanía que alterna entre el desencanto y la indignación. En las últimas cuatro elecciones los resultados fueron completamente impredecibles, con sorpresas de última hora que desafiaron a las encuestadoras y reconfiguraron el tablero político. En ese contexto, nada parece estar dicho para 2026.

El escenario actual

Costa Rica llega a este proceso electoral con una candidata oficialista que concentra un apoyo notable y una oposición dividida en múltiples frentes.

Pues sí, efectivamente el país, en el campo político-electoral, está atravesando una fragmentación muy aguda. En ese sentido, las encuestas nos dan una radiografía de que nada está definido desde el punto de vista electoral. Ha ido una candidata del oficialismo con un porcentaje de simpatía o intención de voto, seguida de Liberación Nacional y del Frente Amplio como los tres principales, todos representados con diputados en la Asamblea Legislativa actual.

Las causas de la fragmentación

El campo opositor parece atomizado: distintos partidos presentan candidatos con escaso margen de crecimiento, sin lograr formar alianzas o consensos mínimos.

Creo que esa fragmentación ya no es solo de partidos políticos, sino también de la intención del voto, porque un porcentaje muy alto dice que todavía no se ha decidido. Entonces lo que tenemos es una nebulosa que esperemos se resuelva durante la primera quincena de diciembre, para al menos ver cuáles son los candidatos o candidatas que podrían colocarse como los dos principales de cara a una segunda ronda, que me parece ya un hecho consumado: vamos a tener que ir a una segunda elección en abril.

La fuerza del oficialismo

A pesar de las críticas a la gestión del gobierno, la figura oficialista conserva respaldo, especialmente entre sectores que valoran su discurso de autoridad o anticorrupción.

Uno de los elementos que percibo con más sentido de peligro es que no veo, por parte de la oposición a este presidente y a la candidata Laura, ningún sentido de urgencia para tratar de lograr una unidad de cara a la competencia de segunda vuelta. Pareciera que todos los candidatos y candidatas están en un proceso de egoísmo, personalismo y falta de visión crítica, quizá con intereses un poco desbocados, mucho más allá de lo que podríamos llamar el uso de la inteligencia matemática que debería orientarlos a buscar, por lo menos, una buena cantidad de estos que están ahora —de acuerdo con las últimas encuestas, dentro del margen de error— un candidato o candidata común.

Otro tema importante es que, efectivamente, la fuerza del oficialismo, sumando el apoyo del presidente y de la candidata Laura, sigue manteniéndose alta. Aquí hay más una identificación emocional con el discurso del presidente y ahora de la candidata, un discurso crítico, con ribetes de matonismo, como un elemento que hace que los votantes que los apoyan tengan simpatía por esa nueva forma de confrontar la acción política. No hay elementos ideológicos de fondo que estén en la palestra del pensamiento de los electores, sino simplemente confrontación, simplismo, violencia, persecución y un aumento general de la violencia que, de acuerdo con estas encuestas, es el principal factor de preocupación.

Así que aquí no hay un tema ideológico: hay hartazgo, decepción y cierta admiración por un presidente tal como ya lo describí.

Redes sociales y polarización

El debate público se ha trasladado a las redes sociales, donde predomina el enfrentamiento, la desinformación y el discurso agresivo.

Aquí no hay un debate ideológico: hay hartazgo, decepción y cierta admiración por la figura presidencial descrita.

Las redes sociales profundizan la polarización, basada en emociones, algoritmos y falsas verdades. Es difícil resumir todos estos factores para prever cómo votará la gente. Hay una anarquía: no hay ideologías discutiéndose, no hay proyectos de futuro y, además, las falsas verdades confunden. Esto parece una ruleta rusa de cara a la primera ronda.

Abstencionismo y apatía

En las últimas elecciones, el abstencionismo ha superado el 40 %, reflejando un cansancio generalizado hacia la política tradicional.

Sí hay apatía, probablemente aumento del abstencionismo. Hay cansancio con la política e incluso temor por expresarse, porque hay círculos de violencia múltiples en la sociedad. Esto afecta a los jóvenes, a las clases urbanas de nivel medio, popular o de mayor pobreza. Y esto ocurre en un contexto de educación claramente deficiente, sobre todo en lo que yo llamaría la educación cívico-democrática, ausente por décadas en primaria y secundaria. Esto nos está dando una cosecha donde realmente cualquier cosa puede suceder.

Un voto cada vez más impredecible

Los últimos cuatro comicios demostraron que las tendencias pueden revertirse en cuestión de semanas y que la volatilidad del electorado es la nueva norma.

Sí hay apatía, posible aumento del abstencionismo, cansancio con la política y temor a expresarse por los círculos de violencia presentes en el país. Esto afecta a jóvenes, clases urbanas medias y sectores más pobres, en un contexto de educación cívica casi inexistente por décadas. Estamos recogiendo esa cosecha: cualquier cosa puede suceder.

El electorado es impredecible y volátil. Habrá que ver si de aquí a febrero despunta una figura o si ocurre algún evento —atentado, falso atentado o acción sorpresa— que altere la dinámica y posicione a alguien.

Narrativas y emociones en campaña

Las campañas parecen haberse transformado en ejercicios de marketing más que en debates de ideas.

Pareciera que la campaña está basada más en el enfrentamiento, en las falsas verdades, en los temores, e incluso en la inseguridad para emitir opinión. Pareciera que en los hogares cada vez se pone más sobre la mesa la idea de no discutir de política. Nos estamos quedando en una cultura del fútbol o del deporte porque la gente no quiere hablar de violencia, asesinatos y menos de política.

El papel de los medios

La comunicación política ha cambiado: los medios tradicionales enfrentan la pérdida de credibilidad mientras las plataformas digitales multiplican voces y desinformación.

En esto, los medios de comunicación tienen una gran responsabilidad. Han perdido credibilidad: unos porque los insultan y los ponen como vasallos, otros porque los llaman prensa canalla. En los dos extremos han perdido credibilidad, lo que provoca un descontrol: no se sabe por dónde va la vida cívica del país. Esto es tremendamente peligroso.

Gobernabilidad y Asamblea Legislativa

Más allá de la presidencia, el nuevo Congreso será decisivo en la estabilidad del país.-

En cuanto a gobernabilidad, percibo que la futura Asamblea Legislativa estará más fragmentada que la actual, más caótica, sin posibilidad de tener una mayoría unificadora. Va a haber un aumento del caudillismo y esto repercutirá no solo en el voto presidencial, sino también en el de diputados y diputadas, instaurando un modelo político inadecuado para las circunstancia actuales.

No percibo, tomando en cuenta algunos de los candidatos actuales, que haya gente destacada por su experiencia, conocimiento y capacidades políticas. Los pocos que destacan son por malos: por problemas legales, acusaciones penales o bien con serios cuestionamientos, no por ser grandes ciudadanos y menos figuras que destaquen por su transparencia y sus cualidades personales. Claro que hay excepciones, pero la dinámica no me permite ser optimista sobre cómo estará constituida la próxima Asamblea Legislativa.

Perspectiva final

A la luz de todas estas variables —polarización, redes sociales, fragmentación partidaria y abstencionismo—, el panorama parece tan incierto como en los últimos procesos.

Sí, nos enfrentamos a un panorama incierto a finales de noviembre, con variables confusas y recomposición del poder dentro del mismo modelo. Esto podría ser uno de los nortes del electorado: mejorar, participar más, ampliar la base democrática. Eso implica cambios en los partidos políticos y quizá cambios constitucionales fundamentales a discutir en el futuro.

Si la democracia no se amplía y no se defiende con mayor fortaleza ciudadana; si no pasa a ser un tema central de campaña, junto con el aumento de las violencias; si los ciudadanos no respondemos y no tomamos conciencia de que estamos frente a un reto histórico peligrosísimo, lo que percibo es que podríamos tener un régimen centrado en el autoritarismo, en el verticalismo, en el miedo. Una especie de neofascismo, con pérdida de nuestro sistema democrático. Sería como enterrar la cabeza y dejar el cuerpo expuesto donde el miedo podría imponerse si no salvamos la democracia en este proceso electoral.

Ojalá los meses que faltan den claridad al votante, para ver que estamos en una coyuntura fundamental en nuestra historia y que debemos participar con nuestro voto y ojalá hacerlo a favor de la democracia."|es
larevistacr|https://www.larevista.cr/francisco-chacon-la-disputa-por-el-segundo-lugar-esta-totalmente-abierta/|Francisco Chacón: «La disputa por el segundo lugar está totalmente abierta»|2025-11-16|2026-05-16 12:45:52|BOLETIN|"Esta entrevista forma partes de la serie de La Revista: «Panorama electoral de Costa Rica 2026»

En el marco de su compromiso con mantener informados a sus lectores sobre los temas nacionales de mayor relevancia, La Revista CR ha emprendido una nueva serie de entrevistas dedicadas al análisis del panorama electoral costarricense.

Estas conversaciones, que buscan ofrecer una mirada plural y reflexiva sobre el proceso democrático, se estarán publicando de manera periódica a partir de esta edición. Su realización ha sido posible gracias a la valiosa cooperación y apertura de los entrevistados, quienes han compartido sus perspectivas con profundidad y sentido de país.

Hablar de Francisco Chacón González, es evocar a un servidor público de trayectoria sólida y a un aliado constante de este medio. A lo largo de los años ha ocupado responsabilidades importantes para el país: fue Viceministro de Comercio Exterior, Diputado de la República y más adelante Ministro de Comunicación en el gobierno de Laura Chinchilla. Además, ha sido un colaborador cercano de La Revista, siempre dispuesto a ofrecer análisis ponderados y perspectivas bien fundamentadas sobre la realidad nacional. Su experiencia en comercio exterior, su conocimiento del Estado desde dos Podres de la República y su capacidad para leer el pulso político lo han convertido en una voz respetada. Por eso, en esta ocasión, es un honor recibirlo como invitado para compartir esta entrevista, que llega en un momento clave para el país y aporta luces necesarias para el debate público.

Así, a pocos meses de las elecciones presidenciales y legislativas, Costa Rica atraviesa un clima político de alta tensión e incertidumbre. Las encuestas más recientes coinciden en un mismo punto: la candidata del oficialismo mantiene una ventaja considerable, mientras la oposición se encuentra profundamente fragmentada, sin un liderazgo claro ni una narrativa que logre conectar con el electorado.

A esto se suma un ambiente de creciente polarización, amplificado por las redes sociales y por una ciudadanía que alterna entre el desencanto y la indignación. En las últimas cuatro elecciones los resultados fueron completamente impredecibles, con sorpresas de última hora que desafiaron a las encuestadoras y reconfiguraron el tablero político. En ese contexto, nada parece estar dicho para 2026.

El escenario actual

Costa Rica llega a este proceso electoral con una candidata oficialista que concentra un apoyo notable y una oposición dividida en múltiples frentes.

-¿Cómo describiría usted el momento político que vive el país? ¿Estamos ante una consolidación del oficialismo o más bien frente a una crisis de representación que impide que las demás fuerzas políticas conecten con el electorado?

En efecto, la candidata oficialista concentra un apoyo importante pero todavía insuficiente para ganar en primera ronda. Asimismo, la oposición no ha logrado consolidarse como un bloque suficientemente fuerte como para constituirse en una primera fuerza o, incluso, una segunda fuerza de tamaño similar a la oficial.Yo percibo que los electores opuestos al gobierno no han encontrado todavía un candidato que conozcan o en el que se sientan suficientemente representados. Esperaría que conforme avance el proceso y el electorado tenga más posibilidades de conocer a los candidatos y sus propuestas, los votantes se vayan decantando mayoritariamente por alguno de ellos. La disputa por el segundo lugar está totalmente abierta.

Las causas de la fragmentación

El campo opositor parece atomizado: distintos partidos presentan candidatos con escaso margen de crecimiento, sin lograr formar alianzas o consensos mínimos.

-¿A qué atribuye usted esta falta de unidad en la oposición? ¿Es un problema de liderazgo, de proyecto político, o refleja una desconexión más profunda entre los partidos y la ciudadanía.

El marcado deterioro de los partidos políticos hace cada vez más difícil para los votantes tener alguna guía -aunque sea inicial- para decidirse. Ya no hay lealtades partidarias y el factor determinante es la figura del candidato y si estos candidatos no son conocidos -como es el caso de la mayoría de ellos-, tomará más tiempo y será cada vez más difícil decidirse.

La fuerza del oficialismo

A pesar de las críticas a la gestión del gobierno, la figura oficialista conserva respaldo, especialmente entre sectores que valoran su discurso de autoridad o anticorrupción.

-¿Qué explica la resistencia del oficialismo frente al desgaste natural del poder? ¿Podría decirse que el voto de continuidad responde más a una lealtad ideológica o a una identificación emocional con la narrativa del actual gobierno?

Lo que existe es una identificación emocional: la ciudadanía está desilusionada de la política y de los partidos políticos, porque siente que estos no han logrado atender sus problemas de una forma oportuna y, entonces, se han identificado con la voz que asumió esa frustración y ese malestar. Ante problemas complejos de difícil solución, es entendible que sea fácil buscar los culpables en quienes en el pasado han estado en el poder y señalarlos como los responsables de todo lo malo sin reconocerles nada de lo bueno que también han hecho.

Redes sociales y polarización

El debate público se ha trasladado a las redes sociales, donde predomina el enfrentamiento, la desinformación y el discurso agresivo.

-¿Hasta qué punto este clima digital influye en la decisión del votante? ¿Estamos ante un nuevo tipo de campaña política donde las emociones y los algoritmos pesan más que las propuestas?

No me cabe la menor duda de eso. El gobierno ha sabido explotar y aprovecharse de esa nueva realidad, mientras que muchos de los partidos de oposición no han podido todavía dar en el clavo para adaptarse a ella.

Abstencionismo y apatía

En las últimas elecciones, el abstencionismo ha superado el 40 %, reflejando un cansancio generalizado hacia la política tradicional.

-¿Podría el abstencionismo convertirse nuevamente en el gran protagonista? ¿Cómo interpretaría usted esa falta de motivación ciudadana para participar, especialmente entre los jóvenes y las clases medias urbanas?

En las pasadas elecciones el abstencionismo no solo reflejó un cansancio hacia la política tradicional. El fenómeno se dio también en la segunda vuelta, cuando uno de los candidatos no formaba parte de esa política tradicional.

Ganó el candidato del partido no tradicional, especialmente por el rechazo que provocaba el candidato del PLN, pero el abstencionismo fue alto, reflejando que el aversión es compartida. Es muy posible que eso se repita en las próximas elecciones, lo cual daría ventaja al oficialismo. Entre más gente llegue a votar, menos posibilidades hay de que la candidata oficial gane en primera ronda.

Un voto cada vez más impredecible

Los últimos cuatro comicios demostraron que las tendencias pueden revertirse en cuestión de semanas y que la volatilidad del electorado es la nueva norma.

-¿Qué factores podrían volver a generar un resultado inesperado en esta elección? ¿Existen señales de un voto oculto o de movimientos sociales que podrían alterar el panorama en la recta final?

Así es, nada está escrito todavía y la moneda está en el aire, pues la mitad del electorado no sabe aún por quien votar. Un faux pas, un evento imprevisible, un desempeño extraordinario o deplorable en los debates, o una frase o un mensaje que capte la atención del electorado podría influir de manera importante en la decisión del voto. Asimismo, siento que mucha gente prefiere no manifestarse a abiertamente por temor a represalias de parte del gobierno o a los ataques planificados de los troles en las redes sociales.

Narrativas y emociones en campaña

Las campañas parecen haberse transformado en ejercicios de marketing más que en debates de ideas.

-¿Qué tipo de discurso cree usted que podría conectar con un electorado polarizado y desconfiado? ¿Hay espacio para una propuesta de reconciliación nacional o el país se encamina hacia una campaña basada en el miedo y el enfrentamiento?

Lamentablemente, creo que será una campaña basada en el ataque, el miedo y el enfrentamiento, alimentada desde el partido de gobierno, a pesar de los esfuerzos de algunos candidatos por hacer un llamado a tomarse las cosas en serio. El país enfrenta problemas y retos muy grandes en seguridad ciudadana, educación, seguridad social, competitividad, pero al parecer un sector importante de los votantes se contenta más en atizar la ira contra el pasado que en solucionar los grandes problemas del presente y el futuro.

El papel de los medios

La comunicación política ha cambiado: los medios tradicionales enfrentan la pérdida de credibilidad mientras las plataformas digitales multiplican voces y desinformación.

¿Qué responsabilidad tienen los medios en este contexto de polarización? ¿Cree que siguen teniendo poder para orientar la opinión pública o ese papel ha sido asumido por las redes sociales y los influencers políticos?

No hay duda de que los medios tradicionales han perdido poder e influencia, a pesar del esfuerzo que han hecho para jugar un papel importante en contra de la desinformación que cunde en las redes sociales. Pero mientras algunos dirigentes políticos estén dispuestos a explotar sin ningún escrúpulo ese tipo de armas es probable que la desinformación, los algoritmos, los “influencers” y los ataques sigan siendo determinantes. Este es quizás el mayor peligro que enfrentan las democracias en la actualidad.

Gobernabilidad y Asamblea Legislativa

Más allá de la presidencia, el nuevo Congreso será decisivo en la estabilidad del país.

¿Qué tipo de Asamblea Legislativa vislumbra usted a partir de este escenario? ¿Podríamos enfrentar nuevamente una fragmentación partidaria que complique la gobernabilidad, o se perfila alguna fuerza capaz de articular mayorías?

Creo que el multipartidismo y la fragmentación en la Asamblea Legislativa persistirá por mucho tiempo más. No veo a ninguna fracción con una mayoría avasalladora, lo que seguirá obligando a los actores políticos a negociar, hacer concesiones y buscar puntos intermedios, si de verdad se quiere avanzar. Pensar que solo se logra avanzar si se tiene una mayoría calificada en la Asamblea es no entender qué es, para qué es y cómo funciona una democracia.

Perspectiva final

A la luz de todas estas variables —polarización, redes sociales, fragmentación partidaria y abstencionismo—, el panorama parece tan incierto como en los últimos procesos.

-¿Cree usted que Costa Rica está ante un cambio político profundo o más bien ante una recomposición del poder dentro del mismo modelo? ¿Podríamos estar viviendo una transformación silenciosa del sistema de partidos y del comportamiento electoral costarricense?

Al igual que en otros países, estamos pasando por una noche negra de nuestro régimen democrático: problemas acumulados que no se solucionan, partidos políticos (tradicionales y no tradicionales) incapaces de resolver esos problemas, una ciudadanía desencantada y deseosa de revancha, desconfianza recíproca entre los actores políticos, incapacidad para tender puentes y llegar a acuerdos. Ante este panorama tan desolador, uno esperaría que en un futuro cercano se de una reconformación de las fuerzas políticas, éstas se consoliden y volvamos a retomar el rumbo.

No pierdo la esperanza de que en esta ocasión elijamos un gobierno que entienda cómo funciona una democracia y un Estado de Derecho, en el que prevalezca el respeto hacia los opositores, que esté convencido de que la negociación es parte fundamental de la representación que debe reflejarse en una Asamblea Legislativa, y que, en esencia, para una gran mayoría de costarricenses es mucho más lo que nos une que los que nos divide. Hay candidatos que sí creen en que esa es la manera. Esos son los que debemos votar."|es
