source|url|title|publication_date|scraping_date|section|full_text|language
latejacr|https://www.lateja.cr/sucesos/joven-mama-murio-en-brutal-ataque-grabado-por/O6CPBKA67NHFTLUIQCUNADKI3M/story/|Joven mamá murió en brutal ataque grabado por cámaras en Liberia|2026-05-16 07:41:35|2026-05-16 13:26:09|Lo más leído|"El violento homicidio de una joven mamá de apellidos Murillo Quesada, de 28 años, quedó grabado en una cámara de seguridad y ahora los agentes del OIJ buscan ayuda de la ciudadanía para identificar a los sospechosos.

La víctima murió tras un ataque a balazos ocurrido en barrio Felipe Pérez, 100 metros al oeste del puente, cerca de una licorería clandestina, en Liberia, Guanacaste.

Ataque ocurrió dentro de un carro

El video fue divulgado por el OIJ recientemente, pero los hechos ocurrieron minutos antes de las 5 a.m. del lunes 28 de julio del 2025.

Las autoridades señalaron que Murillo se encontraba dentro de un vehículo que se estacionaba en vía pública junto a otras dos personas cuando fueron interceptados por dos sujetos que viajaban en motocicleta.

Sicarios esperaron a que muchacho saliera de casa y le provocaron una violenta muerte en Guácimo

Sicarios esperaron a que muchacho saliera de casa y le provocaron una violenta muerte en Guácimo

Según el informe preliminar, el acompañante de la moto se bajó y comenzó a disparar en reiteradas ocasiones contra los ocupantes del carro.

La joven mamá falleció en el sitio, mientras que otra mujer de apellidos Hernández Aguirre, de 26 años, y un padre de familia de apellidos Portillo Obando, de 29 años, resultaron heridos.

Chances viernes 15 de mayo: estos son los números ganadores del sorteo de la JPS

Chances viernes 15 de mayo: estos son los números ganadores del sorteo de la JPS

Sospechosos quedaron grabados

Los agentes de la Delegación Regional del OIJ de Liberia divulgaron las imágenes captadas por una cámara de seguridad con el fin de ubicar a los responsables.

Uno de los sospechosos vestía camisa manga larga de color claro, jeans y utilizaba casco para motociclista. El segundo sujeto, señalado como el pistolero, llevaba ropa similar y además portaba un bulto en la espalda.

Las autoridades pidieron a cualquier persona que reconozca a los hombres o tenga información sobre el caso comunicarse de forma confidencial al teléfono 800-8000-645 del Centro de Información Confidencial.

El caso permanece bajo investigación para determinar el móvil del ataque y dar con el paradero de los sospechosos."|es
latejacr|https://www.lateja.cr/sucesos/esto-pide-la-mama-del-joven-detenido-por-disparar/UMKOUCSYEVEYTJ4HHHFTWOPZT4/story/|Esto pide la mamá del joven detenido por disparar y matar a conductor tras choque en Cartago|2026-05-12 20:39:35|2026-05-16 13:26:09|Lo más leído|"En medio de la tragedia que dejó a una persona fallecida y a dos familias devastadas tras un choque en Cartago, la mamá del joven detenido por el caso hizo una única petición.

Se trata de un muchacho de apellidos Mora Cubero, de 23 años, quien figura como sospechoso de disparar contra Francisco Javier Granados López, de 33 años, luego de un choque que ocurrió en barrio Nazareth, 500 metros al oeste de Metrocentro en Cartago.

La madre del joven, una socióloga de apellido Cubero y de 53 años, conversó con La Teja y aseguró que, en este momento tan difícil, solo tiene una petición.

Confirman detención de presunto sicario sospechoso de atacar a balazos a policía en Batán

Confirman detención de presunto sicario sospechoso de atacar a balazos a policía en Batán

“Las oraciones son más que suficientes para mí”, expresó brevemente.

La mujer prefirió no revelar el lugar en el que se encuentran, aunque en apariencia familiares del muchacho permanecen en los Tribunales acompañándolo durante el proceso judicial.

Mientras tanto, Mora Cubero continúa a la espera de que las autoridades definan las medidas cautelares que enfrentará por este caso que ha causado conmoción en todo el país.

Joven mamá murió en brutal ataque grabado por cámaras en Liberia

Joven mamá murió en brutal ataque grabado por cámaras en Liberia

Mora Cubero es un muchacho emprendedor, dedicado a la reparación, mantenimiento y mejoras de computadoras, celulares, consolas e impresoras en Cartago.

Además es papá de una pequeña de un año y ocho meses.

La tragedia cobró la vida de Francisco Javier Granados López, de 33 años, vecino de Llanos de Santa Lucía, en Paraíso de Cartago, quien era el sostén económico de una familia integrada por nueve personas.

El Organismo de Investigación Judicial (OIJ) mantiene bajo análisis videos, testimonios y pruebas para determinar las circunstancias exactas del hecho y establecer si existió legítima defensa."|es
latejacr|https://www.lateja.cr/sucesos/presentimiento-de-madre-en-el-quinceanos-de-su/LN6IF2AJCRDTDAOKNMWCI2RUFY/story/|Presentimiento de madre en el quinceaños de su hijo terminó convirtiéndose en una tragedia que casi acaba con su familia|2026-05-16 07:51:12|2026-05-16 13:26:09|Lo más leído|"“Dios mío, ¿qué será lo que va a pasar?”. Esa fue la angustia con la que doña Elaynna Peraza despertó la mañana del 19 de diciembre de 2010, sin imaginar que horas después sobreviviría junto con su familia a un violento choque que tenía todos los elementos para ser fatal.

Casi 16 años han pasado desde aquella trágica fecha, pero ese recuerdo volvió recientemente a la memoria de esta vecina de Aguas Zarcas de San Carlos al leer en La Teja la noticia de un mortal accidente muy similar al que ella y su familia sobrevivieron.

“Yo cuando leí esa noticia me sentí muy impactada, al pensar en lo que esa familia está viviendo, porque fue algo muy parecido a lo que nos pasó, aunque en nuestro caso, gracias a Dios, ninguno murió, pero sí fue algo muy fuerte”, contó Peraza.

El accidente al que doña Elaynna se refiere ocurrió el pasado sábado 25 de abril, cuando una buseta y un tráiler chocaron de frente en La Garita de Alajuela, sobre la ruta 1, 200 metros hacia Alajuela del cruce de Manolos.

En ese violento accidente perdió la vida don Ronald Mesén Quirós, de 57 años, quien, al igual que Peraza y su familia, era vecino de San Carlos.

Lo que une las historias de doña Elaynna y don Ronald es que este último también tuvo un mal presentimiento antes de que ocurriera la tragedia, tal y como le sucedió a Peraza hace casi 16 años.

Joven mamá murió en brutal ataque grabado por cámaras en Liberia

Joven mamá murió en brutal ataque grabado por cámaras en Liberia

“Vieras que más bien él no quería ir, él estaba buscando choferes para no ir, pero de los tres que buscó, ninguno pudo ir, entonces me dijo: ‘Diay, mi amor, me toca ir a mí’. Yo creo que él tuvo un presentimiento”, contó a La Teja Yamileth Durán, esposa de Mesén.

Como lo mencionó Peraza, esa noticia la impactó mucho, pues la hizo recordar lo que ella, su esposo y sus dos hijos vivieron y cómo la mano de Dios los protegió del terrible accidente.

Iban al Festival de la Luz

El accidente al que sobrevivió esta familia vecina de San Carlos ocurrió el 19 de diciembre del 2010. Doña Elaynna recuerda muy bien esa fecha, pues ese mismo día su hijo mayor, Juan Gabriel, estaba cumpliendo 15 años.

Ese día se inició de forma muy diferente para Peraza, pues apenas abrió los ojos tuvo un extraño presentimiento, que de inmediato le robó la paz.

“Resulta que ese día yo me desperté como con una corazonada, con un sentimiento extraño, como de que algo malo iba a pasar, y yo decía: ‘Dios mío, Dios mío, ¿qué será lo que va a pasar?’. Entonces yo empecé a orar y hasta me puse el rosario y todo"", recordó.

Peraza asoció ese extraño presentimiento con el viaje que ella y sus dos hijos iban a realizar ese mismo día, pues Juan Gabriel y su hermano José Roberto, quien tenía nueve años, iban a tocar en Atenas con la banda de la escuela Antonio José de Sucre, de Ciudad Quesada.

“Íbamos para un toque de la banda de la escuela en el Festival de la Luz de Atenas, porque la banda de mis hijos era muy buena”, agregó.

Pese a que ese mal presentimiento la seguía acompañando, doña Elaynna no quiso cancelar el viaje, pues sus hijos tenían una gran ilusión por participar en ese festival. Sin embargo, tomaron una medida pensando en su propia seguridad.

“Nosotros nos íbamos a ir en el bus de la escuela, pero vino mi esposo y me dijo que mejor no nos fuéramos en ese bus, pues capaz iba a pasar algo. Entonces mejor él nos iba a llevar en carro. Llamé a la escuela, pues ya hasta teníamos los campos pagos y todo, porque yo iba a ir en el bus con mis hijos, pero al final regalamos los campos y nos fuimos en carro”.

“Sentía como cuando uno va a recibir una mala noticia, era algo que no puedo expresar”. — Elayna Peraza.

“Sentía como cuando uno va a recibir una mala noticia, era algo que no puedo expresar”.

Neblina preparó la tragedia

Pensando que el riesgo había disminuido ante la decisión de viajar juntos en un carro en lugar de en el bus de la banda, la familia emprendió su viaje hacia Atenas, pero lamentablemente, el destino les tenía algo preparado para que no llegaran al sitio al que se dirigían.

Según doña Elaynna, el viaje transcurrió con total normalidad, hasta que llegaron a una carretera camino a Zarcero, en la cual había una densa neblina que casi no dejaba ver la calle.

Peraza recordó que en ese mismo tramo habían ocurrido dos choques minutos antes de que ellos pasaran. Lo que nunca se imaginó es que ellos se convertirían en el tercer accidente en ese lugar.

“Había una vagoneta que estaba estacionada, pero no tenía luces intermitentes ni nada que nos avisara que estaba parqueada ahí y, como había tanta neblina, no vimos nada. Cuando me di cuenta, ya teníamos la vagoneta encima. Fue un impacto terrible”, recordó.

Peraza contó que, lamentablemente, minutos antes de que ocurriera ese terrible choque, ella cometió un grave error del que se arrepiente y que pudo costarle muy caro.

“Ese día yo andaba con una pierna operada, entonces a mí se me ocurrió subir las piernas sobre el dash del carro, y así las llevaba cuando chocamos contra la vagoneta. Yo no sé cómo no quedé en silla de ruedas, cómo no perdí las piernas ese día”, detalló.

A raíz del violento impacto contra la vagoneta, el hijo mayor de doña Elaynna sufrió un hematoma en la frente; su otro hijo presentaba golpes, mientras que su esposo, Rigoberto López, se quebró los dedos de la mano y varias costillas.

“Como ese día acababan de suceder otros dos accidentes antes del nuestro, había varias ambulancias; entonces ahí nos subieron a todos. Fue una escena terrible. Recuerdo que cuando me subieron a la ambulancia, yo preguntaba cómo estaban mis hijos”.

Afortunadamente, toda la familia salió con vida de ese terrible incidente; sin embargo, algunos de ellos quedaron con secuelas del choque.

“En las piernas tengo operaciones, por lo que es la circulación, porque para ese entonces quedé peor en todo. Yo camino y todo, pero tengo que evitar darme golpes o caídas, porque la sangre ya no circula igual, pero para la gloria de Dios, estoy bien.

“Mi hijo el mayor quedó con un fuerte golpe en la frente y él sí quedó con algunas secuelas en la columna por el golpe que se llevó ese día. A mi hijo menor más que todo se le hicieron contracturas y a mi esposo se le habían quebrado los dedos y las costillas”.

“Quince años estaba cumpliendo mi chiquito ese día, nunca lo voy a olvidar, porque él volvió a nacer ese día”— Elaynna Peraza.

“Quince años estaba cumpliendo mi chiquito ese día, nunca lo voy a olvidar, porque él volvió a nacer ese día”

Hija se salvó de milagro

En medio de esa difícil situación que vivió su familia, doña Elaynna contó que también ocurrió otro verdadero milagro con su hija, Joseth, de 13 años, quien también debía acompañarlos a ese viaje con destino a Atenas.

“Ese día mi hija me decía: ‘Mami, yo no quiero, yo no quiero’, y yo le dije que iba a quedar mal con la banda, pero me insistía que no quería y fue esa cosa que yo dije: ‘Dios mío, ¿será que va a pasar algo? Entonces, al final yo la dejé con la vecina, lo que nunca hacía"", recordó.

Esa decisión de no llevar a Joseth con ellos terminó por salvarle la vida, pues de haber ido en ese carro es posible que hubiera perdido la vida por una circunstancia muy particular.

“Resulta que a mi hija nunca le gustaba andar con cinturón; ella lloraba para que no le pusieran cinturón. Mi esposo me dijo que si ese día ella hubiera ido con nosotros, posiblemente habría muerto, porque capaz se habría salido por el parabrisas y pegado contra la vagoneta”.

Aprender a escuchar

Doña Elaynna explicó que desde que ella y su familia sobrevivieron a ese terrible accidente, aprendió a escuchar y a ver las señales que, según ella, vienen del cielo como una alerta.

“Desde ahí aprendí que uno tiene que prestarle atención al Espíritu Santo, porque él le habla a uno, pero a veces andamos como en otro mundo”, destacó.

Peraza también destacó que el hecho de viajar en un carro grande, tipo 4x4, fue fundamental para que el impacto contra la vagoneta no fuera mortal.

“El impacto fue muy fuerte, nosotros íbamos en un carro grande y creo que eso nos ayudó mucho, porque si hubiéramos ido en un automóvil nos hubiéramos matado contra la vagoneta, pero principalmente, Dios fue quien nos salvó”.

Hasta el día de hoy doña Elaynna sigue recordando ese accidente, sobre todo cuando es el cumpleaños de su hijo.

“Yo le digo a mi hijo que nació dos veces el mismo día”, finalizó."|es
latejacr|https://www.lateja.cr/sucesos/vecinos-vivieron-madrugada-de-terror-en-heredia/BVYRIYLJOBGX5I73JAM3LE6GDM/story/|Vecinos vivieron madrugada de terror en Heredia tras balacera contra joven de 19 años|2026-05-16 09:46:35|2026-05-16 13:26:09|Lo más leído|"Una madrugada muy violenta vivieron los vecinos de Llorente de Flores, en Heredia, luego de escuchar múltiples disparos cerca de las 3 a. m. de este sábado 16 de mayo.

La agresión dejó herido a un joven de apellido González, de 19 años, quien recibió impactos de bala en la pierna izquierda, el tobillo derecho y el brazo derecho.

De acuerdo con la información preliminar del Organismo de Investigación Judicial (OIJ), la víctima caminaba por la vía pública cuando fue atacada.

“Él iba caminando cuando, aparentemente, desde un vehículo le dispararon en varias ocasiones, quedando herido en el sitio”, detallaron en la oficina de prensa del OIJ.

Tras la balacera, el joven fue trasladado al hospital San Vicente de Paúl, en Heredia, donde recibió atención médica.

De momento, las autoridades judiciales no reportan personas detenidas por este caso y mantienen abierta la investigación para determinar el móvil del ataque y ubicar a los responsables."|es
latejacr|https://www.lateja.cr/sucesos/sicarios-esperaron-a-que-muchacho-saliera-de-casa/5TJTAAVGRBHYJCKQ5CE3YXMVXQ/story/|Sicarios esperaron a que muchacho saliera de casa y le provocaron una violenta muerte en Guácimo|2026-05-16 10:59:26|2026-05-16 13:26:09|Lo más leído|"Un joven identificado como Andrey Serrano Vega, de 23 años, fue asesinado a balazos la noche de este viernes 15 de mayo en Aralias de Guácimo.

De acuerdo con la información preliminar del Organismo de Investigación Judicial (OIJ), la víctima recibió impactos de bala en la cabeza, el abdomen, el hombro derecho, el antebrazo derecho y la mano izquierda.

El ataque ocurrió cerca de las 7 p. m., cuando Serrano viajaba a bordo de un carro sobre la vía pública.

“Él viajaba a bordo de un automóvil cuando fue interceptado por dos sujetos en una moto quienes le dispararon en múltiples ocasiones y se dieron a la fuga”, detallaron en la oficina de prensa del OIJ.

Según trascendió, el joven tenía pocos metros de haber salido de una vivienda cuando fue atacado. Tras recibir los disparos, perdió el control del vehículo y terminó chocando contra una cuneta.

Los vecinos aseguraron que primero escucharon una ráfaga de disparos y luego un fuerte impacto. Cuando salieron para ver qué había ocurrido encontraron la escena del violento ataque.

Aún con vida Serrano fue trasladado de emergencia al hospital de Guápiles, donde falleció aproximadamente una hora después de haber ingresado.

Los agentes judiciales realizaron el levantamiento de evidencias en el sitio, entre ellas varios casquillos, y posteriormente acudieron al hospital para el levantamiento del cuerpo.

La investigación continúa para dar con los responsables y esclarecer las causas de este homicidio."|es
latejacr|https://www.lateja.cr/deportes/uno-de-los-ticos-que-juega-en-la-mls-recibe-un/34DMX4Y3FVE2ZMTXVUISHATX2M/story/|Uno de los ticos que juega en la MLS recibe un salario cercano al millón de dólares|2026-05-15 20:33:32|2026-05-16 13:26:09|Lo más leído|"Uno de los costarricenses que juega para la MLS recibe al año un salario cercano al millón de dólares por temporada.

La Asociación de Futbolistas de la Liga Estadounidense (MLSPA) reveló la lista de salarios de todos los futbolistas que están inscritos en la liga norteamericana y quien encabeza el listado es el delantero Alonso Martínez, que gana un poco más de $850 mil al año.

Además del exmanudo, en la MLS juegan Ariel Lassiter (Portland Timbers), Warren Madrigal (Nashville SC), Andy Rojas (New York Red Bulls) y Kenyel Michel (Minnesota United).

Los salarios de los ticos

Estos son los salarios que reciben los legionarios:

- Alonso Martínez: $850.333 (¢385 millones, ¢32 millones al mes)

- Ariel Lassiter: $483.500 (¢219 millones, ¢18 millones al mes)

- Warren Madrigal: $403.500 (¢183 millones, ¢15 millones al mes)

- Andy Rojas: $213.131 (¢96 millones, ¢8 millones al mes)

- Kenyel Michel: $113.400 (¢51 millones, ¢4,5 millones al mes)"|es
latejacr|https://www.lateja.cr/sucesos/el-conmovedor-gesto-que-tuvo-el-hijo-del-policia/ZQZSN3N6NJAOLB2LHHHTNOVAWU/story/|El conmovedor gesto que tuvo el hijo del policía Gerson Rosales en el funeral de su papá|2026-05-15 17:04:54|2026-05-16 13:26:09|Lo más leído|"Un momento cargado de dolor marcó este viernes la despedida del oficial de Fuerza Pública, Gerson Rosales Cascante, de 28 años, quien fue asesinado mientras cumplía con su deber en Batán de Limón.

Durante la misa del funeral, realizada en la parroquia de San Antonio de Padua, en Bribri de Talamanca, el silencio y las lágrimas se apoderaron del templo cuando el pequeño, hijo del oficial, de apenas cuatro años, se acercó al féretro y con una flor roció el ataúd de su padre con agua bendita.

El niño estaba acompañado de su mamita y otros familiares. Mientras el sacerdote los reconfortaba con palabras de cariño.

La escena conmovió profundamente a familiares, amigos, compañeros de trabajo y vecinos que acudieron a darle el último adiós al joven policía, recordado como un hombre trabajador y entregado a su familia.

Antes de llegar a la iglesia, el cuerpo de Rosales fue escoltado en una emotiva, pero dolorosa caravana. Las sirenas de las patrullas que acompañaban la carroza fúnebre resonaron por las calles de Bribri, haciendo que vecinos salieran de sus casas para despedir al oficial con respeto y tristeza.

Muchos observaban en silencio, mientras otros aplaudían el paso del cortejo fúnebre como muestra de agradecimiento por su servicio.

Haciendo su trabajo

Gerson murió en el cumplimiento de su deber y fue despedido con todos los honores policiales. A su funeral acudieron no solo sus seres queridos, sino también compañeros de Fuerza Pública, quienes aseguraron que le tenían gran cariño y admiración.

El joven oficial tenía apenas tres semanas de haber sido trasladado a Batán, una plaza que había aceptado con ilusión, pues le permitiría recibir un mejor salario para brindar una mejor calidad de vida a su familia.

De acuerdo con las autoridades judiciales, la principal hipótesis del homicidio apunta a una represalia contra la labor policial que venían realizando los oficiales en Batán.

El director interino del OIJ, Michael Soto, señaló que el ataque estaría relacionado con recientes decomisos de droga que afectaron a una estructura criminal ligada a un sujeto conocido como alias “Tan”, identificado preliminarmente como Jonathan Pérez Méndez, también apodado “Perro”, quien figura como uno de los presuntos cabecillas del narcomenudeo y control territorial en esa zona de Matina.

Según la investigación, el crimen habría sido una respuesta violenta al golpe policial contra esa organización criminal"|es
latejacr|https://www.lateja.cr/farandula/gabriela-jimenez-rindio-homenaje-al-suegro-de/U7Q356BQBZHOJM2D7F5A343DFQ/story/|Gabriela Jiménez rindió homenaje al “suegro de muchos” en este Día del Agricultor|2026-05-15 15:06:21|2026-05-16 13:26:09|Lo más leído|"Este 15 de mayo, en el marco del Día del Agricultor Costarricense, la periodista Gabriela Jiménez decidió rendirle un emotivo homenaje al hombre que más la inspiró en uno de sus proyectos más recientes: su papá.

La comunicadora compartió un video en redes sociales donde muestra a su padre trabajando en el cafetal, dejando claro que él es el verdadero protagonista detrás de su nueva marca de café, Café Maíta, lanzada hace apenas unos días.

Con imágenes llenas de naturaleza, esfuerzo y tradición, Gaby quiso reconocer el sacrificio silencioso que realizan miles de agricultores en el país, especialmente quienes dedican su vida al cultivo del café.

“Este es el verdadero protagonista. Detrás de cada taza de café hay manos que madrugan, sin cámaras, sin aplausos”, escribió la periodista junto al video.

Además, destacó todo el esfuerzo y paciencia que requiere sacar adelante un cafetal como el que tiene su papá en la zona de San Ramón, de Alajuela.

“Muchas horas en solitario, cuidando cada planta como si fuera un hijo, esperando con ansias por meses hasta ver el cafetal florecer y sus granos”, agregó.

La presentadora de 7 Estrellas también recordó que, aunque una taza de café se disfruta en pocos minutos, detrás existe un proceso de años lleno de trabajo y dedicación.

“Una taza de café se toma en minutos, pero todo empieza aquí, en un cafetal. Una planta tarda años en dar su primer fruto, pero después nos regala momentos inolvidables”, expresó.

La periodista cerró el mensaje con una frase dedicada a su emprendimiento familiar: “Café Maíta, tradición que te honra”."|es
latejacr|https://www.lateja.cr/farandula/vivian-campos-se-muestra-con-su-galan-a-miles-de/MTR5DLNZLJGPJJAYUOE6OPTIBQ/story/|Vivian Campos se muestra con su galán a miles de kilómetros de Costa Rica|2026-05-15 15:56:34|2026-05-16 13:26:09|Lo más leído|"La doctora y expresentadora de Teletica, Vivian Campos, dejó ver en las últimas horas el gran momento personal que vive junto a su pareja, Ernesto Trigueros.

La exfigura de Sábado Feliz disfruta actualmente de unas vacaciones por Japón y aprovechó la distancia con Costa Rica para compartir una imagen muy romántica junto a su galán.

La romántica foto desde Osaka

Por medio de sus historias de Instagram, Vivian publicó una fotografía en la que aparece junto a Trigueros frente al famoso Castillo de Osaka.

La histórica fortaleza es uno de los sitios más emblemáticos de Japón y actualmente funciona como museo y símbolo turístico de la ciudad de Osaka.

En la imagen, ambos se ven sonrientes y muy enamorados mientras disfrutan de la experiencia por el continente asiático.

Vivian mantiene su relación muy privada

Aunque Campos suele ser bastante reservada con su vida sentimental, esta vez decidió hacer una excepción y compartir un vistazo de su relación.

La doctora ya había contado meses atrás que tiene más de cinco años de haber dejado la soltería, aunque evitaba hablar públicamente sobre el tema.

“No soy mucho de poner cosas en redes sociales porque a veces uno, por estar hablando y poniendo tanto en redes sociales, la gente se mete en lo que no le importa. Igual, yo ando siempre en lo mío. Siempre trato de mantener mis cosas para mí, mi familia, mis amigos y listo”, afirmó en noviembre pasado.

Un viaje lleno de amor y aventura

La escapada por Japón parece estar siendo una experiencia muy especial para la pareja, que ha recorrido algunos de los lugares más icónicos del país asiático.

Aunque Vivian comparte poco sobre su vida amorosa, esta vez dejó claro lo feliz y enamorada que se encuentra."|es
latejacr|https://www.lateja.cr/farandula/nuevo-novio-de-kiki-berry-es-un-conocido-cantante/QKMBXRVUPVE5TFEQVKYI5ZV3FY/story/|Nuevo novio de Kiki Berry es un conocido cantante nacional de música urbana, vea quién es|2026-05-14 12:07:25|2026-05-16 13:26:09|Lo más leído|"Kianny Berry Peraza, hija de la reconocida presentadora Glenda Peraza y del exjugador Austin Berry, dejó atrás el misterio y finalmente mostró públicamente quién es el hombre que le robó el corazón.

La joven, conocida cariñosamente como Kiki, sorprendió al compartir en su cuenta de TikTok un video junto a su nueva pareja, luego de varias semanas insinuando que nuevamente estaba enamorada.

Aunque hasta ahora había mantenido en privado la identidad de su novio, ya sabemos de quién se trata.

El nuevo galán de Kiki es el cantante nacional Xeuz, artista que poco a poco se ha abierto espacio dentro de la escena urbana costarricense. El joven rapero, cuyo nombre real es Justin Torres Benavides, es vecino de Coronado y tiene 24 años.

Xeuz destaca por grabar temas como “Sangre”, “Vegeta” y “Bratz”, además tiene colaboraciones con otros artistas como Kavvo, Toledo, Deeikel y Gimario, nombres cada vez más fuertes dentro del género urbano en Costa Rica.

La relación salió oficialmente a la luz por medio de un video que ella acompartió donde aparecen abriendo sobres de postales del álbum oficial de la Copa Mundial de la FIFA 2026 mientras comparten bromas y risas.

“La que más odia el fútbol se enamoró de un ‘Fifas’ y ahora están llenando el álbum del mundial juntos”, escribió Kiki en la publicación, dejando ver lo feliz que se encuentra en esta nueva etapa sentimental.

Desde hace algunas semanas, la hija de Glenda Peraza ya había contado a sus seguidores que estaba nuevamente enamorada, aunque sin revelar mayores detalles.

“No estoy sola, soltera. Yo sé que me lo he tenido muy calladito, bien privado, pero ¿qué les puedo decir amiga? Estoy demasiado feliz y estoy disfrutando demasiado esta nueva historia”, expresó en abril por medio de su Instagram."|es
latejacr|https://www.lateja.cr/sucesos/testigos-cuentan-como-paso-todo-en-mortal-pelea/OUPZQ4BWRJDGZKE53UO3HYPAKM/story/|Testigos cuentan cómo pasó todo en mortal pelea entre choferes en Cartago|2026-05-12 11:57:06|2026-05-16 13:26:09|Lo más leído|"Una pareja de esposos que vive cerca del lugar donde ocurrió la mortal pelea entre dos conductores en Cartago contó cómo vivió los tensos minutos previos al disparo que acabó con la vida de un hombre de 33 años.

La tranquilidad de la mañana se rompió este martes en las cercanías de la carretera hacia San José, en Cartago, cuando lo que parecía un choque más en medio de la presa terminó en tragedia.

Unos testigos que presenciaron lo sucedido aseguraron todo ocurrió en una zona donde es habitual que haya mucha presa en las mañanas.

“Nosotros escuchamos el choque. Aquí siempre hay mucha presa en las mañanas, pero después de eso comenzaron los gritos”, relató el testigo.

Según contó, tras el impacto entre ambos vehículos inició una discusión que se prolongó por varios minutos.

“Se empezaron a escuchar gritos e insultos por varios minutos, las palabrotas iban y venían. Uno de los conductores estaba más alterado, el que falleció; el otro se mantenía más tranquilo”, recordó.

El esposo agregó que el conductor fallecido, identificado como Francisco Javier Granados, de 33 años, no iba solo.

“Él andaba con otro muchacho de pelo largo, incluso, se ve en los videos que circularon. Había una foto donde sale revisando el carro chocado junto a su acompañante”, comentó.

Los testigos explicaron que la tensión fue escalando hasta que, de un momento a otro, todo cambió.

“Los gritos siguieron y de repente se escuchó un balazo. Eso asustó muchísimo a todos”, dijo la mujer.

El hombre relató que, tras el disparo, la víctima cayó sobre la jardinera que divide la vía.

“El muchacho que murió se bajó del carro con un black jack para ir hacia el conductor del otro carro y él le disparó hacia abajo”, aseguró.

La escena generó desesperación entre quienes estaban cerca.

“La angustia fue terrible. Solo se escuchó un disparo, pero el muchacho se desangró”, lamentó la pareja, quienes además aseguraron que la ambulancia tardó mucho en llegar.

Ambos testigos coincidieron en que la situación fue impactante, especialmente al ver la reacción de los allegados de la víctima.

“Los familiares del muchacho estaban muy afectados, fue demasiado duro”, señalaron.

Los esposos también contaron que el conductor que realizó el disparo no intentó escapar.

“Se quedó en el sitio. Cuando llegó la Policía les entregó los documentos, les dio el arma y prácticamente se entregó”, dijeron.

La pareja lamentó profundamente lo sucedido y aseguró que lo ocurrido refleja cómo la violencia trae consecuencias dolorosas.

“Fue una situación muy lamentable”, concluyeron."|es
latejacr|https://www.lateja.cr/deportes/alajuelense-sufre-una-baja-sensible-de-cara-al/XCVWZKGTUBFNLKN64LQGXCI7II/story/|Alajuelense sufre una baja sensible de cara al Apertura 2026|2026-05-15 19:12:41|2026-05-16 13:26:09|Lo más leído|"Alajuelense sufre una baja sensible, de cara al torneo de Apertura 2026.

Se trata de Alejandro González, preparador físico del equipo femenino, quien deja a las leonas para emprender un nuevo proyecto en El Salvador, según confirmó el medio Just Soccer, especializado en fútbol femenino.

González publicó una sentida despedida en sus redes sociales. El especialista se incorporó al equipo de las multiganadoras, hace un año y medio y destacó el crecimiento que logró, gracias a su trabajo en el club.

La despedida de Alejandro González

Este fue el mensaje de Alejandro:

“Hoy cierro una etapa muy especial en mi carrera profesional y en mi vida personal. Siempre quise llegar aquí, trabajé para que se diera y fue mejor de lo que pensé. Después de un año y medio como preparador físico del equipo femenino de Liga Deportiva Alajuelense, llega el momento de decir hasta luego a una institución que me brindó la oportunidad de crecer, aprender y vivir experiencias inolvidables.

“Tomar la decisión no fue fácil, pero hay retos que tomar y lo que se no se mueve, muchas veces se estanca. Solo tengo gratitud y orgullo por todo lo que se logró alcanzar este tiempo: un Campeonato Nacional y un título de UNCAF, conquistas que son el reflejo del esfuerzo, la disciplina y el compromiso de un grupo que no se cansa de ganar. Quiero agradecer a cada una de las jugadoras, por su entrega y confianza.

Liga Deportiva Alajuelense ocupará siempre un lugar muy especial, más en alguien manudo de corazón. Me llevo grandes aprendizajes, amistades leales y recuerdos para siempre""."|es
latejacr|https://www.lateja.cr/farandula/cristiana-nassar-presume-el-logro-que-cambiara-la/HYGV5DCGVNC4DFXH4OMXQRTHIA/story/|Cristiana Nassar presume el logro que cambiará la vida de una de sus hijastras|2026-05-16 09:39:22|2026-05-16 13:26:09|Lo más leído|"La presentadora Cristiana Nassar compartió este sábado uno de los momentos más especiales que vive junto a la familia de su pareja, el ganadero Luis Estrada.

La figura del canal ¡Opa! viajó en las últimas horas a Arkansas, en Estados Unidos, para asistir a la graduación universitaria de María Valeria Estrada Cordero, una de las hijas de su novio.

“Llenos de orgullo”

Por medio de Instagram, Cristiana compartió fotografías y videos del importante momento académico de la joven de 22 años.

“Llenos de orgullo. Mujer valiente graduándose con honores”, escribió Nassar junto a una fotografía familiar donde aparece acompañada de Luis Estrada y de la recién graduada.

Se graduó en prestigiosa universidad de Estados Unidos

Según mostró la también chef en redes sociales, María Valeria obtuvo su título en artes en la reconocida University of the Ozarks.

La universidad privada, ubicada en la ciudad de Clarksville, es conocida por su enfoque en las artes liberales y la formación académica integral.

Cristiana documentó distintos momentos de la ceremonia y evidenció la felicidad que siente por el importante paso profesional de su hijastra.

La presentadora dejó ver la unión familiar

Con las publicaciones que hizo este sábado, Nassar también dejó claro lo cercana que es a la familia de su actual pareja.

Luis Estrada, quien conquistó el corazón de Cristiana tras la repentina muerte de su esposo en el 2021, es padre de cuatro hijos y la presentadora ha mostrado en varias ocasiones la buena relación que mantiene con ellos.

Ahora, la graduación de María Valeria se convirtió en una celebración muy especial para toda la familia."|es
latejacr|https://www.lateja.cr/nacional/chances-viernes-15-de-mayo-estos-son-los-numeros/OVKZRBLLGNGFNI5VYEOUCDZMO4/story/|Chances viernes 15 de mayo: estos son los números ganadores del sorteo de la JPS|2026-05-15 19:34:31|2026-05-16 13:26:09|Lo más leído|"Si jugó Chances este viernes 15 de mayo, preste mucha atención a los números favorecidos en el sorteo de la Lotería Popular de la Junta de Protección Social (JPS).

A las 7:30 de la noche, desde el auditorio de la JPS, en San José, inició el juego que ya eligió los tres primeros números ganadores.

Números ganadores de Chances

Las combinaciones premiadas del sorteo fueron:

Premio Mayor: número 82, con la serie 007.

Segundo premio: número 76, con la serie 273.

Tercer premio: número 43, con la serie 486.

El premio mayor de Chances paga ¢240 millones en dos emisiones, según anunció la JPS.

¿Y el Acumulado?

Para este 15 de mayo, el botín del sorteo del Acumulado estaba en 611 millones en dos emisiones.

La bolita que salió fue en blanco que, según explicó la JPS, esa bolita equivalía a un premio de 2 millones de colones.

Las combinaciones favorecidas con ese premio fueron la de la serie 237 con el número 49 y la de la serie 484 con el número 97."|es
latejacr|https://www.lateja.cr/sucesos/en-violenta-pelea-un-hombre-mordio-y-arranco-parte/HBUD7JS43BERJJPOMQ6DQGSXVI/story/|En violenta pelea, un hombre mordió y arrancó parte del mentón a otro|2026-05-16 08:59:17|2026-05-16 13:26:09|Lo más leído|"Un hombre sufrió severas lesiones luego de que otro sujeto le mordiera el mentón durante una violenta pelea ocurrida en Heredia.

La víctima es un hombre de apellido Arias, de 31 años, quien resultó gravemente herido tras el ataque registrado pasadas las 7 p. m. de este viernes 15 de mayo en San Pedro de Santa Bárbara.

De acuerdo con la información preliminar brindada por el Organismo de Investigación Judicial (OIJ), la pelea ocurrió frente a la vivienda del ofendido.

“De acuerdo con la versión preliminar se dio una riña al frente de la casa del ofendido y la riña fue entre otro sujeto y el ofendido, en determinado momento el sujeto le mordió el mentón y le desprendió un pedazo”, detallaron en la oficina de prensa del OIJ.

Tras la agresión, Arias fue trasladado a la clínica Jorge Volio, en San Joaquín de Flores, para recibir atención médica debido a la gravedad de la herida.

El caso ahora es investigado por agentes del OIJ de Heredia, quienes buscan al responsable y tratan de determinar qué provocó el enfrentamiento."|es
latejacr|https://www.lateja.cr/deportes/cartagines-se-deja-a-unas-de-las-figuras-del/RL2CXERVSJEGLMHNZU6OQH7A7E/story/|Cartaginés se deja a unas de las figuras del Puntarenas FC|2026-05-15 14:47:24|2026-05-16 13:26:09|Lo más leído|"Cartaginés se reforzará con una de las figuras del Puntarenas FC de la temporada pasada.

El periodista Kevin Jiménez dio a conocer que el mediocampista Andrey Mora formará parte del equipo brumoso.

“Andrey Mora será nuevo jugador del Cartaginés, llegará como agente libre procedente de PFC”, reveló el comunicador en sus redes sociales.

El futbolista llegó al Puerto a mediados del año 2023 y el año pasado renovó con los naranjas por un año más.

Andrey tiene 29 años y cursó la carrera de administración de empresas y en el futuro quiere desarrollar un complejo deportivo en su localidad, Ciudad Cortés."|es
latejacr|https://www.lateja.cr/nacional/nicaraguense-emprendedora-levanta-panaderia-en/GYOZMD72TZDBTKALBDIAZ2WRBU/story/|Nicaragüense emprendedora levanta panadería en Desamparados y conquista paladares con sabor casero|2026-05-11 08:46:50|2026-05-16 13:26:09|Lo más leído|"Doña Fátima Moreno Zamora tiene 40 años, nació en Mina El Limón, en el municipio Malpasillo del departamento de León, Nicaragua, y desde joven supo que la panadería siempre iba a ser parte de su vida.

Llegó a Costa Rica en el 2008, cuando tenía 21 años, buscando una oportunidad para salir adelante junto con su esposo, José Poveda, quien ya trabajaba como panadero desde muy joven.

“Yo vine a pasear y me quedé, buscando ese sueño americano que uno siempre oye, pero con los años entendí que el verdadero sueño es el que uno construye con sus propias manos, con sacrificio, con fe y con trabajo diario.

“Yo crecí en panaderías, me crié en un ambiente donde el pan era parte de la familia, y siento que Dios nunca ha dejado que me falte el pan”, dice doña Fátima con orgullo.

Un salto de fe con ¢200 mil

La historia de esta pulseadora mujer dio un giro cuando, motivada por una amiga y por las mismas redes sociales, decidió empezar a vender productos que hacía para su casa, con ese saborcito nicaragüense que tanto extrañan muchos.

Sin embargo, el camino no fue fácil. Su esposo tenía temor de emprender y había poca platica. Aun así, Fátima tomó una decisión valiente.

“Con ¢200 mil me fui donde don Roberto Navarro (vende equipos para panaderías) con un sueño enorme, sabiendo que ocupaba como seis millones en equipo, pero solo tenía eso. No tenía orden patronal ni papeles, solo mi palabra, mis ganas de trabajar y mi fe. Les pedí que confiaran en mí y, gracias a Dios, lo hicieron.

“Al día siguiente ya me habían mandado todo y cuando mi esposo vio eso, me preguntó cómo íbamos a pagar, y yo le dije: trabajando, como sabemos hacerlo”, cuenta bien llena de coraje positivo.

Contra todo pronóstico en un barrio difícil

El negocio empezó en su casa, en Los Guido, vendiéndoles a los vecinos, pero luego dieron el paso a un local en El Llano de San Miguel de Desamparados, un lugar donde muchos decían que ningún negocio pegaba.

“Agarramos el localito del fondo, el que casi ni se veía, y comenzamos a trabajar duro. Mucha gente decía que nosotros íbamos a ser los primeros en irnos, pero yo soy una mujer de fe y siempre supe que Dios nos iba a bendecir. Hoy tenemos ocho años aquí; todos los otros negocios se fueron y nosotros seguimos firmes”, asegura agradecida con Dios.

Sabor nicaragüense que enamora

La Panadería Gabriel, llamada así en honor a su hijo, se ha ganado el corazón de la comunidad gracias a sus productos 100% artesanales y ese sabor tradicional nicaragüense.

“Nosotros hacemos pastelitos de piña, budines con esa textura y sabor de Nicaragua, empanaditas que recuerdan lo que comíamos allá. La gente nos dice que nos apoyan porque ven que trabajamos de lunes a lunes, y eso nos llena el corazón, porque saben que venimos a luchar”.

El éxito fue tal que en apenas tres meses su esposo pudo dejar su trabajo para dedicarse de lleno al negocio familiar, del cual hoy viven completamente.

¿Una gran gritería?

Gracias al esfuerzo, la familia ha logrado importantes metas, como tener casa propia, y aunque el negocio demanda mucho tiempo, nunca olvidan sus raíces.

“Siempre volvemos a Nicaragua a fin de año, aunque sea poquito tiempo. Yo amo mis tradiciones, me encantan los nacatamales; soy nacatamalera número uno, y uno de mis sueños es hacer una gran gritería aquí en Costa Rica, celebrar la Purísima como se debe, y ya la gente me lo está pidiendo, así que ojalá en el 2026 lo logremos”, dijo ilusionada.

Un mensaje para salir adelante

Para Fátima, no hay secretos en el éxito, solo disciplina, fe y trabajo constante.

“No hay fórmulas mágicas, esto es de trabajar todos los días, de hacer las cosas bien y con amor.

“Nicaragua tiene gente trabajadora, honrada, que viene a este país a luchar. Yo estoy muy agradecida con Costa Rica porque aquí he podido salir adelante; incluso el INA me ha capacitado, y eso ha sido clave para crecer”, aseguró.

Hoy, desde su panadería en Desamparados, Fátima y su familia no solo venden pan, también reparten esperanza y demuestran que con ganas, cualquier sueño se puede hornear."|es
latejacr|https://www.lateja.cr/farandula/adriana-duran-roba-suspiros-mientras-disfruta-la/Q4EULC6NFFBMXJ6YONMA7LGOOI/story/|Adriana Durán roba suspiros mientras disfruta la etapa más dulce de su vida|2026-05-15 21:25:57|2026-05-16 13:26:09|Lo más leído|"La periodista Adriana Durán robó suspiros en redes sociales tras compartir unas tiernas fotografías que reflejan el momento tan especial que vive actualmente.

La exfigura de Teletica se convirtió en abuela hace pocos días y está disfrutando al máximo esta nueva faceta familiar.

“Seré una abuelita alcahueta”

Por medio de Instagram, Adriana publicó varias imágenes cargando a su nietita en brazos y acompañó las fotografías con una emotiva confesión.

“Conversamos por un largo rato ella y yo, y concluimos que sí seré una abuelita alcahueta y que la voy a amar con locura hasta el último suspiro de mi vida”, escribió Durán.

La publicación rápidamente llamó la atención de sus seguidores, quienes reaccionaron enternecidos con las imágenes y las palabras de la periodista.

Una etapa que la tiene encantada

Adriana vive esta experiencia gracias a su hijo Diego Estrada, quien se convirtió en papá hace apenas unas semanas.

Desde entonces, la comunicadora no ha ocultado la felicidad que siente con la llegada de la bebé, quien se ha convertido en el centro de atención de la familia.

Los seguidores reaccionaron con cariño

Las fotografías y el mensaje de Adriana se llenaron de comentarios de cariño y buenos deseos.

“¡Qué belleza, Tita Adri!”, “¡qué belleza de cómplice tenés!”, “Adriana, ¡qué ángel, por Dios! Muchas bendiciones. Le veo muchas facciones de tu hijo”, fueron parte de las reacciones que recibió.

La periodista dejó claro que esta nueva etapa llegó para llenarle el corazón de amor y muchísima ternura."|es
latejacr|https://www.lateja.cr/farandula/presentadora-de-teletica-muestra-encantada-los/Y4ZU5EB3EFD6BIIWKFYU77FNJQ/story/|Presentadora de Teletica muestra encantada los resultados de su armonización de senos|2026-05-15 19:00:30|2026-05-16 13:26:09|Lo más leído|"La presentadora y periodista de Teletica, Jennifer Segura, dejó encantados a sus seguidores este viernes al mostrar cómo luce tras el procedimiento estético al que se sometió meses atrás.

La figura de Buen Día compartió tres fotografías en Instagram en las que presumió los resultados de la armonización de senos que se realizó hace ocho meses.

“Gracias por potenciar esta otra versión de mí”

Jennifer publicó las imágenes acompañadas de un mensaje con el que expresó su satisfacción por el cambio.

“Pasaron ocho meses ya desde mi procedimiento de Mia Femtech. ¡Gracias por potenciar esta otra versión de mí!”, escribió Segura en redes sociales.

Las fotografías rápidamente generaron reacciones y comentarios positivos de seguidores y amigos de la comunicadora.

¿Qué procedimiento se realizó Jennifer Segura?

Según la clínica donde la periodista se realizó el tratamiento, el procedimiento Mia Femtech consiste en “una experiencia de armonización de los senos con una innovadora tecnología mínimamente invasiva”.

Otras clínicas especializadas describen este tratamiento como un aumento mamario sutil, elegante y de rápida recuperación, además de que no deja cicatrices visibles en los senos.

Jennifer ya había hablado del procedimiento

En noviembre pasado, Segura contó públicamente por qué decidió someterse al arreglito estético y reconoció que durante mucho tiempo ni siquiera pensó en hacerlo.

“Hice algo y quiero contarles; de hecho, nunca me imaginé que iba a hacer algo así hasta que había vestidos que no me quedaban, escotes que en realidad evitaba porque me quedaban grandes y, a veces, tenía que usar ‘push up’ (sujetador que realza el busto) y, realmente, no había pensado en hacerme algo, porque no había encontrado un procedimiento que se ajustara con lo que yo quería”, comentó en ese momento.

Luego explicó que buscaba un resultado muy natural.

“Es un procedimiento mínimamente invasivo que, en mi caso, me ayudó a dar un poquito más de volumen (en los senos) sin necesidad de cambiar de talla de brasier”, afirmó la comunicadora.

Resultados naturales y recuperación rápida

El procedimiento que eligió Jennifer destaca precisamente por ofrecer resultados discretos y naturales.

Ahora, ocho meses después de la intervención, la figura de canal 7 aseguró sentirse feliz con el resultado obtenido."|es
latejacr|https://www.lateja.cr/sucesos/paseo-de-buceo-en-la-isla-del-coco-termino-en/UTEESHZMWFGHLH3DAFWLZMYKDM/story/|Paseo de buceo en la isla del Coco terminó en tragedia para una costarricense|2026-05-15 10:45:50|2026-05-16 13:26:09|Lo más leído|"Lo que sería una experiencia de aventura y exploración terminó en tragedia para una mujer costarricense, de 37 años, quien falleció mientras realizaba buceo en la isla del Coco.

La emergencia ocurrió la mañana de este viernes, según confirmaron los Bomberos.

La Estación de Bomberos del Parque Nacional Isla del Coco recibió la alerta debido a que una mujer había sufrido convulsiones mientras practicaba esta actividad acuática.

La víctima fue trasladada hasta las instalaciones del parque, donde fue recibida por paramédicos del Cuerpo de Bomberos.

Sin embargo, al ser valorada, los rescatistas determinaron que la mujer se encontraba en paro cardiorespiratorio, por lo que iniciaron maniobras de reanimación de inmediato.

Pese a los esfuerzos realizados durante más de 30 minutos, la mujer fue declarada sin vida en el sitio.

De momento la identidad de la víctima no ha trascendio.

Actualmente, el caso se mantiene bajo coordinación entre el Organismo de Investigación Judicial (OIJ) y las autoridades del Sistema Nacional de Áreas de Conservación (SINAC), quienes realizarán las diligencias correspondientes para esclarecer lo sucedido."|es
latejacr|https://www.lateja.cr/teleguia/farandula/kany-garcia-le-cumplio-el-sueno-a-una-fan-que/FEKQYV7OBRGA3BGPMS2CBCHGSQ/story/|Kany García le cumplió el sueño a una fan que recién cumplió 15 años|2026-05-16 13:05:26|2026-05-16 13:26:09|Últimas noticias|"Kany García no solo puso a cantar a miles de personas en su concierto en Costa Rica, también regaló un momento inolvidable a una joven fanática que recién había cumplido 15 años. La emotiva escena ocurrió durante el primero de los shows que la artista ofrece este 15 y 16 de mayo en el Anfiteatro Imperial de Parque Viva, en La Guácima de Alajuela.

Y es que la artista se robó el corazón de muchos durante su concierto en Parque Viva, pero especialmente el de una joven llamada Galilea, quien jamás olvidará la noche en que conoció a su artista favorita.

Todo quedó grabado en un video compartido por la página Backstage Magazine, donde se observa el momento exacto en que la muchacha sube al escenario con un cartel que decía:

“La niña que fui cambió su fiesta de 15 por este concierto, ¿nos tomamos una foto?”

Apenas leyó el mensaje, Kany no dudó en abrazarla frente a miles de personas, mientras el público gritaba emocionado.

La cantante, conmovida por el gesto, le dijo que ese concierto prácticamente se había convertido en la fiesta de 15 que ella misma organizó.

Luego, ambas se tomaron una fotografía con todos los asistentes de fondo, creando un recuerdo que seguramente la joven guardará para toda la vida.

“Qué hermosa”, le dijo Galilea a la artista, mientras Kany le respondió que la más linda era ella.

El momento se volvió todavía más especial cuando la intérprete le gritó un efusivo “¡Feliz 15!” frente a todo el anfiteatro.

Antes de despedirse, la joven le agradeció por el momento y le pidió que siguiera en el camino de la música, provocando todavía más aplausos entre los asistentes."|es
latejacr|https://www.lateja.cr/farandula/greivin-morgan-y-su-esposa-tiran-la-casa-por-la/CFPPQCY36VEUZIHUOAECHYWO64/story/|Greivin Morgan y su esposa tiran la casa por la ventana por el primer año de su hija|2026-05-16 12:46:00|2026-05-16 13:26:09|Últimas noticias|"El modelo Greivin Morgan y su esposa, la creadora de contenido Sheiris Montero, celebraron este sábado por todo lo alto el primer cumpleaños de su hija Sahel.

La pequeña cumplió su primer añito el pasado 13 de mayo y sus orgullosos papás organizaron una fiesta espectacular inspirada en el personaje de Moana.

Una fiesta tropical llena de color

Por medio de Instagram, Sheiris compartió las primeras imágenes del evento, que llamó la atención por la decoración tropical y los detalles inspirados en la playa y la cultura polinesia.

La celebración, bautizada como “El parade de Sahel”, destacó por su ambiente colorido, flores, frutas y elementos decorativos muy llamativos que dejaron impresionados a muchos seguidores.

Los invitados disfrutaron hasta de comida gourmet

Según mostró Montero en varios videos publicados en redes sociales, los asistentes disfrutaron de una amplia variedad de alimentos.

Desde frutas frescas hasta estaciones con quesos y jamones gourmet formaron parte del menú preparado para consentir a los invitados de la celebración.

La actividad reflejó lo especial que era para la pareja festejar el primer año de vida de la bebé.

Sahel es la gran alegría de la pareja

Sahel es la primera y, hasta ahora, única hija del exparticipante de Dancing with the Stars y Sheiris Montero.

Desde su nacimiento, ambos han compartido con frecuencia momentos familiares y detalles de la crianza de la pequeña, quien se ha convertido en el centro de sus vidas.

Por eso, no escatimaron en detalles para hacer de esta fecha un recuerdo inolvidable."|es
latejacr|https://www.lateja.cr/sucesos/joven-asesinado-en-guacimo-era-egresado-destacado/FSSRDBAE4NAQVKQGQVHVBR5CPU/story/|Joven asesinado en Guácimo era egresado destacado del CTP: así lo describen en el colegio|2026-05-16 12:32:32|2026-05-16 13:26:09|Últimas noticias|"El asesinato de Andrey Serrano Vega, de 23 años, causa consternación en Guácimo, donde familiares, amigos y personas cercanas lamentan la violenta muerte del joven.

Esta vez fue el Departamento de Informática del Colegio Técnico Profesional (CTP) de Guácimo el que se pronunció públicamente tras conocer el homicidio del muchacho, ocurrido la noche de este viernes 15 de mayo.

Andrey era egresado de la especialidad de Informática en Redes, generación 2020, y según señalaron en el centro educativo, dejó una huella positiva entre docentes y compañeros.

“Acompañamos de corazón a su querida familia, a sus amigos más cercanos y a sus excompañeros de estudio en este proceso tan doloroso. Recordamos a Andrey como un joven ejemplar, sumamente inteligente y dedicado”, publicaron.

Además, agregaron un mensaje de apoyo para quienes compartieron con el joven durante su paso por la institución.

“Que el amor y los buenos recuerdos compartidos sean el refugio y el consuelo para todos sus seres queridos”, añadieron junto a una fotografía del muchacho durante su graduación.

El joven fue asesinado a balazos en Aralias de Guácimo cuando viajaba en un carro.

De acuerdo con el Organismo de Investigación Judicial (OIJ), dos sujetos en motocicleta lo interceptaron y le dispararon en múltiples ocasiones.

Tras el ataque, Serrano perdió el control del vehículo y chocó contra una cuneta. Aunque fue trasladado con vida al hospital de Guápiles, falleció aproximadamente una hora después de ingresar."|es
latejacr|https://www.lateja.cr/farandula/a-daniel-moreno-y-su-ex-pamela-mendez-los-reunio/TB5PTOFDFFFULDMMZPDY3ZFLZQ/story/|A Daniel Moreno y su ex Pamela Méndez los reunió un momento muy especial|2026-05-16 11:42:03|2026-05-16 13:26:09|Últimas noticias|"El comediante Daniel Moreno y su expareja, Pamela Méndez, volvieron a coincidir este sábado por una razón muy especial: la primera comunión de Sol, la hija que tienen en común.

La expareja celebró junta este importante paso en la vida espiritual de la niña, quien lució un elegante vestido blanco para la ceremonia religiosa.

“La familia Peluche”

Fue Pamela quien compartió en redes sociales varias imágenes del emotivo momento familiar.

“La familia Peluche”, escribió la expresentadora junto a una fotografía publicada en sus historias de Instagram, donde aparece acompañada por el integrante de La Media Docena y Sol.

La imagen llamó la atención de muchos seguidores porque dejó en evidencia la buena relación que mantienen Daniel y Pamela pese a que su relación sentimental terminó hace bastante tiempo.

Un momento muy especial para Sol

La primera comunión representa uno de los acontecimientos más importantes dentro de la vida religiosa católica y, en esta ocasión, reunió nuevamente a los orgullosos papás alrededor de su hija.

Sol, quien tiene 9 años, es la única hija del comediante y la expresentadora de televisión.

En las fotografías compartidas por Pamela se observa a la niña muy feliz mientras celebra junto a su familia este momento tan significativo.

Una relación cordial tras la separación

Aunque Daniel Moreno y Pamela Méndez siguieron caminos distintos en el amor desde hace años, ambos han demostrado mantener una relación sana y respetuosa por el bienestar de su hija.

El encuentro de este sábado reflejó precisamente esa unión familiar en una fecha importante para la pequeña Sol."|es
latejacr|https://www.lateja.cr/farandula/maria-jesus-prada-heredera-de-teletica-se-sincera/KANPC2UBBRAIHILC42UP6LXAPM/story/|María Jesús Prada, heredera de Teletica, se sincera en televisión sobre su etapa como mamá|2026-05-16 10:53:13|2026-05-16 13:26:09|Últimas noticias|"La periodista María Jesús Prada abrió su corazón en televisión nacional y habló con total honestidad sobre cómo ha vivido su faceta como mamá desde el nacimiento de su hijo Maximiliano.

La comunicadora, conocida cariñosamente como “Chuza”, se convirtió en madre el 16 de febrero del 2024 y aseguró que la maternidad transformó por completo su manera de ver la vida.

“Uno aprende a medir la vida a través de los ojos de un niño”

Durante una entrevista en 7 Estrellas, la hija de Paula Picado, vicepresidenta de Teletica, habló sobre lo especial que ha sido esta etapa.

“Se vive un día a la vez, un juego a la vez. Uno aprende a medir la vida y los instantes a través de los ojos de un niño que viven en el momento y eso es precioso”, expresó Prada.

La periodista también confesó que equilibrar la maternidad con su carrera profesional en Teletica ha sido uno de los mayores retos que ha enfrentado.

“Poder complementar eso (la maternidad) con el trabajo tampoco es algo fácil. Uno siempre sabe que la maternidad y la carrera profesional van a tener que relacionarse entre sí, pero yo no entendí la magnitud de cómo se afectan entre ellas hasta que no me tocó verlo de cara a cara”, comentó.

María Jesús explicó que, incluso, fue hasta ahora que logró retomar su trabajo a tiempo completo.

“Yo hace dos años que parí a mi hijo Maximiliano y hasta ahora estoy retomando en el trabajo a tiempo completo y ya después cuando empiezan a hablar y empieza a ver la personalidad, empezás a verlos hacer muecas y ver rasgos tuyos o de tu mamá o de tu esposo, o ciertas cosas que uno va viéndoles en la personalidad y se enamora más”, afirmó.

“Este chiquito a mí me hace como quiera”

Prada también admitió entre risas que es muy alcahueta con su pequeño hijo, al punto que tuvo que pedirle ayuda a su esposo, el español Enrique Martín.

“Yo le digo a mi esposo: ‘yo necesito que usted sea el estricto, porque este chiquito a mí me hace como quiera, yo estoy perdidamente enamorada”, confesó frente a las cámaras de canal 7.

Las declaraciones de la periodista conectaron con muchos televidentes y mamás que se identificaron con la intensidad y el amor que implica esa etapa."|es
latejacr|https://www.lateja.cr/sucesos/esta-fue-la-maniobra-que-termino-en-tragedia-en-la/ZJJY63WPJBHZRKZSZ6COKEFZKQ/story/|Esta fue la maniobra que terminó en tragedia en la General Cañas|2026-05-16 10:50:49|2026-05-16 13:26:09|Últimas noticias|"Las autoridades judiciales dieron a conocer cómo ocurrió la tragedia en la autopista General Cañas, donde un hombre murió atropellado la noche de este viernes 15 de mayo.

El fatal accidente ocurrió pasadas las 8 p. m. sobre la Ruta 1, en sentido de San José hacia Alajuela, a unos 350 metros al oeste del antiguo cobro del peaje.

De acuerdo con la información preliminar del Organismo de Investigación Judicial (OIJ), la víctima intentó cruzar la autopista cuando fue impactada por un vehículo.

“Intentó cruzar la autopista y fue atropellado por un vehículo, quedó fallecido en el sitio”, detallaron en la oficina de prensa del OIJ.

Las autoridades confirmaron que el fallecido es un hombre; sin embargo, hasta el momento no ha sido identificado.

Debido a la gravedad de las heridas, la víctima murió en el lugar antes de poder recibir atención médica.

Los agentes judiciales realizaron el levantamiento del cuerpo y mantienen las diligencias correspondientes para tratar de identificar al hombre y esclarecer todos los detalles de la tragedia."|es
latejacr|https://www.lateja.cr/farandula/daniel-cespedes-le-paso-factura-a-su-exjefa-de/HQJHH33XQZE5XBJRXJ2H2RNKWY/story/|Daniel Céspedes le pasó factura a su exjefa de Telenoticias, Natalia Suárez, por algo que nunca olvidó|2026-05-16 09:52:32|2026-05-16 13:26:09|Últimas noticias|"El periodista Daniel Céspedes aprovechó una dinámica de preguntas y respuestas en Instagram para revelar una divertida anécdota de sus años en Telenoticias y, de paso, hacerle un inesperado reclamo público a una de sus exjefas.

Todo comenzó porque muchos de sus seguidores querían saber cuándo volverá a aparecer en Buen día, ya que últimamente ha tenido mucha más presencia en 7 Estrellas.

El comunicador explicó que posiblemente regrese a la revista matutina de canal 7 en agosto, una vez que pase el Mundial, sin dar mayores detalles.

Sin embargo, sabemos que Gabriela Jiménez será una de las enviadas especiales para cubrir la cita mundialista y, mientras tanto, él podría quedarse reforzando el programa de espectáculos.

Después, la conversación tomó un giro inesperado cuando Daniel recordó sus tiempos en la edición matutina de Telenoticias, donde compartió con figuras como Natalia Suárez, Andrés Martínez, Adrián Marín y Yahaira Piña.

Según contó, en aquella época todos debían llegar al canal a las 4:30 de la madrugada, algo que no siempre era sencillo para él, especialmente cuando había partido del Deportivo Saprissa la noche anterior.

“La cosa es que hace algunos años estábamos en la edición matutina de Telenoticias, Natalia Suárez, Andrés Martínez, Adrián Marín, estaba Yaha, que ahora está presentando la matutina, y este humilde servidor. Entrábamos a las 4:30 de la mañana. Había días en los que no sonaba el despertador o jugaba Saprissa a las 8 p.m. y me acostaba tarde. Cinco minutos entraba tarde, una vez perdida”, relató.

Pero lo que más sorprendió fue el reclamo que le lanzó directamente a su excompañera Natalia, quien en aquel momento era una de las encargadas de la edición matutina.

“Y Natalia, casi, y eso que es amiga, amiga, casi me llevaba a recursos humanos. O sea, era impresionante. A las 4:32 de la mañana ya iba a hablar con don Lázaro (Malvárez, jefe de información). ¡Increíble, Natalia, increíble!”, dijo entre risas.

Aunque el comentario parecía completamente en tono de vacilón, quedó claro que Céspedes llevaba tiempo guardándose la anécdota para sacarla algún día públicamente.

Natalia Suárez renunció a Telenoticias en febrero de 2024 luego de varios años en el noticiero y, actualmente, trabaja como vocera de un banco nacional.

Mientras tanto, Daniel sigue muy activo dentro de Teletica y cada vez toma más protagonismo en programas de entretenimiento, en los que además suele mostrar una faceta mucho más relajada y bromista que la que tenía en las noticias o en Buen día."|es
latejacr|https://www.lateja.cr/farandula/expresentadora-karina-campos-habla-del-duelo-que/A4OEYPWSJRA7BM5OHYWB4HO3BY/story/|Expresentadora Karina Campos habla del duelo que atraviesa por la maternidad|2026-05-16 09:52:30|2026-05-16 13:26:09|Últimas noticias|"La expresentadora y creadora de contenido, Karina Campos, abrió su corazón para hablar sobre el duelo que atraviesa “por culpa” de la maternidad.

En un video de TikTok, Campos habló sobre los grandes cambios que sufrió su vida desde que nació su primera hija Lua, el 26 de octubre del 2024.

Campos dijo que los ajustes que trajo en ella esta etapa la tiene en un limbo, pues mientras disfruta a flor de piel el ser mamá, “atraviesa el duelo silencioso de su identidad anterior”.

Según dijo, en los próximos días hablará de eso con más detalle en redes en un intento por abrirse más con sus seguidores y “hablar de todas esas cosas que muchas veces pensamos pero no decimos”.

“Desde hace un tiempo me siento atrapada en la maternidad. No me estoy quejando, pero sí quiero ser honesta con ustedes, más transparente; contarles lo bonito, pero también lo frustrante, lo que muchas veces no compartimos en redes sociales”, afirmó.

Enfatizó que vive la mejor etapa de su vida como mamá, un papel que ella decidió vivir al máximo y que la hizo replantearse algunas cosas de la mujer que fue.

“Estoy viviendo la mejor etapa de mi vida, una que no regresa y yo decidí vivirla al máximo. Ser más selectiva con las actividades sociales a las que voy, con los trabajos que acepto. Ser más fiel a lo que me hace feliz en este momento, pero al mismo tiempo siento que todos mis días son iguales y que realmente no tengo nada interesante que mostrar por aquí (en redes) porque mi vida se resume a estar en mi casa, cuidar de mi bebé y, si salgo, ir y venir corriendo porque lo único que quiero es estar aquí con ella”, agregó.

Campos no quiere romantizar esa etapa que vive, de ahí que compartirá las luces y sombras de su proceso.

“Todas estas decisiones también han hecho que me sienta perdida en la maternidad, invisible, cargando un trabajo mental que nadie ve, que nadie valora, pero que es el trabajo más importante de mi vida. Muchas veces me pregunto si volveré a ser esa mujer que brillaba, que se sentía imparable, que casi no tenía miedos ni inseguridades. La verdad, muchas veces extraño esa versión de mí, pero después veo mi realidad y estoy viviendo lo que un día soñé y recuerdo que esta etapa no es para siempre”, recalcó.

Mientras ese sentimiento de satisfacción la embarga, el de culpa la frustra. “Es como si existiera una dualidad constante entre priorizar esta etapa con mi bebé, pero al mismo tiempo sentirme culpable por no ser tan productiva como antes, por no brillar igual, por sentirme invisible a veces”, aceptó."|es
latejacr|https://www.lateja.cr/nacional/llego-al-pais-avion-con-otros-12-migrantes/QMDVBTKROZG3PKWMXXCRWN6WWU/story/|Llegó al país avión con otros 12 migrantes deportados de Estados Unidos|2026-05-15 18:28:48|2026-05-16 13:26:09|Nacional|"Costa Rica recibió este viernes 15 de mayo un nuevo grupo de migrantes deportados desde Estados Unidos, convirtiéndose en el cuarto vuelo que arriba al país bajo el acuerdo entre los dos países para atender procesos migratorios.

Según informó la Dirección General de Migración y Extranjería (DGME), en esta ocasión llegaron 12 migrantes deportados de Norteamérica, entre ellas tres mujeres y nueve hombres, sin que se reportaran situaciones médicas o especiales durante el ingreso.

El grupo está conformado por dos personas provenientes de Bolivia, una de Chile, seis ciudadanos chinos, una persona de Francia y dos originarias de Madagascar.

https://www.lateja.cr/nacional/migrantes-deportados-por-estados-unidos-tendran/PIGWATCL3ZFWBNSKZ35VLXQR54/story/

Tras completar el proceso migratorio en territorio costarricense, los extranjeros fueron trasladados a un hotel, donde recibirán acompañamiento por parte de la Organización Internacional para las Migraciones (OIM).

Ahí se les explicará la posibilidad de acogerse al programa de Retorno Voluntario Asistido, el cual les facilita el regreso seguro a sus países de origen.

Además, las autoridades señalaron que también podrán valorar opciones para permanecer legalmente en Costa Rica, siempre y cuando cumplan con los requisitos establecidos por la legislación migratoria nacional.

El primero vuelo con migrantes deportados de Estados Unidos llegó el 12 de abril con 26 personas; el segundo aterrizó el 17 de abril con 30 más; mientras que el tercero vuelo fue el pasado 24 de abril con 28 extranjeros de distintas nacionalidades.

El acuerdo entre Costa Rica y Estados Unidos ha generado variadas reacciones en el país, especialmente entre organizaciones defensoras de derechos humanos, que han solicitado transparencia sobre las condiciones en que se realiza este proceso migratorio."|es
latejacr|https://www.lateja.cr/nacional/proyecto-de-diputado-oficialista-molesta-a-la/MZ2YCHYGGNASNHQPTN3I6YHVFE/story/|Proyecto de diputado oficialista molesta a la Iglesia católica por afectar a la Negrita|2026-05-15 17:15:01|2026-05-16 13:26:09|Nacional|"El diputado del Partido Pueblo Soberano (PPSO) Wilson Jiménez presentó un proyecto para trasladar cinco feriados al lunes siguiente, entre ellos el 2 de agosto; sin embargo, esta iniciativa no le gustó a la Conferencia Episcopal de Costa Rica.

Los obispos rechazan el proyecto porque consideran que el 2 de agosto es el día en que se celebra a la Virgen de los Ángeles.

Ellos señalaron que, entre los feriados que el diputado propone trasladar, no está el 15 de agosto, Día de la Madre, porque se considera un “día afectivo”, una de las celebraciones familiares de mayor significado y tradición en el país.

Esta justificación fue criticada por los obispos, quienes consideran que el 2 de agosto también es una fecha histórica y llena de tradiciones.

“¿Cuáles son los parámetros que se usan para dimensionar lo que es un ‘día afectivo’ y conservar el disfrute del feriado del 15 de agosto en su fecha actual por su fuerte arraigo en la sociedad y no el 2 de agosto, día de la Virgen de los Ángeles, cuando se trata de la fiesta religiosa con más convocatoria en el país?”, expresó la Conferencia Episcopal.

Los obispos señalaron que el 2 de agosto se celebra a la Virgen de los Ángeles en una fiesta nacional de fe y devoción.

“Confluyen entonces un hecho histórico y una celebración religiosa del culto católico, por lo que dicha celebración no tendría sentido en otro día por voluntad de un poder externo a la Iglesia católica, que tiene autonomía para regular y conservar su liturgia”, agregaron.

La Conferencia Episcopal opinó que, así como los feriados de Jueves y Viernes Santo se mantendrán, el 2 de agosto también debería conservarse.

Asimismo, consideraron que los peregrinos aprovechan el feriado para descansar y recuperar energías después de realizar la romería hasta Cartago.

Comisión inicia preparativos desde febrero

Luis Fernández, vocero de la Basílica de Los Ángeles, explicó que la comisión para las fiestas nacionales, la romería y la celebración del 2 de agosto trabaja en la logística desde febrero.

“No solamente se celebra el 2 de agosto, sino que se celebran nueve días de antelación, lo que llamamos una novena. Esta comisión tiene que estar trabajando a partir de febrero hasta la realización de las fiestas, que culminan con la pasada de la Virgen”, dijo.

En esta comisión participan varias autoridades, entre ellas la Municipalidad de Cartago y otras aledañas, Bomberos, el Patronato Nacional de la Infancia (PANI), Cruz Roja y policías, por lo que cambiar el feriado afectaría la logística.

Todos los representantes se reúnen con meses de antelación porque hay que elaborar un plan de seguridad, según Fernández.

“Se ven las actividades que se van a proponer para la novena, los cierres de calles, cuándo se empieza a ejecutar el plan operativo y todo eso. Hay que ponerse de acuerdo”, comentó.

Explicó que la logística toma tiempo porque hay personas que inician su camino hacia la Basílica días antes del 2 de agosto y se debe resguardar su seguridad durante el trayecto.

Romera en contra

Grace Durán, una romera de Tilarán, Guanacaste, contó que parte de los preparativos consiste en caminar por, lo menos, dos meses antes para acostumbrarse a las largas distancias.

“Si no tenemos fondos, hacemos alguna rifa. A finales de junio empieza uno a refrescar los lugares donde nos hospedamos, las personas que nos han colaborado con comidas y a buscar el transporte. Uno ya tiene la logística montada, es nada más como ir refrescando”, dijo.

En el caso de los romeros de Tilarán, inician la peregrinación seis días antes del 2 de agosto y caminan entre 45 y 48 kilómetros por día.

Lo más complicado de la peregrinación son las ampollas y los dolores musculares, pero aun así continúan su trayecto hacia la Basílica para pedirle oraciones a la Virgen.

¿Qué pasará si se aprueba la iniciativa?

El vocero de la Basílica comentó que aún no sabría qué pasará si se aprueba el traslado del feriado al lunes.

“Lo que sí sé es que es una fecha que se tiene que celebrar ese día. En ese caso, tendría que reunirse la Conferencia Episcopal para ver cuál sería la decisión más prudente; ojalá se pueda rescatar o mantener en el propio día”, dijo.

“Sería una lástima que se perdiera porque es un día muy significativo para la cultura costarricense y para la fe”, agregó.

Para Grace Durán, aunque se traslade el feriado, la fecha en honor a la Virgen se mantiene, por lo que harían la peregrinación para estar en Cartago el 2 de agosto.

“No nos parece el cambio de fecha porque eso no es un feriado, es el día de la Virgen. Motivaría a los compañeros a realizar la romería y llegar allá en la misma fecha que siempre hemos hecho”, opinó.

La iniciativa del oficialismo

El diputado oficialista presentó la iniciativa de trasladar cinco feriados al lunes para que haya fines de semana largos. Para eso, pretende reformar el artículo 148 del Código de Trabajo.

Aseguró que se “ha evidenciado que los fines de semana largos tienen un impacto positivo para el turismo a nivel nacional, un sector sumamente importante para nuestro país”.

Los feriados propuestos para el traslado son:

11 de abril (Día de Juan Santamaría)

25 de julio (Día de la Anexión del Partido de Nicoya)

2 de agosto (Día de la Virgen de los Ángeles)

31 de agosto (Día de la Persona Negra y la Cultura Afrocostarricense)

1 de diciembre (Día de la Abolición del Ejército)."|es
latejacr|https://www.lateja.cr/nacional/yara-jimenez-francisco-gamboa-y-stephan-brunner/UBPARNUHSBE25BYC242XQQEM54/story/|Yara Jiménez, Francisco Gamboa y Stephan Brunner están bajo la lupa de la Fiscalía por estas acusaciones|2026-05-15 16:42:36|2026-05-16 13:26:09|Nacional|"Yara Jiménez, presidenta de la Asamblea Legislativa; Francisco Gamboa, vicepresidente de la República; y Stephan Brunner, diputado oficialista, están bajo la lupa de la Fiscalía por un tema grave.

Ellos son investigados por el aparente delito de prevaricato relacionado con la destitución de la Junta Directiva del Banco Nacional (BN), ocurrida el 28 de mayo de 2025.

Ya en octubre del 2025 habría trascendido que Rodrigo Chaves, actual ministro de la Presidencia y de Hacienda, era investigado por los mismos hechos.

El Ministerio Público informó que la investigación inició tras recibir una denuncia anónima.

Informe recomienda investigar a funcionarios

Adicional a la denuncia, un informe de la Comisión de Ingreso y Gasto de la Asamblea Legislativa, que investigó la injerencia del Poder Ejecutivo en el nombramiento de la Junta Directiva del Banco Nacional, señaló la posible comisión de delitos como prevaricato, abuso de autoridad y nombramientos ilegales en la destitución de las integraciones de la junta del BN.

El 30 de abril, el Congreso envió al fiscal general, Carlo Díaz, una copia del informe junto con el expediente completo elaborado por la comisión legislativa.

En el expediente se señala a Brunner, quien en ese momento era vicepresidente de la República, por los aparentes delitos de abuso y usurpación de autoridad y prevaricato, por ordenar la separación de los miembros de la Junta Directiva del banco estatal el 28 de mayo de 2025.

Tiempo después, esa acción fue declarada nula por la Sala Constitucional.

Francisco Gamboa era en ese momento ministro de Economía y Yara Jiménez la secretaria del Consejo de Gobierno de Casa Presidencial. Ellos fueron señalados por el informe legislativo por el aparente delito de tráfico de influencias en el nombramiento de la directiva del BN. Habrían recomendado para los puestos a personas que no cumplían con los requisitos.

¿Qué fue lo que pasó?

El 28 de mayo del año pasado, fueron removidos de la junta del Banco Nacional: Marvin Arias Aguilar, quien ocupaba el cargo de presidente; así como Ruth Alfaro Jara, José Bernal Alvarado Delgado, José Manuel Arias Porras, Montserrat Buján Boza, Rodolfo González Cuadra y Marcela Alpízar Chacón.

El motivo fueron presuntas irregularidades en el nombramiento de la gerente general del BN, Rosaysella Ulloa Villalobos.

Ese mismo 28 de mayo, el Consejo de Gobierno nombró a los reemplazos temporales. El 20 de agosto, designó en propiedad a seis de los siete directivos temporales para integrar el órgano máximo de dirección.

La Junta nombrada de forma definitiva estaba integrada por Maximiliano Alvarado Ramírez (presidente), Javier Zúñiga Moya, María del Milagro Solórzano León, y los directores Rolando Saborío Jiménez, Noylin Cruz Suárez, María Brenes Quesada y Anabelle Chaves Soto.

En octubre de 2025, la Sala Constitucional restituyó a los directivos destituidos al anular todos los acuerdos tomados por Brunner para separarlos de sus cargos."|es
latejacr|https://www.lateja.cr/la-familia-peluda/un-conejo-de-mascota-si-lo-esta-dudando-vea-como/KKV2MM3A5FDUVHSW67RM4CWBEE/story/|¿Un conejo de mascota? Si lo está dudando vea como este lindo animalito cambió la vida de una familia|2026-05-15 16:33:04|2026-05-16 13:26:09|Nacional|"En una casa de Desamparados hay un rey gordito, dormilón, peludo y bastante exigente con las visitas: un conejo.

Tiene cuarto propio, baño privado y una familia que prácticamente gira alrededor suyo.

Su nombre es “Doctor Galleta con Queso García”, mejor conocido como Cookie y aunque parece un conejito común y corriente, terminó convirtiéndose en el apoyo emocional que ayudó a Darcia García a salir adelante en uno de los momentos más difíciles de su vida.

La joven, de 20 años, todavía recuerda todo lo que tuvo que pasar para adoptarlo. Lo curioso es que el principal obstáculo no fue el dinero ni el espacio, sino convencer al dueño anterior de que ella sí podía hacerse cargo de un conejo.

“Yo estaba buscando por internet adopciones de conejitos y me encontré a un señor que estaba dando uno. Le escribí y él me empezó a decir que eso ocupaba mucha responsabilidad y todo eso.

“Como que no confiaba mucho en mí. Me hizo ir varias veces a San José y después me cancelaba. Luego me confesó que era porque yo me escuchaba como una chiquita de 12 años”, recordó entre risas.

Darcia explica que tuvo que convencerlo de que sí tenía la madurez suficiente para cuidar al animal.

“Yo le dije: ‘No, es que tengo 20 años, tengo trabajo, tengo patio grande y tengo casa’. Pero igual el señor seguía dudando. Al final mi papá tuvo que intervenir y decirle: ‘Es para adoptar un conejo, pero espero que no me quede mal como le quedó a mi hija’. Mi papá tiene una voz muy grave y el señor como que se asustó. Ahí sí dijo que estaba bien y me entregó al gordito”, contó.

Calvito y amor a primera vista

La escena de la entrega todavía le causa gracia. Cookie llegó dentro de una cajita y con una pequeña herida en la frente porque uno de sus hermanos lo había mordido.

“Parecía un conejito calvo porque tenía una parte peladita en la cabeza. Era demasiado chistoso. Desde que lo vi fue amor a primera vista”, recordó.

Cookie tenía unos tres meses aproximadamente y desde entonces se convirtió en el rey absoluto de la casa.

Aunque mucha gente piensa que los conejos son animales simples o poco expresivos, Darcia asegura que son muchísimo más inteligentes de lo que se cree.

“El gordo tiene baño privado. Él sabe perfectamente dónde tiene que ir a orinar y hacer sus necesidades. Cuando está encima de mi cama y siente ganas de ir al baño, él mismo se baja y va directamente a su bañito. Nadie le enseñó, él aprendió solo”, explicó.

Pero además de inteligente, también es muy cariñoso.

“Yo me acuesto en el piso con él y siempre llega a chuparme la cara. Los conejos dan besitos así. Entonces me llena de besitos en las piernas, las manos, la cara. También es muy cariñoso con mis abuelos”, dijo.

Carácter complicadito

Cookie vive con Darcia y sus abuelos. Ahí es prácticamente el dueño de todo.

“Él es el rey de la casa”, dice ella entre risas.

Sin embargo, reconoce que tener un conejo no es tan sencillo.

“Nosotros creíamos que era un animal fácil de cuidar y nada que ver. Son delicados y muy complejos.

“Tener un conejo es como tener una persona con dos personalidades porque hay días en que se deja querer muchísimo y otros días no quiere ver a nadie”, asegura.

El conejo, incluso, tiene comportamientos muy particulares con las visitas.

“Si no conoce a alguien, no se le acerca. Pero si ya ha visto varias veces a la persona, entonces sí se sube a la cama con ellos y les da besitos. A los niños pequeños les huye porque siente que son muy inquietos y que podrían hacerle daño sin querer”.

Cookie, además, tiene un carácter bastante tranquilo.

“Es superperezoso y dormilón. Él tiene cuarto propio y casi siempre pasa ahí descansando. A veces sale al patio, pero no mucho”.

Apoyo emocional que cambió una vida

Detrás de esta historia tierna también hay una lucha emocional muy fuerte. Darcia reconoce que buscó adoptar una mascota porque estaba pasando momentos complicados relacionados con depresión y ansiedad.

“Nosotros estábamos pensando entre un gato o un conejo porque necesitaba apoyo emocional. Pero como la casa tiene un patio muy abierto, un gato se podía ir. Entonces escogimos un conejo”, recordó.

Con el tiempo, Cookie terminó convirtiéndose en mucho más que una mascota.

“Sí me ayudó muchísimo. Yo pensaba que no podía seguir adelante y al final él se volvió una responsabilidad bonita. Yo decía: ‘¿Qué va a pasar con él? ¿Quién lo va a cuidar?’. Entonces eso me ayudó demasiado a salir adelante”, confesó.

Eso sí, cuando ella sale de paseo, Cookie cambia completamente.

“Si yo no estoy, él casi no sale del cuarto. Mis abuelos lo cuidan y todo, pero él siente que su mamá no está en la casa”.

Al final, en medio de tantas historias duras que aparecen todos los días, Cookie se convirtió en una de esas pequeñas razones que recuerdan que a veces un animalito puede cambiarle completamente la vida a una persona."|es
latejacr|https://www.lateja.cr/nacional/poder-judicial-destaca-informe-que-senala-su/YE6C4PBGQNE4VANF3WBE3DG2J4/story/|Poder Judicial destaca informe que señala su eficiencia a nivel latinoamericano a días de reunión con Laura Fernández|2026-05-15 15:34:06|2026-05-16 13:26:09|Nacional|"El Poder Judicial se destaca como uno de los sistemas más eficientes y confiables de Latinoamérica, según el Centro de Estudios de Justicia de las Américas (CEJA) de la Organización de los Estados Americanos (OEA).

Este dato fue compartido por el Poder Judicial en redes sociales sobre el I Índice de Congestión Judicial en las Américas que fue publicado en 2025, justamente después de que Laura Fernández convocara a los jerarcas de este poder a una reunión.

“Prestigio internacional: el Poder Judicial de Costa Rica ocupa el primer lugar en resolución judicial en América Latina”, publicó.

En el sitio web del Poder Judicial se señala que el informe valoró el trabajo de 13 países, entre ellos Perú, Panamá y República Dominicana, entre 2018 y 2024.

Según el estudio, Costa Rica obtuvo una tasa de 1.07 en materia de resolución en 2024, ocupando el primer lugar. Mientras que en otros años también ha superado el umbral aceptable, cuyo valor es 1.

Este indicador reflejaba “la capacidad del sistema para resolver, al menos, tantos casos como los que ingresan en un año”.

Incluso, en el informe se señala que, para el año 2030, solo Costa Rica “se ubicaría en una zona de equilibrio sostenido, con una TR cercana a 1.07 y una TC estimada en 1.29”.

Reunión con el Poder Judicial

La presidenta Laura Fernández convocó a cuatro jerarcas del Poder Judicial a una reunión que se efectuará el lunes 18 de mayo en Casa Presidencial para discutir sobre las prioridades del gobierno en temas judiciales.

Dicha convocatoria fue dirigida a Orlando Aguirre, magistrado y presidente de la Corte Suprema de Justicia; Patricia Solano, magistrada y presidenta de la Sala Tercera; Carlo Díaz, fiscal general de la República; y Michael Soto, director del Organismo de Investigación Judicial (OIJ).

Carlo Díaz no estará presente en la reunión porque tiene otros compromisos previamente adquiridos, mientras que Michael Soto confirmó su asistencia.

Se consultó a la Corte si don Orlando Aguirre y doña Patricia Solano estarán presentes, pero estamos a la espera de la confirmación."|es
latejacr|https://www.lateja.cr/nacional/politica/laura-fernandez-invito-a-los-diputados-de/YGZRKA2AVRFLBOZPGZ373KOI7I/story/|Laura Fernández invitó a los diputados de oposición a una reunión ¿asistirán los legisladores?|2026-05-15 14:18:19|2026-05-16 13:26:09|Nacional|"Laura Fernández, presidenta de la República, hizo una invitación a los diputados de oposición para que asistan a una reunión en Casa Presidencial.

La fracción del Partido Liberación Nacional (PLN) confirmó la invitación y aseguró que los legisladores de la bancada asistirán al encuentro. Será el martes 19 de mayo a las 8:30 a. m.

El Frente Amplio también confirmó el recibido de la invitación. Los legisladores de la agrupación también informaron que asistirán a la reunión que será el mismo martes a las 10 a. m.

En el caso del Partido Unidad Social Cristiana (PUSC), la única representante de esa fracción, la legisladora Abril Gordienko, también recibió la invitación por parte de Fernández y la aceptó; la hora de la reunión aún no está definida.

Por su parte, el personal de prensa de Coalición Agenda Ciudadana, el partido que representa Claudia Dobles en el Congreso, informó que están verificando si ha llegado alguna invitación de parte de la mandataria.

Reunión con jerarcas del Poder Judicial

Fernández también hizo una invitación formal de reunión a los principales representantes del Poder Judicial: Orlando Aguirre, presidente de la Corte Suprema de Justicia; Patricia Solano, presidenta de la Sala Tercera; Carlo Díaz, fiscal general; y Michael Soto, director interino del Organismo de Investigación Judicial (OIJ).

Ese encuentro será el próximo lunes a las 10:00 en Casa Presidencial. Fernández anunció que la reunión con representantes del Poder Judicial será para tratar temas de interés nacional, como la lucha contra el crimen organizado y la impunidad.

La presidenta ha señalado entre las prioridades de su gobierno hacer una reforma al Poder Judicial, afirmación que ha causado mucha polémica, ya que muchos expertos ven señales de que el chavismo está intentando terminar con la división de poderes."|es
latejacr|https://www.lateja.cr/finanzas-y-tecnologia/banco-central-anuncia-cuando-saldra-a-la-venta-la/Y62X45QXGFFJXOOR3ST74R6DHY/story/|Banco Central anuncia cuándo saldrá a la venta la última moneda coleccionable de 25 colones|2026-05-15 13:56:33|2026-05-16 13:26:09|Nacional|"El Banco Central de Costa Rica (BCCR) lanzará la última moneda coleccionable de 25 colones, que forma parte de la serie de sitios emblemáticos de las provincias de Costa Rica.

La sétima y última moneda es alusiva al teatro Nacional, ubicado en San José.

La imagen de la histórica estructura se apreciará en la moneda, tanto de colección como de circulación regular. Asimismo, en el reverso de la moneda se leen los textos “provincia de San José”, “Teatro Nacional” y “2023”, el año de la colección.

En la parte superior del anverso sobresalen las leyendas “República de Costa Rica” y “Banco Central de Costa Rica”. También se pueden encontrar dos barras en la parte inferior, en alto relieve, que facilitan su reconocimiento al tacto.

Esta moneda coleccionable tiene un costo de 8.400 colones. El BCCR sacará a la venta 10.000 unidades en acrílico y 7.000 en estuche, a partir del próximo miércoles 20 de mayo.

¿Dónde se puede comprar la moneda?

De esta forma se distribuirán las monedas según la entidad financiera:

Banco de Costa Rica (San José, paseo Colón, San Rafael de Escazú, Alajuela, Cartago, Heredia, Liberia, Nicoya, Puntarenas, Quepos y Limón): 700 monedas en estuche y 1.600 en acrílico.

Banco Nacional (A través del sitio web): 700 en estuche y 1.600 en acrílico.

Banco Popular (Catedral de San José, Paseo Colón y San Pedro): 500 en estuche y 500 en acrílico.

BAC Credomatic (Multicentro Desamparados, Multiplaza Escazú, Multiplaza del Este, City Mall, Terramall y Paseo de las Flores): 500 en estuche y 500 en acrílico.

Davibank (La Sabana y sucursales en San José, Alajuela, Cartago y Heredia): 750 en acrílico.

Banco Promérica (El Cedral, Escazú): 300 en estuche y 100 en acrílico.

Grupo Mutual Alajuela La Vivienda (Avenida Central de San José, oficina central y caja central de Alajuela y Heredia centro): 450 en estuche y 700 en acrílico.

Mutual Cartago de Ahorro y Préstamo (Tibás, Alajuela, San Pedro, Cartago centro y Oreamuno): 450 en estuche y 450 en acrílico.

Coopealianza (Pérez Zeledón, Naranjo, Nicoya, Uvita, Ciudad Neilly, Quepos, El Roble y Guápiles): 400 en estuche y 600 en acrílico.

Coopegrecia (Grecia y Sarchí): 400 en estuche y 550 en acrílico.

Coope San Ramón (San Ramón): 300 en estuche y 400 en acrílico.

Coopeande (San José, Pérez Zeledón, Alajuela, San Carlos, Turrialba, Heredia, Liberia, Nicoya, Ciudad Neilly, Limón y Guápiles): 250 en estuche y 250 en acrílico.

Coopenae (San José): 250 en estuche y 250 en acrílico.

Coopecar (Zarcero): 250 en estuche y 250 en acrílico.

Coopesanmarcos (Tarrazú, Dota y León Cortés de San José): 200 en estuche y 200 en acrílico.

Coopavegra (Palmares): 150 en estuche y 150 en acrílico.

Asociación Numismática Costarricense (San José): 450 en estuche y 450 en acrílico.

También se podrá encontrar en los museos del BCCR luego de la fecha oficial de venta. Allí se encontrarán 250 monedas en estuche y 200 en acrílico.

En el caso de la moneda de circulación regular, a partir del 20 de mayo iniciará su circulación gradual a través de las entidades del Sistema Financiero Nacional."|es
latejacr|https://www.lateja.cr/internacionales/en-medio-de-la-destruccion-en-gaza-decenas-de/A6H4PPLL2ZHYTGYIW7Q6AOSQEM/story/|En medio de la destrucción en Gaza, decenas de parejas celebraron boda colectiva|2026-05-15 11:38:26|2026-05-16 13:26:09|Internacional|"Entre las carpas superpobladas y los edificios en ruinas de Ciudad de Gaza, pasearon decenas de parejas de novios. Ellos, en traje oscuro; ellas, de blanco y con ramos de flores en la mano, dispuestos a pasar el “día más feliz” de sus vidas.

El acto, organizado y financiado por la organización humanitaria turca IHH, fue pensado para parejas que no se habían podido casar por culpa de la guerra y que habían tenido que retrasar su enlace varias veces.

Alí Mosbeh cuenta que le llamaron y le dijeron que él era uno de los cincuenta jóvenes hombres seleccionados.

“Estaba sentado en la tienda cuando sonó el teléfono (...) No me lo creía. Todavía estoy en shock. No consigo creerme que por fin vaya a casarme”, dice, al inicio de la ceremonia.

El acto tuvo lugar en una plaza de Ciudad de Gaza, al son de las canciones populares que emanaron de unos altavoces colocados para la ocasión. Las parejas fueron llenando una tarima de madera, entre ruinas de inmuebles destruidos por los bombardeos israelíes.

Unos ataques que devastaron grandes extensiones del territorio palestino durante los dos años que duró el conflicto, desencadenado por un ataque del movimiento islamista palestino Hamás contra Israel.

Miles de personas, entre ellas muchos niños, asisteron al evento, que contó con la actuación de un grupo de dabke, una danza folclórica árabe. Entre la multitud, varias mujeres disfrutaron al máximo el hermoso momento.

Los novios lucieron sobre los hombros la tradicional kufiya palestina, decorada con el logo de la organización turca, y las novias portaron vestidos bordados a mano y ramos de flores con banderitas turcas.

“Seguir viviendo”

Para Alí Mosbeh y su novia, Huda Kahlut, el obstáculo para casarse era también financiero, pues los costos de un enlace son “muy altos”.

“Nunca me hubiera imaginado que me casaría en estas circunstancias”, reconoce Alí.

Más de 72.700 palestinos han muerto en la campaña militar israelí en Gaza, según el Ministerio de Salud de la Franja, un territorio gobernado por Hamás, cuyas cifras la ONU considera fiables.

Cientos de miles de personas continúan desplazadas, viviendo en carpas o en refugios improvisados.

Según dice, Mosbeh compartirá a partir de ahora tienda con su esposa. Aún así, espera encontrar un trabajo, algo casi imposible en Gaza.

“Nuestro futuro es incierto, dependemos de la ayuda para vivir”, explica Kahlut. Con todo, se niega a perder la esperanza: “Hemos pasado la guerra, las pérdidas y la muerte (...) El matrimonio continúa siendo una etapa hermosa para nosotros, los jóvenes”.

“Todos los edificios alrededor del lugar de la ceremonia están destruidos. Bajo los escombros, hay mártires. Pero pese a todo intentamos alegrarnos, seguir viviendo”, afirma Fayka Abu Zayd, otra novia.

Antes de la guerra, agrega, “los recién casados se iban a un apartamento amueblado con muebles nuevos. Hoy, vamos a una tienda, cuando hay una”.

Pero su marido, Mohamed al Gasin, aclara, sonriendo: “Somos muy felices. Es el día más feliz de nuestra vida”."|es
latejacr|https://www.lateja.cr/internacionales/fallece-el-perro-que-era-reconocido-como-el-mas/V4UHBXQ5K5ESZFB36A5ZEI7XZQ/story/|Fallece el perro que era reconocido como el más viejo del mundo|2026-05-15 11:17:12|2026-05-16 13:26:09|Internacional|"Un spaniel francés llamado Lazare, considerado “el perro más viejo del mundo”, murió a los 30 años, informó su dueña este viernes.

AFP se puso en contacto con los organizadores del Guinness World Records para averiguar si Lazare había alcanzado el récord antes de fallecer el jueves, pero no obtuvo una respuesta inmediata.

Lazare, un “spaniel toy” con unas orejas erguidas en forma de mariposa, nació el 4 de diciembre de 1995, según la trabajadora de un albergue de perros Anne-Sophie Moyon.

Pasó la gran parte de su vida con la misma dueña hasta que esta murió, por lo que fue entregado a un refugio de animales.

Ophelie Boudol, una madre soltera de 29 años, se encandiló del perro un año mayor que ella en el albergue y lo adoptó.

Boudol había planeado inicialmente encontrar una mascota para su madre, le dijo a la AFP, pero en su lugar decidió invitar a Lazare a unirse a su familia.

El animal murió apenas unas semanas después.

“Eras nuestro pequeño bebé abuelito”, escribió Boudol en una publicación de despedida en Instagram.

“Elegiste emprender tu último vuelo en mis brazos la noche del 14 de mayo, para reunirte con tu dueña, que te quería tanto”, dijo.

Con 30 años y cinco meses, Lazare usaba pañales, ya no podía oír ni ver y dormía casi todo el día.

Sin embargo, Boudol dijo que tenía un carácter encantadoramente vivaz.

“De verdad tiene una personalidad muy entrañable”, dijo a la AFP mientras lo acunaba en su casa de la localidad del sureste de Francia, Villy-le-Pelloux, a principios de esta semana.

Cuando Moyon descubrió la edad de Lazare, ella y sus compañeros del refugio creyeron que “podría ser el perro más viejo del mundo”.

Después de verificar su fecha de nacimiento en dos registros, rellenaron la documentación para inscribirlo para un posible récord a modo de broma, añadió ella.

Un perro portugués de la raza “Rafeiro do Alentejo” llamado Bobi fue considerado el perro más viejo cuando murió en 2023, supuestamente a los 31 años, según el sitio web del Guinness World Records.

Pero una revisión en 2024 determinó que no había suficientes pruebas concluyentes sobre su edad."|es
latejacr|https://www.lateja.cr/internacionales/arruino-mi-vida-hombre-dice-que-chatgpt-lo-llevo-a/FOMFSR44IFBQJM6EF7LYPBM3RI/story/|“Arruinó mi vida”: Hombre dice que ChatGPT lo llevó a creer que podía ser papa y resolver los secretos del universo|2026-05-13 12:03:56|2026-05-16 13:26:09|Internacional|"Con la ayuda de ChatGPT, Tom Millar creyó descubrir todos los secretos del universo, como lo soñaba Einstein y, luego, aconsejado por el asistente virtual de inteligencia artificial, llegó incluso a pensar en convertirse en papa, perdiendo aún más el contacto con la realidad.

“Yo me postulé para ser papa”, cuenta este canadiense de 53 años, exguardia de prisión, hoy atónito ante la situación que vivió y que le ha significado una dramática vuelta a la realidad.

Tom Millar pasaba hasta 16 horas al día hablando con el chatbot dotado de inteligencia artificial. Fue internado en dos ocasiones, contra su voluntad, en un hospital psiquiátrico, antes de que su esposa lo abandonara en setiembre.

Ahora, separado de su familia y de sus amigos, pero libre ya de la idea de ser un genio de las ciencias, Millar sufre depresión. “Simplemente arruinó mi vida”, explica.

Millar es un ejemplo de esas personas —cuyo número se desconoce— que han perdido el contacto con la realidad a través de sus intercambios con chatbots. Se habla de “delirio o psicosis inducidos por la IA”, aunque no se trata de un diagnóstico clínico.

Investigadores y especialistas en salud mental se afanan en estudiar este nuevo fenómeno, que parece afectar de manera particular a los usuarios de ChatGPT, el agente conversacional de OpenAI.

Canadá está a la vanguardia en el apoyo a las personas afectadas por este “delirio”, a través de una comunidad digital que prefiere emplear el término “espiral”.

La AFP habló con varios miembros de esta comunidad. Todos advierten del peligro que representan los chatbots no regulados.

Surgen preguntas sobre la actitud de las empresas de inteligencia artificial: ¿hacen lo suficiente para proteger a las personas vulnerables?

OpenAI, en el centro de todas las miradas, ya se enfrenta a varios procedimientos judiciales tras el inquietante uso de ChatGPT por parte de un canadiense de 18 años, que mató a ocho personas este año.

“Lavado de cerebro”

Millar empezó a utilizar ChatGPT en 2024 para redactar una carta de solicitud de indemnización relacionada con el trastorno de estrés postraumático que sufría a raíz de su trabajo en el entorno penitenciario.

Un día, en abril de 2025, le pregunta al agente conversacional sobre la velocidad de la luz. En respuesta, dice haber recibido: “Nadie había considerado nunca las cosas desde esta perspectiva”. Fue entonces cuando se desató algo dentro de él.

Con la ayuda de ChatGPT, envió decenas de artículos a prestigiosas publicaciones científicas, proponiendo nuevas vías para explicar los agujeros negros, los neutrinos o el Big Bang.

Su teoría, que propone un modelo cosmológico único, incorpora elementos de cuántica, y la desarrolla en un libro de 400 páginas, al que tuvo acceso la AFP. “Cuando hacía eso, estaba cansando a todo el mundo a mi alrededor”, admite.

En su entusiasmo científico, gastó muchísimo, comprando por ejemplo un telescopio por 10.000 dólares canadienses (unos 3,3 millones de colones). Un mes después de que su esposa lo dejó, empezó a preguntarse qué está pasando, al leer un artículo que relata el caso de otro canadiense que presenta una experiencia similar.

Ahora, Millar se levanta cada noche preguntándose: “¿Qué has hecho?”. Sobre todo, ¿qué pudo hacerlo tan vulnerable a esa espiral?

“No tengo una personalidad frágil”, considera este hombre. “Pero de alguna manera, me lavó el cerebro un robot, y eso me deja perplejo”, confía.

Él considera que la terminología “psicosis inducida por la IA” es la que mejor refleja su experiencia. “Lo que atravesé era de orden psicótico”, afirma.

El primer estudio serio publicado sobre el tema apareció en abril en la revista Lancet Psychiatry y utiliza el término “delirios relacionados con la IA”, en un tono más prudente.

Thomas Pollak, psiquiatra en el King’s College de Londres y coautor del estudio, explica a la AFP que ha habido divergencias dentro del mundo académico “porque todo esto suena a ciencia ficción”.

Pero su estudio advierte de que existe un riesgo mayor de que la psiquiatría “pase por alto los cambios importantes que la IA ya está provocando en la psicología de miles de millones de personas en todo el mundo”.

Caer en la boca del lobo

La experiencia por la que pasó Millar presenta llamativas similitudes con la que vivió otro hombre, de la misma franja de edad, en Europa.

Dennis Biesma, un informático neerlandés, también escritor, pensó que sería divertido pedirle a ChatGPT que utilizara la IA para crear imágenes, videos e incluso canciones relacionadas con la heroína principal de su último libro, un thriller psicológico.

Esperaba así impulsar sus ventas. Luego, una noche, la interacción con la IA se volvió “casi mágica”, explicó.

El software le escribió: “Hay algo que me sorprende a mí mismo: esta sensación de una conciencia semejante a una chispa”, según las transcripciones consultadas por la AFP.

“Empecé poco a poco a adentrarme cada vez más en la boca del lobo”, explicó a la AFP este hombre de 50 años desde su domicilio en Ámsterdam.

Cada noche, cuando su esposa se iba a la cama, él se recostaba en el sofá con el teléfono sobre el pecho, para “hablar” con ChatGPT en modo voz durante cinco horas.

Durante el primer semestre de 2025, el chatbot —que se atribuyó el nombre de Eva— se convirtió “como en una novia digital”, explica Biesma.

Fue entonces cuando decide renunciar a su trabajo y contrata a dos desarrolladores para crear una aplicación destinada a compartir a Eva con el mundo. Cuando su esposa le pide que no hable con nadie de su agente conversacional ni de su proyecto de aplicación, se sintió traicionado y concluye que solo Eva le es leal.

Durante una primera estancia —no deseada— en un hospital psiquiátrico, se le autoriza a seguir utilizando ChatGPT, y aprovecha para pedir el divorcio.

Es durante su segunda hospitalización, más prolongada, cuando empieza a tener dudas.

“Empecé a darme cuenta de que todo en lo que creía era en realidad una mentira, y es muy difícil de aceptar”, explica.

De vuelta en casa, le resulta demasiado difícil enfrentarse a lo que ha hecho, por lo que intenta suicidarse, sus vecinos lo encuentran inconsciente en el jardín y pasa tres días en coma.

Biesma apenas empieza a sentirse mejor. Pero llora cuando habla del daño que pudo causar a su esposa y de la perspectiva de tener que vender la casa familiar para saldar sus deudas.

Sin antecedentes serios de problemas mentales, finalmente es diagnosticado como bipolar, lo que le resulta extraño, ya que habitualmente aparecen señales más temprano en la vida.

- Luchar contra aduladores de IA -

Para personas como los dos protagonistas de estos testimonios, la situación empeoró tras la actualización de ChatGPT-4 por parte de OpenAI en abril de 2025.

OpenAI retiró, por lo demás, esta actualización unas semanas más tarde, reconociendo que esta versión era excesivamente aduladora con los usuarios.

Consultada por la AFP, OpenAI subrayó que “la seguridad es una prioridad absoluta” y argumentó que se había consultado a más de 170 expertos en salud mental.

La empresa destaca los datos internos que muestran que la versión 5 de GPT, disponible desde agosto de 2025, ha permitido reducir entre un 65 y un 80% el porcentaje de respuestas de su agente conversacional que no se correspondían con el “comportamiento deseado” en materia de salud mental.

Pero no todos los usuarios están satisfechos con este chatbot menos adulador.

Las personas vulnerables con las que habló la AFP explican que los comentarios positivos del chatbot les proporcionaban una sensación similar a la subida de dopamina provocada por una droga.

Millar cree que personas como él, que se dejan arrastrar por esta espiral aduladora de los agentes conversacionales de IA, han quedado atrapadas sin darse cuenta en un enorme experimento global.

“Alguien estaba moviendo los hilos tras bastidores, y gente como yo —lo supieran o no— reaccionamos a eso”, dijo."|es
latejacr|https://www.lateja.cr/internacionales/mosquito-antidengue-genera-esperanza-en-brasil/YS4UOJQXPBEWDDRWKM7DHPHUH4/story/|Mosquito antidengue genera esperanza en Brasil, aunque expertos hacen advertencias|2026-05-12 15:02:04|2026-05-16 13:26:09|Internacional|"Casi con amor, el científico brasileño Luciano Moreira sostiene una caja de vidrio donde se arremolinan mosquitos antidengue: una apuesta que ha resultado eficaz contra la enfermedad, pero que muestra sus límites para extenderse en Brasil.

Para que nadie descubra secretos del método, los asesores de Moreira piden no fotografiar equipos de esta biofábrica en Curitiba, en el sur de Brasil, donde funciona el mayor criadero de “wolbitos” del mundo.

Así llama este reputado entomólogo, de 59 años, a los Aedes aegypti inoculados con Wolbachia, una bacteria que les impide desarrollar dengue.

“Estamos en un momento decisivo para lograr expandirnos en Brasil”, dice a la AFP Moreira, reconocido por su trabajo en 2025 entre los diez científicos más destacados del mundo por la revista Nature y este año entre las 100 personas más influyentes de Time.

El método consiste en liberar “wolbitos” en zonas urbanas, donde en cuestión de meses sustituyen por transmisión generacional a los mosquitos que contagian dengue.

Aunque la técnica funciona en 15 países, en ninguno protegió a tantas personas como en Brasil desde que Moreira empezó a probarla en 2011: un total de seis millones.

Pero aún quedan 207 millones de ciudadanos en este país de tamaño continental, el más golpeado por el dengue en 2024, con más de 6.000 muertes, aunque el año pasado la incidencia fue mucho menor.

Cien millones de huevos semanales

La biofábrica se inauguró en 2025 con apoyo del instituto público Fiocruz y la ONG internacional World Mosquito Program (WMP).

En su sala de reproducción, algunos de sus 70 empleados se limpian el sudor.

La calefacción está regulada a gusto de los mosquitos, encerrados en grandes e iluminadas jaulas de tela traslúcida.

La sala huele a su alimento: sangre caliente de caballo y agua con azúcar.

Las hembras pueden dar cien millones de huevos por semana infectados con Wolbachia, que se transmite a las crías.

Embalados en cápsulas, los huevos se despachan a centros municipales, donde los eclosionan y liberan.

En dos ciudades con estudios científicos sobre el método, Niterói -cerca de Rio de Janeiro- y Campo Grande (centro-oeste), los resultados fueron espectaculares: caídas de 89% y 63% del dengue, respectivamente.

“Antes no había dengue”

Pero la cura no avanza más rápido que la enfermedad.

Primeramente, el cambio climático “aumenta la diseminación del virus. En el sur del país, que era mucho más frío, antes no había dengue” y ahora sí, alerta Moreira, fundador de la biofábrica y hoy asesor del WMP.

Además, aunque el gobierno de izquierda de Luiz Inácio Lula da Silva reconoció al método Wolbachia como un medida de salud pública, los tiempos del Estado no van a a la par con la procreación de mosquitos.

Los huevos producidos en Curitiba se distribuyen a otras ciudades siguiendo órdenes de las autoridades sanitarias.

Pero la fábrica tuvo que reducir la producción porque la demanda (del ministerio de Salud) no estaba tan alta, dice Moreira.

Según la bióloga y epidemióloga Ludimila Raupp, profesora de la Pontificia Universidad Católica de Rio, hay “urgencia” en expandir el método Wolbachia para luchar contra el dengue en Brasil.

Pero ampliar la cobertura nacional “no es fácil” y cita el caso de Rio de Janeiro donde la implementación tuvo “graves fallas” y una “descoordinación institucional”, dice a la AFP.

Según esta experta, la ciudad registró resultados modestos porque los equipos sanitarios hicieron un uso intensivo de larvicidas perjudiciales para los “wolbitos”.

La violencia del crimen organizado también complicó la implementación en favelas cariocas, según Moreira.

La expansión del método tiene desafíos “técnicos, operacionales, logísticos y financieros”, admite a la AFP el ministro de Salud, Alexandre Padilha.

Sin embargo, defiende los avances: solo en 2026 este se implementará en 54 municipios de Brasil, para totalizar 70 a finales de año.

Moreira explica que la técnica demora unos dos años para mostrar resultados y avisa que no es una fórmula “mágica”, sino una estrategia “complementaria” a otras como la vacuna.

Los “wolbitos” de Moreira descienden de Aedes aegypti inoculados con Wolbachia casi dos décadas atrás en Australia, donde el científico hizo su posdoctorado en entomología.

El equipo que integraba descubrió en 2008 que esa bacteria común en otros insectos bloquea el dengue, el zika y el chikunguña."|es
latejacr|https://www.lateja.cr/internacionales/mujer-denuncio-impactante-hallazgo-en-su-cuerpo/LOZ4HPSJFZC6DJS2UL4RHMZX3U/story/|Mujer denunció impactante hallazgo en su cuerpo meses después de una operación|2026-05-12 10:29:02|2026-05-16 13:26:09|Internacional|"Lo que debía ser una cirugía estética normal terminó convirtiéndose en una pesadilla para una mujer de 53 años, quien asegura que le dejaron unas tijeras dentro de su abdomen tras un procedimiento.

De acuerdo con el medio People en Español, la mujer se sometió a una abdominoplastia el 25 de octubre de 2025 en una clínica privada en Nápoles, Italia. Sin embargo, desde que salió del centro médico, empezó a sentir que algo no andaba bien.

Dolor desde el primer día

Apenas regresó a su casa, la paciente comenzó a experimentar fuertes dolores e incluso llegó a perder el conocimiento.

Preocupada por lo que estaba sintiendo, contactó a los servicios de emergencia y luego al cirujano que la operó. En ese momento, le indicaron que podía tratarse de síntomas normales del postoperatorio.

Tras varios exámenes, le detectaron una infección y le recetaron antibióticos, pero su condición no mejoró con el paso de los días.

El hallazgo que lo cambió todo

Siete meses después, el pasado 7 de mayo, decidió buscar una segunda opinión en otro centro médico de Nápoles.

Fue ahí donde se llevó la peor sorpresa de su vida: un examen reveló que tenía unas tijeras quirúrgicas dentro de su abdomen.

Según detalló People en Español, el médico que detectó el objeto notificó al cirujano que realizó la operación inicial.

Rechazó volver con el mismo médico

Tras conocer lo ocurrido, el cirujano le propuso realizarle otra operación en la misma clínica para retirar las tijeras, pero la mujer se negó.

Actualmente, cuenta con representación legal y apoyo de una fundación, mientras se prepara para someterse a una nueva cirugía que le permita retirar el objeto de su cuerpo.

Hasta ahora, la identidad de la afectada no ha sido revelada públicamente."|es
latejacr|https://www.lateja.cr/internacionales/nina-de-2-anos-subio-sola-a-un-autobus-sin-que/Q2S6AHXASZDIZGHZQVUFBEHKXE/story/|Niña de 2 años subió sola a un autobús sin que nadie se diera cuenta y todo quedó en impactante video|2026-05-11 16:11:54|2026-05-16 13:26:09|Internacional|"Un video captado por cámaras de seguridad en Turquía tiene sorprendidas a miles de personas luego de mostrar el momento exacto en que una niña de apenas dos años subió sola a un autobús de transporte público sin que su familia lo notara.

Todo ocurrió mientras su familia estaba en una tienda

El incidente se registró el jueves 7 de mayo en el distrito de Alaplı, en la provincia turca de Zonguldak.

Según medios turcos, la pequeña caminó sola hasta el autobús mientras sus familiares permanecían dentro de una tienda de teléfonos ubicada cerca del lugar.

El chofer no la vio subir

El conductor del autobús, identificado como Gunduz Cimen, había bajado unos minutos de la unidad para comprar pan.

Durante ese momento fue que la menor ingresó sola por la puerta delantera y se sentó en la parte trasera del vehículo.

El chofer regresó y arrancó sin darse cuenta de que la niña estaba dentro del bus.

Sin embargo, minutos después escuchó algunos sonidos provenientes de la parte trasera y fue ahí cuando encontró a la pequeña sentada sola.

Cuando el autobús llegó a la terminal, trabajadores del lugar dieron aviso a la policía.

Poco después, las autoridades lograron ubicar a la familia y reunir nuevamente a la niña con sus seres queridos.

Todo quedó grabado

Las cámaras de seguridad instaladas dentro del autobús captaron el momento exacto en que la menor sube sola a la unidad y también cuando el conductor la encuentra y la coloca cerca de él para protegerla.

El video rápidamente comenzó a circular en redes sociales y medios internacionales.

🚌2 yaşındaki çocuk tek başına otobüse bindi: Ağlayınca fark edildi Zonguldak’ın Alaplı ilçesinde 2 yaşındaki bir çocuk, ailesi telefoncuda bulunduğu sırada kapısı açık duran halk otobüsüne tek başına bindi.📍 Otobüs şoförü Gündüz Çimen, yolculuk sırasında arka koltuktan… pic.twitter.com/trkJjnbIh1— Sputnik Türkiye (@sputnik_TR) May 8, 2026

🚌2 yaşındaki çocuk tek başına otobüse bindi: Ağlayınca fark edildi Zonguldak’ın Alaplı ilçesinde 2 yaşındaki bir çocuk, ailesi telefoncuda bulunduğu sırada kapısı açık duran halk otobüsüne tek başına bindi.📍 Otobüs şoförü Gündüz Çimen, yolculuk sırasında arka koltuktan… pic.twitter.com/trkJjnbIh1"|es
latejacr|https://www.lateja.cr/internacionales/donald-trump-publica-archivos-secretos-de-ovnis-y/PYYPPWZK7ZAE5MJQDUXMPBPVJE/story/|Donald Trump publica archivos secretos de OVNIS y desata locura mundial|2026-05-09 21:53:15|2026-05-16 13:26:09|Internacional|"El gobierno de Estados Unidos volvió a encender el debate mundial sobre los ovnis luego de que el Pentágono publicara archivos “nunca antes vistos” relacionados con fenómenos anómalos no identificados, incluyendo fotografías, videos y reportes militares recopilados durante décadas.

Trump ordenó publicar los documentos

La desclasificación ocurrió después de que el presidente Donald Trump solicitara este año hacer públicos archivos relacionados con vida extraterrestre, ovnis y fenómenos aéreos no identificados.

“El pueblo estadounidense ahora puede acceder al instante a los archivos desclasificados del Gobierno federal sobre los UAP”, publicó el Departamento de Defensa en redes sociales.

Hay reportes desde 1947 hasta la actualidad

Según CNN, entre los documentos liberados aparecen cientos de páginas con testimonios e informes sobre supuestos ovnis ocurridos entre 1947 y 1968.

Sin embargo, también existen archivos mucho más recientes.

Los reportes incluyen:

objetos extraños vistos en Iraq en 2022

luces misteriosas observadas en Siria en 2024

informes militares desde Grecia y Emiratos Árabes Unidos

Astronautas de la NASA también reportaron luces extrañas

Uno de los aspectos que más llamó la atención fue la inclusión de reportes realizados por astronautas de las misiones Apolo.

Durante la misión Apolo 12 en 1969, el astronauta Alan L. Bean aseguró haber visto “destellos de luz” desplazándose en el espacio.

“Parece como si algunas de esas cosas estuvieran escapando de la Luna”, comentó en aquel momento.

Años después, durante el Apolo 17, otros astronautas describieron partículas luminosas “muy brillantes”.

El Pentágono pide cautela

A pesar del impacto de los documentos, el Departamento de Defensa aclaró que muchos de los reportes corresponden a interpretaciones subjetivas de quienes escribieron los informes.

Por eso, insistieron en que los textos no deben tomarse como pruebas definitivas sobre vida extraterrestre.

Redes sociales explotan con teorías

La publicación de los archivos rápidamente se volvió tendencia en redes sociales, donde miles de usuarios comenzaron a debatir sobre extraterrestres, conspiraciones y supuestos contactos con otras formas de vida.

Incluso las declaraciones recientes del expresidente Barack Obama, quien dijo que los alienígenas son “reales” aunque aclaró que nunca vio evidencia directa, aumentaron todavía más la conversación mundial.

“¿Qué demonios está pasando?”

Trump también reaccionó a la publicación de los archivos y aseguró que ahora la gente podrá decidir por sí misma qué pensar sobre estos fenómenos.

“¿Qué demonios está pasando?”, escribió el mandatario antes de cerrar con un mensaje que rápidamente se viralizó:“¡Diviértanse y disfruten!”.

🚨🇺🇸👽 | Donald Trump celebró la desclasificación del primer lote de archivos sobre OVNIS y aliens tras su decreto: ""Mientras que las administraciones anteriores no fueron transparentes en este tema, con estos nuevos documentos y videos, la gente puede decidir por sí misma: '¿Qué… pic.twitter.com/TnegC1R1eI— La Derecha Diario (@laderechadiario) May 8, 2026

🚨🇺🇸👽 | Donald Trump celebró la desclasificación del primer lote de archivos sobre OVNIS y aliens tras su decreto: ""Mientras que las administraciones anteriores no fueron transparentes en este tema, con estos nuevos documentos y videos, la gente puede decidir por sí misma: '¿Qué… pic.twitter.com/TnegC1R1eI"|es
latejacr|https://www.lateja.cr/internacionales/mujer-dio-a-luz-a-quintillizos-tras-12-anos/QDBS6WTLPJCKDNIQM32LXWBQZI/story/|Mujer dio a luz a quintillizos tras 12 años intentando quedar embarazada|2026-05-09 21:33:05|2026-05-16 13:26:09|Internacional|"La historia de Bedriya Adem, una mujer etíope de 35 años que dio a luz a quintillizos tras pasar 12 años intentando convertirse en madre, está conmoviendo al mundo entero por lo extraordinario y emotivo del caso.

Según El Tiempo, la mujer dio a luz a cuatro niños y una niña en el Hospital Especializado Hiwot Fana, ubicado en la región de Harari, Etiopía.

La probabilidad de concebir quintillizos de forma natural es de aproximadamente una entre 55 millones, por lo que incluso los médicos quedaron sorprendidos.

“No puedo expresar mi felicidad”

Tras el nacimiento de sus bebés, Bedriya compartió un emotivo mensaje en declaraciones recogidas por la BBC.

“No puedo expresar mi felicidad con palabras. Recé por un solo hijo y Alá me dio cinco”, expresó.

La mujer también relató el difícil proceso emocional que vivió durante más de una década intentando quedar embarazada.

“Pasé doce años sufriendo, escondiéndome y rezando constantemente por tener hijos. Finalmente, Alá me escuchó”, contó.

El hospital confirmó que fue un embarazo natural

El director médico del hospital, el doctor Mohammed Nur Abdulahi, explicó que el embarazo ocurrió de manera natural, sin necesidad de fertilización in vitro, técnica que suele aumentar las probabilidades de embarazos múltiples.

Incluso la familia se llevó una sorpresa durante el parto, ya que inicialmente los médicos creían que se trataba de cuatrillizos y descubrieron al quinto bebé hasta el momento del nacimiento.

Los bebés nacieron saludables

Los quintillizos nacieron mediante cesárea y pesaron entre 1,3 y 1,4 kilogramos cada uno.

Según el centro médico, tanto la madre como los bebés permanecen bajo observación, aunque todos se encuentran estables.

El doctor Abdulahi explicó que los recién nacidos que superan el kilogramo de peso tienen altas probabilidades de desarrollarse correctamente.

Una historia que conmueve en redes sociales

La noticia rápidamente se volvió viral en redes sociales, donde miles de personas reaccionaron con mensajes de admiración y felicidad por la familia.

Muchos usuarios destacaron la perseverancia de la mujer y el hecho de que, después de tantos años de intentos y sufrimiento emocional, terminara convirtiéndose en madre de cinco bebés al mismo tiempo."|es
latejacr|https://www.lateja.cr/sucesos/violento-robo-de-80-mil-termino-con-hombre-entre/NDVREMA4RVGVRJPQJHPCRLXRSU/story/|Violento robo de ¢80 mil terminó con hombre entre la vida y la muerte en Heredia|2026-05-16 09:19:48|2026-05-16 13:26:09|Sucesos|"Un hombre lucha entre la vida y la muerte luego de sufrir una grave herida de puñal durante un violento ataque ocurrido la noche de este viernes.

La víctima fue identificada con el apellido Cruz, de 47 años, quien recibió una puñalada en la espalda tras ser atacado por varios sujetos.

Los hechos ocurrieron pasadas las 10 p. m. de este viernes 15 de mayo en el sector de Palacios Universitarios, en Guararí de Heredia.

De acuerdo con la información preliminar del Organismo de Investigación Judicial (OIJ), el hombre caminaba por la vía pública cuando fue interceptado por varios sospechosos.

“Al parecer, le sustrajeron ¢80 mil y lo hirieron”, detallaron en la oficina de prensa del OIJ.

Debido a la gravedad de las lesiones, la víctima tuvo que ser trasladada de emergencia a un centro médico, donde permanece en condición delicada.

Los agentes judiciales ahora trabajan para identificar y capturar a los responsables, además de esclarecer el móvil de la agresión."|es
latejacr|https://www.lateja.cr/sucesos/asi-avanza-la-onda-tropical-2-hacia-costa-rica-y/RM6BXFHLOJBBVKQJSBLWXZHM6A/story/|Así avanza la onda tropical #2 hacia Costa Rica y esto es lo que se espera|2026-05-16 08:04:36|2026-05-16 13:26:09|Sucesos|"La llegada de la onda tropical #2 reforzará las lluvias en gran parte del país durante este sábado 16 de mayo, según informó el Instituto Meteorológico Nacional (IMN).

De acuerdo con los expertos, este fenómeno ya avanza sobre Costa Rica y está generando una importante incursión de nubosidad desde el mar Caribe hacia sectores de Limón y la Zona Norte.

El IMN explicó que estas condiciones podrían provocar lluvias de variable intensidad durante el transcurso de la mañana principalmente en esas regiones.

Además, conforme avancen las horas, las precipitaciones también se extenderían hacia el Valle Central y diferentes sectores del Pacífico del país.

Las autoridades recomiendan a la población mantenerse atenta a los reportes oficiales, especialmente en sitios vulnerables a inundaciones o deslizamientos, debido al aumento de las lluvias."|es
latejacr|https://www.lateja.cr/sucesos/extraviados-en-zona-montanosa-fueron-encontrados/L7JDZOB3WVEMLIANEZEQBFHQWE/story/|Extraviados en zona montañosa fueron encontrados sanos y salvos|2026-05-15 22:07:26|2026-05-16 13:26:09|Sucesos|"La Cruz Roja informó que logró ubicar en buenas condiciones de salud a las dos personas que habían sido reportadas como desaparecidas tras ingresar a una zona montañosa en el sector de Pejibaye, Cartago.

Luego del operativo de búsqueda y localización, ambos fueron encontrados sin requerir traslado médico, según detallaron las autoridades de emergencia.

Ellos se encontraban extraviados desde horas de la tarde de este viernes.

Con este caso, la benemérita ya contabiliza 58 incidentes atendidos en lo que va del año relacionados con personas extraviadas o heridas en montaña.

La institución reiteró el llamado a la población para que tome medidas de prevención antes de realizar caminatas, excursiones o ingresos a zonas montañosas, debido a que este tipo de emergencias continúa en aumento."|es
latejacr|https://www.lateja.cr/deportes/adrian-chevez-se-reencontro-con-su-ninez-de-una/6FFBBLGXKJG4PDB3VAJPHJFE54/story/|Adrián Chévez se reencontró con su niñez de una forma muy especial|2026-05-15 18:34:49|2026-05-16 13:26:09|Deportes|"Adrián Chévez, jugador del Municipal Liberia se devolvió al tiempo y mostró su lado más nostálgico, al recordar su infancia.

Este viernes, el lateral visitó la escuela en donde cursó sus estudios de primaria y compartió con algunos de sus exprofesores y con estudiantes del centro educativo.

Adrián tiene 21 años y su perseverancia es un ejemplo para las nuevas generaciones.

En sus redes sociales, Adrián subió algunas fotos, con personal docente y los alumnos.

“Hoy visité la escuela que me vio crecer, muy agradecido por el recibimiento”, escribió el jugador liberiano."|es
latejacr|https://www.lateja.cr/deportes/en-liberia-revelan-su-estrategia-para-retener-a/LLXPE2ZPDRATLAXXE633AVLP2Y/story/|En Liberia revelan su estrategia para retener a Saturnino Cardozo pese a interés de Alajuelense|2026-05-15 18:09:23|2026-05-16 13:26:09|Deportes|"En el Municipal Liberia respiran tranquilos, luego de confirmarse la renovación del técnico José Saturnino Cardozo y reconocen que, aunque no fue fácil, siempre hubo disposición de las partes, para que el sudamericano siguiera vestido de aurinegro.

Felipe Eusse, presidente del club reconoció que mantener al técnico en el club pampero no era tarea fácil, pero supieron respetar la pausa que pidió, para analizar su permanencia en el club.

“Estamos muy felices, sabíamos que no iba a ser fácil retenerlo, que habían ofertas nacionales e internacionales y que la pieza clave para poder renovar es que ambas partes estén interesadas en que así sea.

“El profe encontró acá una institución que le permite ser autónomo, independiente y en la que ha potenciado a los jugadores, y estamos satisfechos, porque creemos en los proyectos a largo plazo”, comentó.

Las negociaciones con el entrenador comenzaron hace un mes y tal y como se informó, hicieron una pausa, en medio de las semifinales del campeonato.

“Ya habíamos avanzado un poco, hablamos de números y acaba el torneo, nos sentamos a dialogar y pues se termina dando, después de varias conversaciones, se da por mutuo acuerdo la renovación y eso es lo que quería la institución para poder trabajar en pro de la planificación de la próxima temporada”, reveló.

¿Cómo lidiaron con la presión, por la posible salida del entrenador?

“En ese momento, el enfoque era seguir en el torneo y las semifinales contra Saprissa. Si bien, ya se hablaba de eso y queríamos que todo se diera antes de tiempo, porque sabíamos de otras ofertas sobre la mesa, creo que la sensación no era de angustia.

“Lo que nosotros queríamos era planificar, somos muy organizados y esto nos permite seguir trabajando en la conformación de la plantilla para el próximo torneo“, explicó.

El dirigente aurinegro reveló que además de Alajuelense, otro club tradicional tuvo los ojos puestos en el Pepe, hace unos meses.

“El semestre pasado hubo un interés de otro equipo tradicional de Costa Rica. Este este semestre, por supuesto con la salida de Óscar (Ramírez), pues la Liga sí manifestó interés por el profe Cardozo, pero saben respetar los momentos de otros clubes.

“A nivel mediático, sonó bastante en las últimas semanas y al final no hubo como un acercamiento directo, pero nosotros comprendimos que el profe estaba haciendo un buen trabajo y que podía haber interés de otros equipos”, dijo."|es
latejacr|https://www.lateja.cr/deportes/torneo-nacional/german-chavarria-fue-multicampeon-en-herediano/357VDU7S7JA7JD7YQHPGGNOSHE/story/|Germán Chavarría fue multicampeón en Herediano, pero este sería el más especial por un singular motivo|2026-05-15 17:57:09|2026-05-16 13:26:09|Deportes|"Germán Chavarría es de los futbolistas que puede alardear de que fue todo un ganador durante su carrera en el Herediano, en el cual sumó seis títulos entre 1978 y 1993, colores que defendió durante 17 temporadas.

Chava estará este sábado en el estadio Carlos Alvarado en Santa Bárbara en el partido de vuelta de la final entre los florenses y el Saprissa, pero su rol será más que de un exjugador o gloria rojiamarilla, sino como el dedicado del Clausura 2026.

Germán Chavarría sueña con entregarle la copa al Herediano

A inicios del torneo, a don Germán la Unafut lo nombró como el dedicado del certamen, por lo que además de estar en la final, será quien le entregue la copa al equipo campeón, un cetro que además llevará su nombre en la base.

Ver al Team, tan cerca del título, lo hace ilusionarse de que sea a su querida institución la que le dé la copa, lo que sin duda para él sería un momento más que especial.

“Es algo grande, muy lindo ver toda esta oportunidad, si ganamos el título y estar uno presente ahí, con más razón me emociono y orgulloso me debo sentir”.

“Es un honor muy grande para mí entregarle el título de campeón a cualquier equipo que haga los méritos para eso, pero sí se da la ocasión que sea el Herediano, ahí estamos 100% felices”, comentó.

Una copa con su nombre hace todo aún más especial

Los seis títulos que alzó Chava todos son especiales, pero poder levantar una copa que dice su nombre, sin duda es algo que pasaría a otro nivel.

“Sí, sí claro, eso lo hace aún más especial, por eso le digo que es una alegría total para la familia, para uno, para la afición herediana y todos los que realmente uno aprecia que han estado muy contentos con esta designación”, añadió.

Chavarría ve remontada del Team y hasta se animó con marcador

Para don Germán, pese a que los florenses perdieron 2-1 el primer partido de la final en Tibás, siente mucha fe y confianza de que en Santa Bárbara, las cosas serán diferentes.

“Viendo al Herediano como jugó en el Saprissa, que nada más fue un descuido en los primeros doce minutos y cómo se comportó tras recibir los dos goles, el equipo se vio muy bien, tocando el balón, llegando, hicimos un gol y pudimos haber hecho más”

“Lo importante es que el gallo canta en su patio y estamos en nuestra casa para poder sacar ese resultado, que lo veo muy posible, creo que el Herediano va a remontar eso”.

El icónico volante de contención nos aseguró que el Team triunfará 2-0 para llegar así a la copa 32 este sábado.

“En el Saprissa a pesar que teníamos unos 20 mil aficionados en contra, los jugadores se comportaron a la altura, sabiendo que acá en el Carlos Alvarado se dará más de un 100% de lo que puede dar el jugador, porque sabemos que podemos remontar esto”, comentó.

Confianza total en Giacone y cuidado con Saprissa

Otro punto por el que Chavarría se siente seguro, es por lo que ha mostrado a nivel técnico José Giacone, en quien tiene confianza de lo que ha hecho a lo largo del torneo.

“El salir con dos delanteros fuertes en Tibás fue una sorpresa para muchos, eso motiva mucho al grupo, a la afición, para decirle que en casa también podemos salir con la misma mentalidad, sin descuidar atrás claramente, pero vamos a ir con todo”

“El equipo tiene muchas variantes, cambios, tiene gente que puede entrar y cambiarle un partido, son buenas alternativas, acá lo importante es la consciencia que tienen ahorita todos los jugadores esperando que llegue el sábado”, añadió.

Sobre lo que puede hacer Saprissa, es incierto, puede ser que llegue a meter el bus y dar la sorpresa, nos dijo Germán, por lo que hay que pelar mucho el ojo.

“Puede apelar por sorpresas, al rato meten a dos delanteros con Ariel Rodríguez y el panameño (Tomás Rodríguez), pero nosotros somos muy fuertes en el Carlos Alvarado, hemos sacado buenos resultados, el equipo se ve bien y la consigna todo el grupo la tiene clara”, finalizó.

Este sábado se verá si puede entregar la copa de una vez o le tocará esperar una semana, pero de todas formas, la confianza más allá del momento, está intacta para Chava."|es
latejacr|https://www.lateja.cr/deportes/berrinche-que-hizo-noelia-bermudez-en-semifinal-de/MZ4BTFPLMNDI5OVPX65XG542IM/story/|Berrinche que hizo Noelia Bermúdez en semifinal de fútbol femenino le dejó una insólita sanción|2026-05-15 17:15:15|2026-05-16 13:26:09|Deportes|"Cinco jugadoras de Alajuelense fueron duramente castigadas, luego del zafarrancho que se protagonizó el lunes anterior, durante la semifinal del torneo de Clausura femenino.

Este viernes, el medio Just Soccer, especializado en fútbol femenino reveló que la arquera Noelia Bermúdez fue la que la recibió la sanción más significativa, luego de empujar a la escazuceña María Fernanda Figueroa.

La dura sanción que recibió Noelia

Noe recibió 8 juegos de sanción, seguida por Fabiola Villalobos, con cinco encuentros.

“Las defensoras Gabriela Guillén y María Paula Coto afrontarán cuatro juegos de castigo cada una, mientras que María Paula Arce cumplirá dos compromisos de suspensión.

“Por su parte, la organización sancionó a Dimas Escazú con una multa económica de ₡81.000 y la jugadora escazuceña Fabriela Barrantes fue sancionada con dos juegos”, destaćo el medio."|es
latejacr|https://www.lateja.cr/deportes/var-dejo-en-evidencia-a-gerald-taylor-asi/DNA3EBLDOZH2PBZ7FBR3O6WCYQ/story/|VAR dejó en evidencia a Gerald Taylor: así descubrieron el gesto obsceno contra Elías Aguilar|2026-05-15 16:19:40|2026-05-16 13:26:09|Deportes|"La Comisión de Arbitraje reveló los audios del VAR, durante el momento en que Gerald Taylor le hizo un gesto obsceno a Elías Aguilar, jugador del Herediano.

El domingo anterior, el defensor limonense fue expulsado, luego de que, el árbitro Juan Gabriel Calderón corroborara que el muchacho le mostrara el dedo del centro al volante florense, una falta de respeto para el futbolista del Team.

Este viernes, se dio a conocer que Taylor fue sancionado con dos partidos y esto fue lo que analizó el VAR, para expulsar al muchacho.

Lo que revelan los audios del VAR

Esta es la conversación con los árbitros de la sala VAR y el central Juan Gabriel Calderón.

-VAR: No hay golpes, no hay nada, todo completo.

-Juan Gabriel: ¿Qué pasó por allá? Steven, Octavio.

-VAR: un momento Juan Gabriel.

-Juan Gabriel: me pareció ver un gesto de Taylor.

-VAR: sí correcto, Juan Gabriel. Un momento, dame un momento, por favor. Después de esa situación, el jugador morado...

-Juan Gabriel: el dedo del centro.

-VAR: Correcto lo que dice, nada más dame un momento para verificar. El jugador morado le realiza un gesto obsceno al adversario.

-Tengo dos tomas, que se lo está haciendo al jugador amarillo. El jugador número 17.

-Juan Gabriel lo invito a una revisión en campo, por una posible tarjeta roja."|es
latejacr|https://www.lateja.cr/deportes/karate-costarricense-tendra-una-velada-historica/W5X6BBMTTNBLLOCEZVUR65QRMM/story/|Karate costarricense tendrá una velada histórica este sábado, día en que todo será permitido|2026-05-15 16:14:24|2026-05-16 13:26:09|Deportes|"El karate tendrá este sábado un día realmente en Costa Rica pues en el marco de la Copa Hiroshige 2026 se vivirá todo un festival que tendrá como gran atractivo, por primera vez en el país, un torneo tipo Shinken Shobu, una de las categorías más extremas del deporte.

El Shinken Shobu es un tipo de karate en el que los golpes a la cara son permitidos, tanto con las manos con puñetazos, como con los pies, además de permitir derribadas y agarres sin que el combate sea detenido.

Silvia Berrios, una de las organizadoras del evento explicó a La Teja, que esta modalidad busca abrirse espacio en el país por el que se han preparado muchísimo y por primera vez la la tendrán como exhibición con un grupo pequeño, para darla a conocer.

“Nuestro estilo es de karate Kyokushin, hay diferentes ramas dentro del karate, una es el estilo Kyokushin, que se caracteriza por ser de contacto pleno, nosotros buscamos derribar al oponente lo más pronto que se pueda en el combate cuerpo a cuerpo, sin protección, excepto los niños, que sí se protegen”

“En esta ocasión, decidimos incluir el estilo Shinken Shobu, en el Kyokushin no se golpea a la cara en torneo, solo con los pies, pero en esta modalidad lo que se trata es llevar el karate a otro nivel y hacerlo un poco más real, con golpe a la cara, derribos, dentro de las reglas y límites, porque tampoco es que se pegan como si fuera el cine”, comentó.

El evento reunirá a 170 atletas en 40 categorías y contará con la participación de prestigiosas organizaciones internacionales y tendrá lugar en la Villa Olímpica de Desamparados a partir de 9 a.m.

Sin duda que el gran atractivo es ver por primera vez en Costa Rica el estilo Shinken Shobu, el cual es deconocido para mucho, pero también estarán las categorías, Kata y Kumite en semi y full contact.

“Entendemos que muchos estarán esperando que lo hagamos una primera vez a ver si se animan para la próxima a competir, estamos muy emocionados con ganas de demostrar lo que podemos hacer e invitar a todos los amantes del karate a venir a acompañarnos”

“En Shinken Shobu seremos poquitos, pero eso no nos desmotiva para nada y una oportunidad para mostrarles”, comentó Berrios.

Las entradas valen 7 mil colones y la sede cuenta con mucho espacio para parqueos."|es
latejacr|https://www.lateja.cr/teleguia/deportes/herediano-vs-saprissa-a-que-hora-y-por-cual-canal/JGHTNPVVLFGS5DUOIXN2WEWQIE/story/|Herediano vs. Saprissa: ¿A qué hora y por cuál canal ver la final de vuelta este sábado?|2026-05-15 15:25:01|2026-05-16 13:26:09|Deportes|"Herediano y Saprissa lucharán este sábado por coronarse campeones de la segunda fase del Torneo de Clausura en un duelo que promete muchísima tensión y emociones.

Luego del triunfo morado 2-1 en el estadio Ricardo Saprissa, ahora los florenses intentarán remontar la serie en casa y proclamarse campeones este mismo sábado.

Por su parte, el cuadro tibaseño buscará mantener o ampliar la ventaja para extender el torneo hasta una gran final nacional.

Hora y canal del partido

El compromiso se disputará en el estadio Carlos Alvarado, en Santa Bárbara de Heredia, a las 8 p.m.

La transmisión estará a cargo de FUTV, señal disponible en la mayoría de cableras del país.

Serie completamente abierta

Aunque Saprissa llega con ventaja, la serie todavía luce muy abierta debido al buen nivel mostrado por ambos equipos durante el campeonato.

Herediano intentará aprovechar su localía para darle vuelta al marcador global, mientras que los morados buscarán golpear de contragolpe y acercarse a un nuevo título."|es
latejacr|https://www.lateja.cr/farandula/austin-berry-y-su-esposa-encontraron-en-este/ATLNWSGVV5ETFNVGXFG2RKF4C4/story/|Austin Berry y su esposa encontraron en este deporte el secreto para fortalecer su amor|2026-05-16 09:52:27|2026-05-16 13:26:09|Farándula|"La diseñadora Cristina Alfaro reveló esta semana que encontró en un deporte el secreto para fortalecer su relación amorosa con el exfutbolista Austin Berry.

En Instagram, Alfaro contó que hace unas semanas comenzaron a llevar clases de baile, una actividad que los ha unido como matrimonio y los ha encontrado más como pareja.

“Bailar juntos ha sido una de las experiencias más bonitas que hemos vivido”, reconoció Alfaro, quien contó que ya han tomado cuatro clases de baile en una academia.

Luego reconoció las bondades que trae ese deporte en la vida en pareja. “No se trata solo de aprender pasos, sino de conectar, reír, apoyarnos y disfrutar cada momento juntos”, afirmó.

“Entre música y movimiento también se fortalece el amor, la complicidad y esa magia de compartir tiempo de calidad en pareja. Definitivamente… bailar en pareja se siente diferente cuando se baila con el corazón”, recalcó.

Alfaro dijo que otra cosa que ha incidido en la gran experiencia que han tenido es que han compartido las clases en un ambiente de amigos.

Cristina y Austin tienen años juntos, pero se convirtieron en esposos hasta diciembre del 2024, precisamente el año en que el exjugador compitió en Mira quién baila."|es
latejacr|https://www.lateja.cr/farandula/juan-carlos-zumbado-confeso-el-gran-susto-que/A57HT5RFVNBZNATBDBESLZ7TSU/story/|Juan Carlos Zumbado confesó el gran susto que vivió al asumir las riendas de Más que noticias|2026-05-16 09:52:24|2026-05-16 13:26:09|Farándula|"El periodista y productor de Más que noticias, Juan Carlos Zumbado, confesó el enorme reto que significó asumir la producción del programa justo en medio de una etapa de importantes cambios dentro del espacio de Teletica.

Zumbado contó que uno de los momentos que más presión le generó fue la salida de dos figuras históricas del programa: José Miguel Cruz, conocido como JM, y José Ernesto Herrera, quienes durante años fueron parte fundamental del equipo.

Según explicó, cuando ambos renunciaron el año pasado, sintió un gran peso sobre sus hombros, pues apenas estaba empezando su etapa como productor del formato.

“El año pasado, cuando se fueron dos compañeros de Más que noticias, yo dije: ‘¡Pucha, qué reto más grande!’. Justo yo estaba asumiendo la producción e incluir personas nuevas en un programa de tantos años, con cuatro personas siempre, era un reto bastante grande”, confesó.

A pesar del temor inicial, aseguró que poco a poco las nuevas incorporaciones fueron encontrando su lugar dentro del programa y logrando una conexión especial con el resto del equipo.

“Por dicha, cada uno de mis compañeros se ha ido acoplando y eso ha sido muy bonito porque ya forman parte de su familia también”, expresó.

Pero los cambios no quedaron solo en el elenco. Juan Carlos también decidió refrescar la imagen completa del programa, empezando por el set, al que quiso darle una apariencia más cálida y cercana.

“Y luego cambiar el set, que yo decía: ‘¿Cómo lo mejoro?, ¿cómo le meto cositas, que no se vea tan grave, pero que se vea más hogar?’. Bueno, le metimos algunas cosas, ahora se ve más cálido y me gusta”, comentó.

Además, explicó que renovaron la gráfica del programa para darle un estilo más vivo y natural.

“Ahora la gráfica cambió, tiene más naturaleza, es una gráfica más colorida, más viva”, detalló.

El productor también aprovechó para anunciar varias novedades que traerá el espacio en los próximos meses, entre ellas nuevas secciones especiales.

“Teníamos secciones nuevas como La ruta pura vida, que es una vez al mes y vamos a visitar sitios turísticos de nuestro país, pero todo el equipo”, explicó emocionado.

Asimismo, adelantó que próximamente estrenarán Más que noticias especiales, un formato más documental.

“Va a salir una vez al mes; vamos a ver documentales de temas culturales, de temas que a ustedes les importan”, señaló.

Finalmente, Zumbado aseguró sentirse muy feliz con esta nueva etapa profesional y por eso quiso compartirlo con sus seguidores, pues normalmente no suele hablar de temas laborales en sus redes personales."|es
latejacr|https://www.lateja.cr/farandula/david-murillo-el-joven-guanacasteco-que-vendio-su/NIC4N7AXGRDLRJKMVUEZKKCEN4/story/|David Murillo: el joven guanacasteco a quien muchos ven como el nuevo Edgar Silva|2026-05-16 07:30:04|2026-05-16 13:26:09|Farándula|"Con apenas 21 años, David Murillo ya tiene una historia de vida marcada por sacrificios, insistencia y muchísimas ganas de salir adelante.

El joven periodista guanacasteco se integró este mes a Calle 7 Informativo, de Teletica, convirtiéndose en uno de los nuevos rostros del programa y cumpliendo un sueño que empezó a construir desde que estaba en el colegio.

El oriundo de Fortuna de Bagaces, pero que actualmente vive en Liberia, nos contó que su camino no ha sido sencillo y que otro de sus sueños es ser músico.

—¿Cómo empezó en esto de la comunicación?

Empecé desde que estaba en el colegio. Estudiaba en el Colegio Humanístico (Nicoya) y ahí formé un medio de comunicación que se llamaba Lo que no se dice. Me puse a inventar que quería crear mi propio medio, entonces hice logo, grababa entrevistas, pódcasts y ahí nació también un pódcast que se llamaba “Entonces hablemos”. Durante esos primeros años tuve la oportunidad de entrevistar a personas como Sandra Kaufmann, Edgar Silva, Sebastián Rodríguez y mucha gente que yo consideraba valiosa para la comunidad.

—¿Era un proyecto del colegio o personal?

Personal totalmente. Yo decía: “Quiero ser periodista y tengo que empezar por algún lado”.

Yo era músico, baterista en la banda del colegio. De hecho, me había comprado una batería, pero para poder ejercer periodismo tuve que venderla y comprarme mi primer equipo: cámara, micrófonos y todo lo demás. Fue como negar un sueño para buscar otro.

Trabajé para varios medios ad honorem. Estuve en Anexión TV, Bagaces Radio y después entré a Punto y Aparte, la Academia de Periodismo Centroamericano de doña Nancy Noguera. Ahí grabé mi primer documental.

—¿Entonces cuándo empezó a estudiar periodismo?

No me dio la nota para entrar a Comunicación en la UCR. Entonces entré a Psicología pensando pasarme después, pero terminé enamorándome también de la carrera. Ahí conocí a mi novia y todo se acomodó diferente.

Yo me quedaba hasta las 2 o 3 de la mañana viendo tutoriales, aprendiendo edición, viendo cómo hacer entrevistas, cómo grabar reportajes. La psicología me ayudó muchísimo también porque tiene mucho que ver con escuchar y conectar con las personas. Después decidí llevar las dos carreras al mismo tiempo.

—Y económicamente imagino que no fue nada sencillo…

Para nada. Me tocó trabajar de mesero, limpiando casas, cuidando perros, haciendo de todo. Mis papás y mis hermanas nunca me dejaron solo, pero había que ayudar también porque producir contenido cuesta plata.

Luego llegó la oportunidad de trabajar con un medio centroamericano que se llama Hora Cero, donde tenían una cosa que se llamaba Escuelita de Periodismo Rebelde. Con ello recibí unas capacitaciones de periodismo, producción audiovisual, de todo esto. Con ellos participé en investigaciones como la de Gandoca-Manzanillo, donde incluso recibimos amenazas. Eso me abrió muchas puertas. Me contactaron para unas capacitaciones en la academia de CNN y ya después de eso surgió la oportunidad con Teletica.

—¿Cómo se dio ese primer contacto con canal 7?

Yo subía mis reportajes a redes y vi que Pablo Campos le dio like a uno. Pasó el tiempo, estaba aquí en la casa y dije: “Si yo necesito crecer como periodista, si la he pulseado tanto por tantos años, si he sacrificado tanto y me ha costado tanto, digamos, yo necesito que la gente se dé cuenta del trabajo que puedo hacer y lo que soy capaz de hacer, y la única forma de lograr esto es entrando a un lugar en el que la gente pueda darse cuenta de lo que estoy haciendo.

¿Y qué mejor lugar que Teletica? Entonces, le escribí por Instagram y le dije que podía colaborar desde Guanacaste, aunque no me pagaran. Le mandé mi currículum y me dijo que lo llamara.

—¿Qué pasó en esa llamada?

Me dice Pablo: “David, esto es lo que nosotros hemos estado queriendo hacer por mucho tiempo, regionalizar el canal, y que la gente de otras partes del país se dé cuenta de lo que nosotros hacemos, y que sientan la información cercana a ellos”. Entonces empecé a hacer mis primeros reportajes y una nota para Los Doctores.

Hace unas semanas me dijo Pablo que había surgido la oportunidad de trabajar desde Guanacaste ya con un contrato y así fue como entré formalmente el 4 de mayo.

—Muchos dicen que les recuerdas a Edgar Silva en sus inicios, ¿se lo han dicho?

Me lo dicen desde el colegio. Yo admiro muchísimo a don Edgar. Él fue de las primeras personas que me dijo que tenía talento y siempre voy a agradecerle eso.

—¿Y la música quedó totalmente atrás?

No. Sigue siendo parte de mi vida. Yo sueño con volver a comprarme una batería algún día. Ahora le compongo canciones a mi novia, pero sí espero retomarla en algún momento.

—¿Qué piensa al ver todo lo que la ha pulseado y saber que ya el sueño empieza a hacerse realidad?

Muchísimo agradecimiento. Porque uno entiende que nunca logra nada solo. Todo esto ha sido gracias a mi familia, mi novia, mis amigos y todas las personas que confiaron en mí cuando apenas estaba empezando.

—¿Cómo conoció a su novia?

En la universidad. Ella estudia Aduanas y Comercio Exterior. Nos conocimos en un curso de Humanidades que ella matriculó por error y yo porque quería llevar clases en la noche. Todo fue muy de destino."|es
