[2026-04-26 10:54:27,417] INFO - elperiodicocr: === Iniciando scraper: elperiodicocr ===
[2026-04-26 10:54:27,418] INFO - elperiodicocr: URL base: https://www.elperiodicocr.com/
[2026-04-26 10:54:39,685] INFO - elperiodicocr: Scroll 1/15 | Artículos acumulados: 21
[2026-04-26 10:54:43,161] INFO - elperiodicocr: Scroll 2/15 | Artículos acumulados: 36
[2026-04-26 10:54:46,758] INFO - elperiodicocr: Scroll 3/15 | Artículos acumulados: 51
[2026-04-26 10:54:51,346] INFO - elperiodicocr: Scroll 4/15 | Artículos acumulados: 81
[2026-04-26 10:54:56,683] INFO - elperiodicocr: Scroll 5/15 | Artículos acumulados: 109
[2026-04-26 10:55:02,775] INFO - elperiodicocr: Scroll 6/15 | Artículos acumulados: 139
[2026-04-26 10:55:09,837] INFO - elperiodicocr: Scroll 7/15 | Artículos acumulados: 168
[2026-04-26 10:55:18,564] INFO - elperiodicocr: Scroll 8/15 | Artículos acumulados: 213
[2026-04-26 10:55:29,374] INFO - elperiodicocr: Scroll 9/15 | Artículos acumulados: 273
[2026-04-26 10:55:41,677] INFO - elperiodicocr: Scroll 10/15 | Artículos acumulados: 333
[2026-04-26 10:55:55,861] INFO - elperiodicocr: Scroll 11/15 | Artículos acumulados: 408
[2026-04-26 10:56:33,030] INFO - elperiodicocr: Scroll 12/15 | Artículos acumulados: 513
[2026-04-26 10:57:35,718] INFO - elperiodicocr: Scroll 13/15 | Artículos acumulados: 738
[2026-04-26 11:01:16,939] INFO - elperiodicocr: Scroll 14/15 | Artículos acumulados: 1113
[2026-04-26 11:08:24,476] INFO - elperiodicocr: Scroll 15/15 | Artículos acumulados: 2088
[2026-04-26 11:08:38,361] INFO - elperiodicocr: Total URLs recolectadas: 2088
[2026-04-26 11:08:38,361] DEBUG - elperiodicocr: [1/2088] Procesando: https://elperiodicocr.com/rodrigo-chaves-promete-a-pastores-evangelicos-retomar-el-poder-judicial-y-nombrar-magistrados/
[2026-04-26 11:08:43,551] DEBUG - elperiodicocr: [2/2088] Procesando: https://elperiodicocr.com/autobuseros-realizaran-primer-encuentro-nacional-del-transporte-publico-2026-para-modernizar-sector-en-c-r/
[2026-04-26 11:08:47,956] DEBUG - elperiodicocr: [3/2088] Procesando: https://elperiodicocr.com/demolicion-de-casetas-de-peaje-en-la-general-canas-arrancara-el-proximo-lunes/
[2026-04-26 11:08:51,873] DEBUG - elperiodicocr: [4/2088] Procesando: https://elperiodicocr.com/iran-intensifica-las-ejecuciones-politicas-contra-opositores/
[2026-04-26 11:08:55,791] DEBUG - elperiodicocr: [5/2088] Procesando: https://elperiodicocr.com/fa-pide-investigar-nombramiento-ilegal-de-exministro-del-mag-en-banca-para-el-desarrollo/
[2026-04-26 11:08:59,709] DEBUG - elperiodicocr: [6/2088] Procesando: https://elperiodicocr.com/defensoria-urge-al-gobierno-a-firmar-ley-sobre-estafas-bancarias/
[2026-04-26 11:09:03,422] DEBUG - elperiodicocr: [7/2088] Procesando: https://elperiodicocr.com/informe-senala-debilitamiento-de-seguridad-publica-por-parte-de-administracion-chaves-robles/
[2026-04-26 11:09:07,408] DEBUG - elperiodicocr: [8/2088] Procesando: https://elperiodicocr.com/carta-abierta-a-alejandra-loria-promotora-del-referendum/
[2026-04-26 11:09:13,307] DEBUG - elperiodicocr: [9/2088] Procesando: https://elperiodicocr.com/diputados-chavistas-eliminarian-comisiones-legislativas-provinciales/
[2026-04-26 11:09:21,017] DEBUG - elperiodicocr: [10/2088] Procesando: https://elperiodicocr.com/iran-advierte-de-respuesta-inmediata-a-medida-que-expira-el-alto-al-fuego-con-ee-uu/
[2026-04-26 11:09:27,644] DEBUG - elperiodicocr: [11/2088] Procesando: https://elperiodicocr.com/tse-advierte-sobre-vicios-de-constitucionalidad-en-dos-proyectos-aprobados-por-diputados/
[2026-04-26 11:09:33,094] DEBUG - elperiodicocr: [12/2088] Procesando: https://elperiodicocr.com/juan-diego-castro-sale-en-defensa-de-agresor-de-jueza-y-para-variar-ataca-a-la-corte/
[2026-04-26 11:09:39,105] DEBUG - elperiodicocr: [13/2088] Procesando: https://elperiodicocr.com/laura-fernandez-anunciara-nuevo-gabinete-el-proximo-5-de-mayo/
[2026-04-26 11:09:44,900] DEBUG - elperiodicocr: [14/2088] Procesando: https://elperiodicocr.com/corte-condena-brutal-agresion-contra-jueza-de-ejecucion-de-la-pena/
[2026-04-26 11:09:51,225] DEBUG - elperiodicocr: [15/2088] Procesando: https://elperiodicocr.com/nicaraguenses-en-costa-rica-recuerdan-con-una-misa-a-las-victimas-de-abril-de-2018/
[2026-04-26 11:09:57,495] DEBUG - elperiodicocr: [16/2088] Procesando: https://elperiodicocr.com/diego-miranda-entre-los-alcaldes-con-mayor-desaprobacion-de-latinoamerica-segun-ranking-de-global-data/
[2026-04-26 11:10:01,058] DEBUG - elperiodicocr: [17/2088] Procesando: https://elperiodicocr.com/mayoria-de-municipios-permitira-venta-de-licor-en-semana-santa-cartago-y-turrialba-aplicaran-ley-seca/
[2026-04-26 11:10:05,230] DEBUG - elperiodicocr: [18/2088] Procesando: https://elperiodicocr.com/procuraduria-advierte-sobre-eventual-perdida-de-credenciales-de-alcalde-de-san-jose/
[2026-04-26 11:10:09,140] DEBUG - elperiodicocr: [19/2088] Procesando: https://elperiodicocr.com/como-la-red-social-askfm-esta-ayudando-a-los-adolescentes-en-su-seguridad-personal/
[2026-04-26 11:10:12,777] DEBUG - elperiodicocr: [20/2088] Procesando: https://elperiodicocr.com/el-ice-fue-el-unico-oferente-interesado-en-llevar-telecomunicaciones-a-territorios-indigenas/
[2026-04-26 11:10:16,815] DEBUG - elperiodicocr: [21/2088] Procesando: https://elperiodicocr.com/ice-inicio-obras-constructivas-de-telecomunicaciones-en-cinco-territorios-indigenas/
[2026-04-26 11:10:20,609] DEBUG - elperiodicocr: [22/2088] Procesando: https://elperiodicocr.com/cristo-y-trump-el-escandalo-y-una-mirada-al-pasado/
[2026-04-26 11:10:27,039] DEBUG - elperiodicocr: [23/2088] Procesando: https://elperiodicocr.com/costa-rica-asume-la-vicepresidencia-del-foro-permanente-de-afrodescendientes-de-la-onu/
[2026-04-26 11:10:32,638] DEBUG - elperiodicocr: [24/2088] Procesando: https://elperiodicocr.com/futbol-memoria-y-holocausto-exposicion-internacional-llega-al-museo-de-los-ninos/
[2026-04-26 11:10:36,219] DEBUG - elperiodicocr: [25/2088] Procesando: https://elperiodicocr.com/anep-pide-intervencion-de-la-defensoria-por-posible-vulneracion-de-derechos-en-plataforma-hello-brete/
[2026-04-26 11:10:41,763] DEBUG - elperiodicocr: [26/2088] Procesando: https://elperiodicocr.com/sala-iv-senala-filtraciones-y-mal-manejo-de-pruebas-en-allanamientos-por-caso-barrenador-se-cae-el-proceso/
[2026-04-26 11:10:47,478] DEBUG - elperiodicocr: [27/2088] Procesando: https://elperiodicocr.com/fa-senala-lentitud-en-investigacion-legislativa-contra-fabricio-alvarado-por-supuesto-abuso-sexual/
[2026-04-26 11:10:52,967] DEBUG - elperiodicocr: [28/2088] Procesando: https://elperiodicocr.com/gobierno-decreta-asueto-el-8-de-mayo-por-traspaso-de-poderes/
[2026-04-26 11:10:58,527] DEBUG - elperiodicocr: [29/2088] Procesando: https://elperiodicocr.com/ee-uu-levanta-las-sanciones-al-sistema-de-banca-publica-de-venezuela/
[2026-04-26 11:11:04,034] DEBUG - elperiodicocr: [30/2088] Procesando: https://elperiodicocr.com/listas-de-espera-son-ya-ridiculas-caja-programa-cita-para-el-2047-a-mujer-de-63-anos/
[2026-04-26 11:11:09,604] DEBUG - elperiodicocr: [31/2088] Procesando: https://elperiodicocr.com/diez-cantones-concentran-el-60-de-cotizantes-al-ivm/
[2026-04-26 11:11:13,592] DEBUG - elperiodicocr: [32/2088] Procesando: https://elperiodicocr.com/rio-virilla-se-convierte-en-bomba-de-tiempo-ambiental-por-alta-presencia-de-bacterias-multirresistentes/
[2026-04-26 11:11:19,439] DEBUG - elperiodicocr: [33/2088] Procesando: https://elperiodicocr.com/comision-legislativa-dictamina-credito-por-800-mills-para-tren-rapido-de-pasajeros/
[2026-04-26 11:11:25,231] DEBUG - elperiodicocr: [34/2088] Procesando: https://elperiodicocr.com/fa-define-integracion-de-comisiones-legislativas-para-el-primer-ano-legislativo/
[2026-04-26 11:11:31,222] DEBUG - elperiodicocr: [35/2088] Procesando: https://elperiodicocr.com/gobierno-firma-credito-por-770-millones-para-ampliar-ruta-san-jose-san-ramon/
[2026-04-26 11:11:37,031] DEBUG - elperiodicocr: [36/2088] Procesando: https://elperiodicocr.com/iran-condena-a-c-r-por-decision-sobre-guardia-revolucionaria-y-lo-tacha-como-complice-de-ee-uu-e-israel/
[2026-04-26 11:11:42,765] DEBUG - elperiodicocr: [37/2088] Procesando: https://elperiodicocr.com/una-rechaza-rompimiento-de-relaciones-diplomaticas-con-cuba/
[2026-04-26 11:11:48,539] DEBUG - elperiodicocr: [38/2088] Procesando: https://elperiodicocr.com/comision-dictamina-proyecto-para-prohibir-redes-sociales-a-menores-de-14-anos/
[2026-04-26 11:11:54,142] DEBUG - elperiodicocr: [39/2088] Procesando: https://elperiodicocr.com/estas-son-las-nuevas-carreras-con-las-que-la-ucr-impulsara-las-metas-pais-a-partir-de-2027/
[2026-04-26 11:12:01,845] DEBUG - elperiodicocr: [40/2088] Procesando: https://elperiodicocr.com/en-los-hogares-con-menos-ingresos-el-tabaco-suele-desplazar-la-compra-de-alimentos/
[2026-04-26 11:12:08,013] DEBUG - elperiodicocr: [41/2088] Procesando: https://elperiodicocr.com/dea-solicita-por-segunda-vez-la-extradicion-de-gato-por-narcotrafico/
[2026-04-26 11:12:13,522] DEBUG - elperiodicocr: [42/2088] Procesando: https://elperiodicocr.com/johana-obando-denuncia-ante-fiscalia-supuestos-seguimientos-en-su-contra/
[2026-04-26 11:12:19,498] DEBUG - elperiodicocr: [43/2088] Procesando: https://elperiodicocr.com/el-proceso-historico-de-la-reunificacion-completa-de-china-es-imparable/
[2026-04-26 11:12:25,029] DEBUG - elperiodicocr: [44/2088] Procesando: https://elperiodicocr.com/diputado-electo-del-pln-desmiente-rumores-chavistas-y-aclara-que-no-sera-independiente/
[2026-04-26 11:12:29,102] DEBUG - elperiodicocr: [45/2088] Procesando: https://elperiodicocr.com/los-golpes-de-estado-que-puede-intentar-trump/
[2026-04-26 11:12:34,694] DEBUG - elperiodicocr: [46/2088] Procesando: https://elperiodicocr.com/diputado-de-nueva-republica-detenido-en-tortuguero-por-presunta-pesca-ilegal-fiscalia-abre-investigacion/
[2026-04-26 11:12:40,129] DEBUG - elperiodicocr: [47/2088] Procesando: https://elperiodicocr.com/trump-bombardea-al-papa-leon-por-pedir-paz-en-oriente-es-debil/
[2026-04-26 11:12:45,843] DEBUG - elperiodicocr: [48/2088] Procesando: https://elperiodicocr.com/costa-rica-ante-la-inseguridad-estabilizar-primero-diagnosticar-despues/
[2026-04-26 11:12:51,596] DEBUG - elperiodicocr: [49/2088] Procesando: https://elperiodicocr.com/mas-de-2700-sancionados-durante-2026-por-no-usar-casco-o-cinturon-de-seguridad/
[2026-04-26 11:12:55,093] DEBUG - elperiodicocr: [50/2088] Procesando: https://elperiodicocr.com/tse-incluira-en-cedula-la-decision-de-donar-organos/
[2026-04-26 11:13:00,684] DEBUG - elperiodicocr: [51/2088] Procesando: https://elperiodicocr.com/nogui-acosta-le-baja-el-piso-al-proyecto-de-ada-acuna-sobre-entrega-del-rop-se-debe-cuestionar-si-es-oportuno/
[2026-04-26 11:13:06,773] DEBUG - elperiodicocr: [52/2088] Procesando: https://elperiodicocr.com/peter-magyar-arrasa-en-hungria-y-pone-fin-a-16-anos-de-viktor-orban-y-la-ultraderecha/
[2026-04-26 11:13:12,887] DEBUG - elperiodicocr: [53/2088] Procesando: https://elperiodicocr.com/estudiantes-ganan-iniciativa-cadena-con-app-para-encontrar-menores-desaparecidos/
[2026-04-26 11:13:18,372] DEBUG - elperiodicocr: [54/2088] Procesando: https://elperiodicocr.com/un-pais-charruleado-por-ortega-y-murillo/
[2026-04-26 11:13:23,829] DEBUG - elperiodicocr: [55/2088] Procesando: https://elperiodicocr.com/limpiar-de-comunistas-feministas-y-todo-lo-que-estorbe/
[2026-04-26 11:13:29,503] DEBUG - elperiodicocr: [56/2088] Procesando: https://elperiodicocr.com/nicaragua-cumple-una-decada-sin-datos-oficiales-de-pobreza/
[2026-04-26 11:13:35,230] DEBUG - elperiodicocr: [57/2088] Procesando: https://elperiodicocr.com/autoritarismos-y-democratizaciones-en-centroamerica-de-la-independencia-al-presente/
[2026-04-26 11:13:40,755] DEBUG - elperiodicocr: [58/2088] Procesando: https://elperiodicocr.com/samcam-no-era-el-unico-objetivo-oij-identifica-a-otras-9-personas-en-riesgo/
[2026-04-26 11:13:46,420] DEBUG - elperiodicocr: [59/2088] Procesando: https://elperiodicocr.com/asamblea-ignora-reglamento-interno-y-reubica-curules-a-peticion-de-bancada-chavista/
[2026-04-26 11:13:53,014] DEBUG - elperiodicocr: [60/2088] Procesando: https://elperiodicocr.com/instituto-de-la-mujer-una-exige-regreso-a-foro-sobre-derechos-de-las-poblaciones-lgbtiq/
[2026-04-26 11:13:58,610] DEBUG - elperiodicocr: [61/2088] Procesando: https://elperiodicocr.com/c-r-registra-mas-de-40-mil-estafas-ciberneticas-desde-2018/
[2026-04-26 11:14:04,372] DEBUG - elperiodicocr: [62/2088] Procesando: https://elperiodicocr.com/informe-legislativo-sobre-bcr-safi-revela-sobreprecios-fallas-de-control-y-perdidas-por-40-mills/
[2026-04-26 11:14:07,941] DEBUG - elperiodicocr: [63/2088] Procesando: https://elperiodicocr.com/netanyahu-ordena-negociaciones-directas-con-libano/
[2026-04-26 11:14:13,790] DEBUG - elperiodicocr: [64/2088] Procesando: https://elperiodicocr.com/chavismo-hara-mesa-gallega-con-directorio-legislativo-y-define-comisiones/
[2026-04-26 11:14:20,073] DEBUG - elperiodicocr: [65/2088] Procesando: https://elperiodicocr.com/poder-judicial-impone-14-anos-de-carcel-a-profesor-de-estudios-sociales-por-delitos-sexuales/
[2026-04-26 11:14:23,651] DEBUG - elperiodicocr: [66/2088] Procesando: https://elperiodicocr.com/jose-miguel-villalobos-enfrenta-audiencia-en-colegio-de-abogados-por-presunta-falta-profesional/
[2026-04-26 11:14:28,883] DEBUG - elperiodicocr: [67/2088] Procesando: https://elperiodicocr.com/feria-internacional-del-catie-regresa-el-18-y-19-de-abril-en-turrialba/
[2026-04-26 11:14:34,473] DEBUG - elperiodicocr: [68/2088] Procesando: https://elperiodicocr.com/c-r-declara-organizaciones-terroristas-a-hamas-hezbola-guardia-de-iran-y-los-huties/
[2026-04-26 11:14:40,266] DEBUG - elperiodicocr: [69/2088] Procesando: https://elperiodicocr.com/avanza-plan-que-permite-allanamientos-para-capturar-extraditables/
[2026-04-26 11:14:47,744] DEBUG - elperiodicocr: [70/2088] Procesando: https://elperiodicocr.com/tse-acredita-a-nuevas-diputaciones-2026-2030-y-define-directorio-provisional-en-el-congreso/
[2026-04-26 11:14:58,653] DEBUG - elperiodicocr: [71/2088] Procesando: https://elperiodicocr.com/el-idioma-que-nadie-habla/
[2026-04-26 11:15:04,749] DEBUG - elperiodicocr: [72/2088] Procesando: https://elperiodicocr.com/diputados-aprueban-credito-de-770-mills-para-ruta-san-jose-san-ramon/
[2026-04-26 11:15:10,467] DEBUG - elperiodicocr: [73/2088] Procesando: https://elperiodicocr.com/casi-un-tercio-de-la-poblacion-mundial-podria-estar-en-riesgo-por-calor-extremo-y-sequias/
[2026-04-26 11:15:15,986] DEBUG - elperiodicocr: [74/2088] Procesando: https://elperiodicocr.com/trump-anuncia-alto-al-fuego-por-dos-semanas-e-iran-podria-abrir-estrecho-de-ormuz/
[2026-04-26 11:15:21,762] DEBUG - elperiodicocr: [75/2088] Procesando: https://elperiodicocr.com/mas-de-30-ongs-denuncian-graves-retrocesos-en-materia-de-derechos-humanos-por-parte-del-gobierno/
[2026-04-26 11:15:25,541] DEBUG - elperiodicocr: [76/2088] Procesando: https://elperiodicocr.com/iran-miles-se-despliegan-como-escudos-humanos-en-plantas-nucleares-y-puentes-para-frenar-ataques-de-ee-uu/
[2026-04-26 11:15:31,693] DEBUG - elperiodicocr: [77/2088] Procesando: https://elperiodicocr.com/asamblea-busca-a-exasesor-que-recibio-%e2%82%a157-millones-de-mas-en-salarios-aun-no-aparece/
[2026-04-26 11:15:37,991] DEBUG - elperiodicocr: [78/2088] Procesando: https://elperiodicocr.com/costa-rica-se-retira-de-foro-lgbtiq-de-la-oea/
[2026-04-26 11:15:44,001] DEBUG - elperiodicocr: [79/2088] Procesando: https://elperiodicocr.com/puente-mas-grande-de-nicaragua-se-construira-en-el-rio-san-juan/
[2026-04-26 11:15:49,227] DEBUG - elperiodicocr: [80/2088] Procesando: https://elperiodicocr.com/caja-pago-2-220-millones-extra-en-seis-meses-al-eliminar-tercerizacion-en-carpio-leon-xiii-y-san-sebastian/
[2026-04-26 11:15:54,944] DEBUG - elperiodicocr: [81/2088] Procesando: https://elperiodicocr.com/apple-cumple-50-anos-3-productos-del-gigante-que-cambio-nuestras-vidas-y-3-que-fracasaron/
[2026-04-26 11:16:00,784] DEBUG - elperiodicocr: [82/2088] Procesando: https://elperiodicocr.com/obispo-exiliado-de-nicaragua-de-parte-de-quien-estamos-de-los-que-crucifican-o-de-los-crucificados/
[2026-04-26 11:16:07,007] DEBUG - elperiodicocr: [83/2088] Procesando: https://elperiodicocr.com/justicia-suspende-visitas-conyugales-en-la-reforma/
[2026-04-26 11:16:13,581] DEBUG - elperiodicocr: [84/2088] Procesando: https://elperiodicocr.com/guerra-con-iran-golpea-a-pequenas-empresas-en-ee-uu-con-crisis-logistica-y-altos-costos/
[2026-04-26 11:16:18,812] DEBUG - elperiodicocr: [85/2088] Procesando: https://elperiodicocr.com/la-guerra-fria-como-farsa/
[2026-04-26 11:16:25,688] DEBUG - elperiodicocr: [86/2088] Procesando: https://elperiodicocr.com/ucr-reforzara-atencion-gratuita-prenatal-posparto-y-de-lactancia-materna/
[2026-04-26 11:16:31,522] DEBUG - elperiodicocr: [87/2088] Procesando: https://elperiodicocr.com/cuba-inicia-la-liberacion-de-mas-de-2-000-presos/
[2026-04-26 11:16:37,768] DEBUG - elperiodicocr: [88/2088] Procesando: https://elperiodicocr.com/sin-dt-ni-presidente-de-federacion-la-crisis-del-futbol-italiano-tras-quedarse-sin-mundial/
[2026-04-26 11:16:43,612] DEBUG - elperiodicocr: [89/2088] Procesando: https://elperiodicocr.com/c-r-ya-cuenta-con-su-primera-aplicacion-movil-para-identificar-serpientes-venenosas/
[2026-04-26 11:16:49,287] DEBUG - elperiodicocr: [90/2088] Procesando: https://elperiodicocr.com/el-escudo-de-las-americas-no-ayuda-a-america-latina/
[2026-04-26 11:16:54,828] DEBUG - elperiodicocr: [91/2088] Procesando: https://elperiodicocr.com/turismo-en-centroamerica-c-r-se-estanca-el-salvador-avanza-y-nicaragua-hace-muy-poco/
[2026-04-26 11:17:00,350] DEBUG - elperiodicocr: [92/2088] Procesando: https://elperiodicocr.com/organismo-contra-la-tortura-alerta-a-c-r-por-trato-a-migrantes-deportados/
[2026-04-26 11:17:06,259] DEBUG - elperiodicocr: [93/2088] Procesando: https://elperiodicocr.com/rusia-entrena-para-desinformar-a-comunicadores-de-nicaragua-y-otros-siete-paises/
[2026-04-26 11:17:11,786] DEBUG - elperiodicocr: [94/2088] Procesando: https://elperiodicocr.com/teatro-de-bolsillo-recibe-a-ruben-pagura-en-su-gira-anual-por-costa-rica/
[2026-04-26 11:17:17,277] DEBUG - elperiodicocr: [95/2088] Procesando: https://elperiodicocr.com/a-50-anos-del-genocidio-en-argentina-nunca-mas/
[2026-04-26 11:17:22,811] DEBUG - elperiodicocr: [96/2088] Procesando: https://elperiodicocr.com/una-advierte-mayor-presencia-de-cocodrilos-en-epoca-seca/
[2026-04-26 11:17:28,665] DEBUG - elperiodicocr: [97/2088] Procesando: https://elperiodicocr.com/museo-del-jade-del-ins-tendra-entrada-2x1-para-nacionales-en-semana-santa/
[2026-04-26 11:17:34,266] DEBUG - elperiodicocr: [98/2088] Procesando: https://elperiodicocr.com/hamas-considera-propuesta-para-dejar-las-armas-condicion-clave-para-el-futuro-de-gaza/
[2026-04-26 11:17:39,771] DEBUG - elperiodicocr: [99/2088] Procesando: https://elperiodicocr.com/el-laberinto-de-villalobos-la-sombra-de-un-extraditable-sobre-el-poder-politico/
[2026-04-26 11:17:45,551] DEBUG - elperiodicocr: [100/2088] Procesando: https://elperiodicocr.com/rusia-devuelve-cargamento-de-drones-mejorados-a-iran/
[2026-04-26 11:17:51,073] DEBUG - elperiodicocr: [101/2088] Procesando: https://elperiodicocr.com/aumenta-consumo-de-hidrocarburo-en-la-region/
[2026-04-26 11:17:56,635] DEBUG - elperiodicocr: [102/2088] Procesando: https://elperiodicocr.com/laura-fernandez-replicare-parte-del-modelo-de-bukele-para-enfrentar-el-crimen-organizado/
[2026-04-26 11:18:02,361] DEBUG - elperiodicocr: [103/2088] Procesando: https://elperiodicocr.com/claudia-dobles-c-r-merece-tener-claridad-sobre-los-vinculos-de-jose-miguel-villalobos/
[2026-04-26 11:18:08,033] DEBUG - elperiodicocr: [104/2088] Procesando: https://elperiodicocr.com/dictan-medidas-cautelares-en-contra-de-organizacion-de-alias-gordo-julio/
[2026-04-26 11:18:13,439] DEBUG - elperiodicocr: [105/2088] Procesando: https://elperiodicocr.com/jose-miguel-villalobos-buscara-ocupar-comision-de-seguridad-y-narcotrafico/
[2026-04-26 11:18:18,939] DEBUG - elperiodicocr: [106/2088] Procesando: https://elperiodicocr.com/melina-ajoy-arremete-contra-el-pusc-estan-dispuestos-a-quemar-la-casa-para-quedarse-con-la-alfombra/
[2026-04-26 11:18:24,356] DEBUG - elperiodicocr: [107/2088] Procesando: https://elperiodicocr.com/modulos-para-mujeres-en-carceles-provinciales-siguen-sin-habilitarse-advierte-defensoria/
[2026-04-26 11:18:29,818] DEBUG - elperiodicocr: [108/2088] Procesando: https://elperiodicocr.com/abogado-del-presidente-visitara-al-extraditable-chanchita-acusado-por-narcotrafico-es-mi-amigo/
[2026-04-26 11:18:35,242] DEBUG - elperiodicocr: [109/2088] Procesando: https://elperiodicocr.com/diputado-pusc-arremete-contra-juan-carlos-hidalgo-usurpo-nuestra-casa-para-destruirla/
[2026-04-26 11:18:40,642] DEBUG - elperiodicocr: [110/2088] Procesando: https://elperiodicocr.com/turquia-elimina-a-rumania-en-el-repechaje-y-queda-a-un-paso-del-mundial-2026/
[2026-04-26 11:18:46,090] DEBUG - elperiodicocr: [111/2088] Procesando: https://elperiodicocr.com/presidente-de-corte-responde-a-laura-fernandez-no-elegimos-a-celso-gamboa-pedimos-destituirlo/
[2026-04-26 11:18:51,926] DEBUG - elperiodicocr: [112/2088] Procesando: https://elperiodicocr.com/pentagono-endurece-restricciones-a-la-prensa-en-estados-unidos/
[2026-04-26 11:18:57,327] DEBUG - elperiodicocr: [113/2088] Procesando: https://elperiodicocr.com/exregidor-de-nueva-republica-bajo-investigacion-y-con-demanda-por-supuesto-acoso-sexual/
[2026-04-26 11:19:02,693] DEBUG - elperiodicocr: [114/2088] Procesando: https://elperiodicocr.com/horacio-alvarado-se-aparta-del-pusc-tras-apertura-de-proceso-etico/
[2026-04-26 11:19:08,291] DEBUG - elperiodicocr: [115/2088] Procesando: https://elperiodicocr.com/amnistia-internacional-nicaragua-entre-los-6-paises-que-destruyen-el-tejido-social-en-latinoamerica/
[2026-04-26 11:19:13,841] DEBUG - elperiodicocr: [116/2088] Procesando: https://elperiodicocr.com/huelga-en-la-caja-no-toca-a-ebais-de-cooperativas-que-garantizan-atencion-a-usuarios-por-no-tener-sindicatos/
[2026-04-26 11:19:19,426] DEBUG - elperiodicocr: [117/2088] Procesando: https://elperiodicocr.com/comision-cita-a-partes-y-testigos-en-caso-contra-fabricio-alvarado/
[2026-04-26 11:19:24,919] DEBUG - elperiodicocr: [118/2088] Procesando: https://elperiodicocr.com/alerta-en-el-mundo-del-anime-el-hackeo-a-crunchyroll-pone-en-riesgo-datos-de-millones-de-usuarios/
[2026-04-26 11:19:30,681] DEBUG - elperiodicocr: [119/2088] Procesando: https://elperiodicocr.com/ccss-amplia-rango-de-edad-para-vacunacion-contra-sarampion/
[2026-04-26 11:19:35,939] DEBUG - elperiodicocr: [120/2088] Procesando: https://elperiodicocr.com/no-llames-acuerdo-a-tu-derrota-iran-niega-negociaciones-con-trump/
[2026-04-26 11:19:41,648] DEBUG - elperiodicocr: [121/2088] Procesando: https://elperiodicocr.com/sala-iv-anula-medida-que-permitia-extender-vida-util-de-tanques-en-gasolineras/
[2026-04-26 11:19:47,288] DEBUG - elperiodicocr: [122/2088] Procesando: https://elperiodicocr.com/sindicatos-de-la-caja-en-huelga-afectan-servicios-a-miles-de-asegurados-de-la-ccss/
[2026-04-26 11:19:52,786] DEBUG - elperiodicocr: [123/2088] Procesando: https://elperiodicocr.com/juzgado-rechaza-archivar-causa-penal-contra-catalina-crespo/
[2026-04-26 11:19:58,657] DEBUG - elperiodicocr: [124/2088] Procesando: https://elperiodicocr.com/jubilados-del-magisterio-piden-a-diputados-descongelar-pensiones-del-rtr/
[2026-04-26 11:20:04,147] DEBUG - elperiodicocr: [125/2088] Procesando: https://elperiodicocr.com/asamblea-declara-benemerita-de-la-patria-a-pancha-carrasco/
[2026-04-26 11:20:09,464] DEBUG - elperiodicocr: [126/2088] Procesando: https://elperiodicocr.com/tribunal-de-etica-del-pusc-abre-proceso-contra-diputados-que-rechazaron-levantar-inmunidad-a-rodrigo-chaves/
[2026-04-26 11:20:14,921] DEBUG - elperiodicocr: [127/2088] Procesando: https://elperiodicocr.com/mohamed-salah-dejara-liverpool-al-final-de-la-temporada-tras-9-anos-en-los-reds/
[2026-04-26 11:20:20,316] DEBUG - elperiodicocr: [128/2088] Procesando: https://elperiodicocr.com/laura-fernandez-sobre-acuerdo-de-migrantes-es-un-ganar-ganar-para-c-r/
[2026-04-26 11:20:23,965] DEBUG - elperiodicocr: [129/2088] Procesando: https://elperiodicocr.com/ruiz-cuestiona-acuerdo-migratorio-con-ee-uu-c-r-no-puede-convertirse-en-un-deposito-de-seres-humanos/
[2026-04-26 11:20:29,863] DEBUG - elperiodicocr: [130/2088] Procesando: https://elperiodicocr.com/banco-central-de-cuba-autoriza-el-uso-de-criptomonedas-en-pagos-al-exterior/
[2026-04-26 11:20:35,403] DEBUG - elperiodicocr: [131/2088] Procesando: https://elperiodicocr.com/ageco-realizara-viernes-cultural-con-actividades-gratuitas-para-toda-la-familia/
[2026-04-26 11:20:40,986] DEBUG - elperiodicocr: [132/2088] Procesando: https://elperiodicocr.com/antoine-griezmann-se-unira-al-orlando-city-de-la-mls-en-julio/
[2026-04-26 11:20:46,450] DEBUG - elperiodicocr: [133/2088] Procesando: https://elperiodicocr.com/coopesalud-celebra-que-diputados-pidan-a-fiscalia-aclarar-falsedad-de-supuestos-sobreprecios-en-caso-barrenador/
[2026-04-26 11:20:50,049] DEBUG - elperiodicocr: [134/2088] Procesando: https://elperiodicocr.com/costa-rica-acepta-recibir-hasta-100-migrantes-por-mes-rechazados-por-estados-unidos/
[2026-04-26 11:20:55,545] DEBUG - elperiodicocr: [135/2088] Procesando: https://elperiodicocr.com/casi-la-mitad-de-la-poblacion-cree-que-nicaragua-va-en-la-direccion-equivocada-bajo-murillo/
[2026-04-26 11:21:01,534] DEBUG - elperiodicocr: [136/2088] Procesando: https://elperiodicocr.com/una-realizara-concierto-gratuito-por-el-dia-de-las-personas-con-sindrome-de-down/
[2026-04-26 11:21:07,248] DEBUG - elperiodicocr: [137/2088] Procesando: https://elperiodicocr.com/avanza-plan-que-elimina-uso-de-tobillera-en-delitos-cometidos-con-armas/
[2026-04-26 11:21:13,469] DEBUG - elperiodicocr: [138/2088] Procesando: https://elperiodicocr.com/tse-oficializa-las-57-diputaciones-electas-para-el-periodo-2026-2030/
[2026-04-26 11:21:19,059] DEBUG - elperiodicocr: [139/2088] Procesando: https://elperiodicocr.com/investigadores-del-oij-presionan-a-diputados-por-plan-de-jubilacion-anticipada/
[2026-04-26 11:21:24,520] DEBUG - elperiodicocr: [140/2088] Procesando: https://elperiodicocr.com/caso-barrenador-el-bloqueo-tecnico-de-la-fiscalia-que-ignora-las-pruebas-del-oij/
[2026-04-26 11:21:30,104] DEBUG - elperiodicocr: [141/2088] Procesando: https://elperiodicocr.com/trump-ordena-despliegue-de-agentes-de-ice-en-aeropuertos/
[2026-04-26 11:21:35,385] DEBUG - elperiodicocr: [142/2088] Procesando: https://elperiodicocr.com/el-muro-del-ctp-y-la-aresep-empujan-a-autobuses-a-una-quiebra-anunciada/
[2026-04-26 11:21:40,896] DEBUG - elperiodicocr: [143/2088] Procesando: https://elperiodicocr.com/fiscalia-y-procuraduria-chocan-por-denuncia-contra-diego-miranda/
[2026-04-26 11:21:46,370] DEBUG - elperiodicocr: [144/2088] Procesando: https://elperiodicocr.com/pln-descarta-acusacion-de-fiscalia-por-supuestos-sobreprecios-en-caso-barrenador/
[2026-04-26 11:21:52,363] DEBUG - elperiodicocr: [145/2088] Procesando: https://elperiodicocr.com/sala-iv-exige-acciones-inmediatas-del-estado-por-caos-en-crucitas/
[2026-04-26 11:21:58,037] DEBUG - elperiodicocr: [146/2088] Procesando: https://elperiodicocr.com/fia37-la-sabana-sin-control-entre-licor-drogas-y-reggaeton/
[2026-04-26 11:22:04,512] DEBUG - elperiodicocr: [147/2088] Procesando: https://elperiodicocr.com/cuatro-mujeres-palestinas-murieron-por-impacto-de-misil-irani-en-cisjordania/
[2026-04-26 11:22:10,488] DEBUG - elperiodicocr: [148/2088] Procesando: https://elperiodicocr.com/arranca-en-c-r-la-super-liga-claro-2026-el-mayor-torneo-juvenil-de-centroamerica/
[2026-04-26 11:22:15,682] DEBUG - elperiodicocr: [149/2088] Procesando: https://elperiodicocr.com/historico-celso-gamboa-y-alias-pecho-de-rata-extraditados-a-ee-uu-por-narcotrafico/
[2026-04-26 11:22:21,822] DEBUG - elperiodicocr: [150/2088] Procesando: https://elperiodicocr.com/muere-chuck-norris-a-los-86-anos-leyenda-del-cine-y-las-artes-marciales/
[2026-04-26 11:22:28,344] DEBUG - elperiodicocr: [151/2088] Procesando: https://elperiodicocr.com/de-magistrado-a-extraditado-la-caida-de-celso-gamboa/
[2026-04-26 11:22:34,647] DEBUG - elperiodicocr: [152/2088] Procesando: https://elperiodicocr.com/china-califica-inaceptables-asesinatos-de-lideres-iranies-y-ataques-contra-objetivos-civiles/
[2026-04-26 11:22:41,368] DEBUG - elperiodicocr: [153/2088] Procesando: https://elperiodicocr.com/reino-unido-incauta-casi-una-tonelada-de-cocaina-procedente-de-nicaragua/
[2026-04-26 11:22:47,651] DEBUG - elperiodicocr: [154/2088] Procesando: https://elperiodicocr.com/proyecto-busca-que-municipalidades-puedan-organizar-transporte-publico-entre-distritos/
[2026-04-26 11:22:54,025] DEBUG - elperiodicocr: [155/2088] Procesando: https://elperiodicocr.com/avanza-plan-para-castigar-estafas-piramidales-con-hasta-13-anos-de-carcel/
[2026-04-26 11:22:59,980] DEBUG - elperiodicocr: [156/2088] Procesando: https://elperiodicocr.com/crecen-envios-de-aletas-de-tiburon-de-nicaragua-a-hong-kong/
[2026-04-26 11:23:06,198] DEBUG - elperiodicocr: [157/2088] Procesando: https://elperiodicocr.com/cuba-acusa-a-c-r-de-subordinacion-a-ee-uu-y-ruptura-arbitraria-de-relaciones/
[2026-04-26 11:23:12,102] DEBUG - elperiodicocr: [158/2088] Procesando: https://elperiodicocr.com/rocio-alfaro-chaves-paso-de-ser-un-jaguar-a-un-perrito-faldero-de-los-ee-uu/
[2026-04-26 11:23:19,025] DEBUG - elperiodicocr: [159/2088] Procesando: https://elperiodicocr.com/c-r-rompe-su-presencia-diplomatica-en-cuba-y-endurece-postura-contra-la-habana/
[2026-04-26 11:23:25,530] DEBUG - elperiodicocr: [160/2088] Procesando: https://elperiodicocr.com/ee-uu-impone-fianza-de-15-mil-para-visas-de-turismo-a-nicaragua-y-otros-11-paises/
[2026-04-26 11:23:31,781] DEBUG - elperiodicocr: [161/2088] Procesando: https://elperiodicocr.com/daniela-rojas-arremete-contra-retiro-del-rop-y-lo-tacha-de-populismo-no-cuenten-conmigo/
[2026-04-26 11:23:37,729] DEBUG - elperiodicocr: [162/2088] Procesando: https://elperiodicocr.com/laura-fernandez-estamos-a-punto-de-erradicar-la-pobreza-extrema-en-c-r-la-gente-hoy-vive-mejor/
[2026-04-26 11:23:43,669] DEBUG - elperiodicocr: [163/2088] Procesando: https://elperiodicocr.com/nogui-acosta-presiona-por-plan-para-permitir-allanamientos-sin-orden-judicial/
[2026-04-26 11:23:49,321] DEBUG - elperiodicocr: [164/2088] Procesando: https://elperiodicocr.com/a-contrarreloj-y-con-detractores-avanzan-dos-proyectos-para-retiro-del-rop/
[2026-04-26 11:23:55,211] DEBUG - elperiodicocr: [165/2088] Procesando: https://elperiodicocr.com/poder-judicial-dicta-119-anos-de-carcel-en-caso-fenix/
[2026-04-26 11:24:01,241] DEBUG - elperiodicocr: [166/2088] Procesando: https://elperiodicocr.com/regimen-de-bukele-es-senalado-por-crimenes-de-lesa-humanidad-y-persecucion-politica-ante-la-onu/
[2026-04-26 11:24:07,732] DEBUG - elperiodicocr: [167/2088] Procesando: https://elperiodicocr.com/nogui-acosta-arremete-contra-entrega-del-rop-afectara-creditos-y-la-inflacion-del-pais/
[2026-04-26 11:24:13,435] DEBUG - elperiodicocr: [168/2088] Procesando: https://elperiodicocr.com/el-reloj-de-teheran/
[2026-04-26 11:24:18,985] DEBUG - elperiodicocr: [169/2088] Procesando: https://elperiodicocr.com/laura-fernandez-recibe-credenciales-asegurando-que-c-r-esta-mejor-que-hace-4-anos/
[2026-04-26 11:24:25,060] DEBUG - elperiodicocr: [170/2088] Procesando: https://elperiodicocr.com/fallece-lorena-clare-facio-ex-primera-dama-de-la-republica-a-los-82-anos/
[2026-04-26 11:24:31,131] DEBUG - elperiodicocr: [171/2088] Procesando: https://elperiodicocr.com/alerta-de-bomba-provoca-evacuacion-inmediata-en-la-basilica-de-los-angeles/
[2026-04-26 11:24:37,183] DEBUG - elperiodicocr: [172/2088] Procesando: https://elperiodicocr.com/amenaza-de-bomba-obliga-a-evacuar-la-municipalidad-de-cartago/
[2026-04-26 11:24:42,890] DEBUG - elperiodicocr: [173/2088] Procesando: https://elperiodicocr.com/politicos-y-funcionarios-ligados-a-madre-patria-se-le-escapan-a-la-fiscalia/
[2026-04-26 11:24:49,467] DEBUG - elperiodicocr: [174/2088] Procesando: https://elperiodicocr.com/era-necesario-laura-fernandez-se-baja-del-taxi-del-ppso/
[2026-04-26 11:24:56,211] DEBUG - elperiodicocr: [175/2088] Procesando: https://elperiodicocr.com/fallece-maria-del-rocio-saenz-exministra-de-salud-y-expresidenta-de-la-ccss/
[2026-04-26 11:25:02,483] DEBUG - elperiodicocr: [176/2088] Procesando: https://elperiodicocr.com/lobby-de-bukele-en-washington-se-financia-en-secreto-con-dinero-del-sector-energetico/
[2026-04-26 11:25:08,656] DEBUG - elperiodicocr: [177/2088] Procesando: https://elperiodicocr.com/damas-israelitas-realizan-gran-venta-probeneficencia-para-apoyar-neonatologia-del-hospital-mexico/
[2026-04-26 11:25:14,757] DEBUG - elperiodicocr: [178/2088] Procesando: https://elperiodicocr.com/fabricio-alvarado-pidio-frenar-investigacion-en-congreso-tras-denuncia-penal-de-marulin-azofeifa/
[2026-04-26 11:25:20,450] DEBUG - elperiodicocr: [179/2088] Procesando: https://elperiodicocr.com/directores-del-teatro-nacional-y-de-patrimonio-guardan-silencio-por-danos-al-historico-inmueble/
[2026-04-26 11:25:26,442] DEBUG - elperiodicocr: [180/2088] Procesando: https://elperiodicocr.com/ee-uu-completa-tramites-para-extraditar-a-celso-gamboa-y-pecho-de-rata/
[2026-04-26 11:25:32,361] DEBUG - elperiodicocr: [181/2088] Procesando: https://elperiodicocr.com/madre-patria-en-el-asfalto-esta-es-la-tesis-de-la-fiscalia-sobre-la-infiltracion-del-lavado-en-el-mercado-autobusero-2/
[2026-04-26 11:25:38,300] DEBUG - elperiodicocr: [182/2088] Procesando: https://elperiodicocr.com/gobierno-acusa-espionaje-hackeos-y-ataques-ciberneticos-desde-china/
[2026-04-26 11:25:44,369] DEBUG - elperiodicocr: [183/2088] Procesando: https://elperiodicocr.com/migracion-organizaciones-dialogan-sobre-la-regularizacion-de-personas-menores-de-edad-en-costa-rica/
[2026-04-26 11:25:50,051] DEBUG - elperiodicocr: [184/2088] Procesando: https://elperiodicocr.com/fiscalia-pide-medidas-cautelares-contra-seis-sospechosos-de-lavado-de-dinero-en-caso-venus-2-0/
[2026-04-26 11:25:55,857] DEBUG - elperiodicocr: [185/2088] Procesando: https://elperiodicocr.com/comision-dictamina-credito-por-770-mills-para-ampliar-ruta-san-jose-san-ramon/
[2026-04-26 11:26:01,724] DEBUG - elperiodicocr: [186/2088] Procesando: https://elperiodicocr.com/ud-que-dice-ser-varon-de-dios-detengase-no-quiero-ser-su-amante-carta-de-marulin-azofeifa-a-fabricio-alvarado/
[2026-04-26 11:26:07,714] DEBUG - elperiodicocr: [187/2088] Procesando: https://elperiodicocr.com/detienen-a-hombre-que-insulto-a-rodrigo-chaves-es-tio-de-diputado-electo-por-el-fa/
[2026-04-26 11:26:13,835] DEBUG - elperiodicocr: [188/2088] Procesando: https://elperiodicocr.com/colegio-de-medicos-contra-plan-del-pusc-traer-especialistas-sin-controles-no-resuelve-la-crisis/
[2026-04-26 11:26:19,677] DEBUG - elperiodicocr: [189/2088] Procesando: https://elperiodicocr.com/detienen-a-activista-pro-palestina-por-amenazas-contra-rodrigo-chaves-y-laura-fernandez/
[2026-04-26 11:26:25,367] DEBUG - elperiodicocr: [190/2088] Procesando: https://elperiodicocr.com/iran-se-retira-del-mundial-2026-no-hay-condiciones-para-participar/
[2026-04-26 11:26:30,930] DEBUG - elperiodicocr: [191/2088] Procesando: https://elperiodicocr.com/informes-sobre-caso-barrenador-se-votaran-el-proximo-23-de-marzo/
[2026-04-26 11:26:36,692] DEBUG - elperiodicocr: [192/2088] Procesando: https://elperiodicocr.com/fiscalia-apelara-resolucion-que-rechaza-extradicion-de-macho-coca/
[2026-04-26 11:26:42,642] DEBUG - elperiodicocr: [193/2088] Procesando: https://elperiodicocr.com/sip-advierte-erosion-estructural-de-la-libertad-de-prensa-en-c-r-y-alerta-deterioro-regional-en-america/
[2026-04-26 11:26:48,396] DEBUG - elperiodicocr: [194/2088] Procesando: https://elperiodicocr.com/una-advierte-sobre-riesgos-fiscales-para-los-proximos-anos-en-c-r/
[2026-04-26 11:26:54,978] DEBUG - elperiodicocr: [195/2088] Procesando: https://elperiodicocr.com/australia-concede-asilo-a-5-integrantes-de-seleccion-femenina-irani-de-futbol/
[2026-04-26 11:27:00,654] DEBUG - elperiodicocr: [196/2088] Procesando: https://elperiodicocr.com/iran-ataca-a-paises-del-golfo-y-ee-uu-preve-el-dia-mas-intenso-de-ataques/
[2026-04-26 11:27:06,786] DEBUG - elperiodicocr: [197/2088] Procesando: https://elperiodicocr.com/tribunal-rechaza-extradicion-de-macho-coca-a-estados-unidos/
[2026-04-26 11:27:12,710] DEBUG - elperiodicocr: [198/2088] Procesando: https://elperiodicocr.com/detienen-a-estudiante-sospechoso-de-matar-a-otro-a-punaladas-en-parada-de-bus-en-liberia/
[2026-04-26 11:27:18,444] DEBUG - elperiodicocr: [199/2088] Procesando: https://elperiodicocr.com/onu-cerca-de-700-mil-personas-han-sido-desplazadas-en-libano-200-mil-son-ninos/
[2026-04-26 11:27:24,118] DEBUG - elperiodicocr: [200/2088] Procesando: https://elperiodicocr.com/rina-entre-estudiantes-termina-a-punaladas-y-homicidio-en-liberia/
[2026-04-26 11:27:30,289] DEBUG - elperiodicocr: [201/2088] Procesando: https://elperiodicocr.com/exdiputada-marulin-azofeifa-denuncia-penalmente-a-fabricio-alvarado-por-presunto-abuso-sexual/
[2026-04-26 11:27:36,111] DEBUG - elperiodicocr: [202/2088] Procesando: https://elperiodicocr.com/zamora-rechaza-criticas-y-afirma-que-acuerdo-con-ee-uu-no-es-militar/
[2026-04-26 11:27:41,909] DEBUG - elperiodicocr: [203/2088] Procesando: https://elperiodicocr.com/con-mas-de-50-actividades-una-anuncia-iii-tercera-feria-internacional-del-libro/
[2026-04-26 11:27:47,629] DEBUG - elperiodicocr: [204/2088] Procesando: https://elperiodicocr.com/bandera-de-costa-rica-aparece-en-imagenes-militares-de-coalicion-impulsada-por-trump/
[2026-04-26 11:27:53,299] DEBUG - elperiodicocr: [205/2088] Procesando: https://elperiodicocr.com/colombia-tras-elecciones-legislativas-petrismo-se-convierte-en-la-principal-fuerza-en-el-senado/
[2026-04-26 11:27:59,133] DEBUG - elperiodicocr: [206/2088] Procesando: https://elperiodicocr.com/el-petroleo-sube-un-20-por-la-guerra-en-medio-oriente/
[2026-04-26 11:28:05,052] DEBUG - elperiodicocr: [207/2088] Procesando: https://elperiodicocr.com/brasil-corte-suprema-rechazo-por-unanimidad-la-prision-domiciliaria-para-jair-bolsonaro/
[2026-04-26 11:28:11,125] DEBUG - elperiodicocr: [208/2088] Procesando: https://elperiodicocr.com/8m-demoliendo-estereotipos-en-el-sector-construccion/
[2026-04-26 11:28:17,030] DEBUG - elperiodicocr: [209/2088] Procesando: https://elperiodicocr.com/pln-lleva-a-la-sala-iv-participacion-de-c-r-en-coalicion-militar-impulsada-por-trump/
[2026-04-26 11:28:22,795] DEBUG - elperiodicocr: [210/2088] Procesando: https://elperiodicocr.com/fallece-fernando-marin-exministro-de-bienestar-social-y-creador-de-las-cooperativas-de-salud/
[2026-04-26 11:28:28,561] DEBUG - elperiodicocr: [211/2088] Procesando: https://elperiodicocr.com/tse-devuelve-2934-mills-a-hacienda-que-estaban-destinados-para-segunda-ronda-electoral/
[2026-04-26 11:28:34,425] DEBUG - elperiodicocr: [212/2088] Procesando: https://elperiodicocr.com/plan-incluiria-anticonceptivos-dentro-de-canasta-basica-tributaria/
[2026-04-26 11:28:40,009] DEBUG - elperiodicocr: [213/2088] Procesando: https://elperiodicocr.com/empresa-tica-del-sector-electrico-alcanza-70-de-mujeres-en-su-planilla/
[2026-04-26 11:28:45,503] DEBUG - elperiodicocr: [214/2088] Procesando: https://elperiodicocr.com/fmi-pide-a-diputados-frenar-proyectos-para-adelantar-retiro-del-rop/
[2026-04-26 11:28:51,296] DEBUG - elperiodicocr: [215/2088] Procesando: https://elperiodicocr.com/laura-fernandez-se-desmarca-de-propuesta-sobre-bases-militares-de-ee-uu-en-c-r/
[2026-04-26 11:28:56,969] DEBUG - elperiodicocr: [216/2088] Procesando: https://elperiodicocr.com/defensoria-ampliar-plazo-de-nuevo-hospital-geriatrico-al-2038-agravara-atencion-de-adultos-mayores/
[2026-04-26 11:29:02,653] DEBUG - elperiodicocr: [217/2088] Procesando: https://elperiodicocr.com/camara-de-bancos-advierte-posible-inconstitucionalidad-en-ley-contra-estafas-electronicas/
[2026-04-26 11:29:08,588] DEBUG - elperiodicocr: [218/2088] Procesando: https://elperiodicocr.com/zona-norte-registra-primeros-tres-casos-de-rabia-paralitica-bovina/
[2026-04-26 11:29:14,533] DEBUG - elperiodicocr: [219/2088] Procesando: https://elperiodicocr.com/argentina-policia-reprime-trabajadores-que-protestaban-por-la-perdida-de-mas-de-900-empleos/
[2026-04-26 11:29:20,439] DEBUG - elperiodicocr: [220/2088] Procesando: https://elperiodicocr.com/tribunal-rechaza-frenar-sancion-contra-diego-miranda-alcalde-de-san-jose-debera-cumplir-suspension/
[2026-04-26 11:29:25,943] DEBUG - elperiodicocr: [221/2088] Procesando: https://elperiodicocr.com/diputados-aprueban-ley-que-obliga-a-bancos-a-responder-por-estafas-electronicas/
[2026-04-26 11:29:31,891] DEBUG - elperiodicocr: [222/2088] Procesando: https://elperiodicocr.com/chaves-contra-sala-iv-por-anular-subasta-de-frecuencias-tenemos-que-obedecerla-pero-no-respetarla/
[2026-04-26 11:29:37,509] DEBUG - elperiodicocr: [223/2088] Procesando: https://elperiodicocr.com/falta-de-capacitacion-marca-la-ensenanza-de-matematicas-en-escuelas-y-colegios/
[2026-04-26 11:29:43,688] DEBUG - elperiodicocr: [224/2088] Procesando: https://elperiodicocr.com/nicaragua-alberga-en-sus-aguas-al-tiburon-toro-la-especie-mas-peligrosa/
[2026-04-26 11:29:49,947] DEBUG - elperiodicocr: [225/2088] Procesando: https://elperiodicocr.com/cultura-analiza-denuncia-y-cobro-economico-por-danos-a-estatua-de-leon-cortes/
[2026-04-26 11:29:55,474] DEBUG - elperiodicocr: [226/2088] Procesando: https://elperiodicocr.com/israel-y-eeuu-intensifican-bombardeos-contra-iran-mientras-teheran-promete-destruccion/
[2026-04-26 11:30:01,299] DEBUG - elperiodicocr: [227/2088] Procesando: https://elperiodicocr.com/violento-choque-dana-estatua-de-leon-cortes-y-deja-conductor-en-estado-critico/
[2026-04-26 11:30:07,381] DEBUG - elperiodicocr: [228/2088] Procesando: https://elperiodicocr.com/costa-rica-postula-a-rebeca-grynspan-para-la-secretaria-general-de-las-naciones-unidas/
[2026-04-26 11:30:13,335] DEBUG - elperiodicocr: [229/2088] Procesando: https://elperiodicocr.com/tse-declara-oficialmente-a-laura-fernandez-como-presidenta-50-de-c-r/
[2026-04-26 11:30:18,923] DEBUG - elperiodicocr: [230/2088] Procesando: https://elperiodicocr.com/empresarios-se-plantan-contra-proyecto-que-regula-botellas-de-plastico-de-un-solo-uso/
[2026-04-26 11:30:24,267] DEBUG - elperiodicocr: [231/2088] Procesando: https://elperiodicocr.com/defensoria-c-r-tiene-acciones-pendientes-en-materia-de-envejecimiento-y-vejez/
[2026-04-26 11:30:29,927] DEBUG - elperiodicocr: [232/2088] Procesando: https://elperiodicocr.com/jose-miguel-villalobos-sobre-deuda-de-%c2%a2312-mills-con-la-ccss-no-la-voy-a-pagar/
[2026-04-26 11:30:33,793] DEBUG - elperiodicocr: [233/2088] Procesando: https://elperiodicocr.com/ins-atendio-un-motociclista-accidentado-cada-15-minutos/
[2026-04-26 11:30:39,362] DEBUG - elperiodicocr: [234/2088] Procesando: https://elperiodicocr.com/uned-abre-dos-tecnicos-en-desarrollo-de-software-y-ciberseguridad/
[2026-04-26 11:30:45,202] DEBUG - elperiodicocr: [235/2088] Procesando: https://elperiodicocr.com/ucr-pide-a-diputados-no-aprobar-proyecto-de-mineria-en-crucitas-impulsado-por-el-frente-amplio/
[2026-04-26 11:30:51,251] DEBUG - elperiodicocr: [236/2088] Procesando: https://elperiodicocr.com/vecinos-de-nosara-y-sector-privado-implementan-primer-corredor-biologico-de-guanacaste/
[2026-04-26 11:30:57,040] DEBUG - elperiodicocr: [237/2088] Procesando: https://elperiodicocr.com/la-etica-del-esfuerzo-en-el-proceso-de-aprendizaje/
[2026-04-26 11:31:02,669] DEBUG - elperiodicocr: [238/2088] Procesando: https://elperiodicocr.com/bloque-verde-denuncia-quemas-ambientales-de-rastrojo-de-pina-en-buenos-aires-de-puntarenas/
[2026-04-26 11:31:08,179] DEBUG - elperiodicocr: [239/2088] Procesando: https://elperiodicocr.com/defensoria-bancos-publicos-deben-fortalecer-contralorias-de-servicios/
[2026-04-26 11:31:13,905] DEBUG - elperiodicocr: [240/2088] Procesando: https://elperiodicocr.com/fiscalia-pierde-apelacion-tribunal-niega-prision-preventiva-a-imputados-por-caso-madre-patria/
[2026-04-26 11:31:19,363] DEBUG - elperiodicocr: [241/2088] Procesando: https://elperiodicocr.com/caso-madre-patria-la-investigacion-que-se-le-escapa-a-la-fiscalia/
[2026-04-26 11:31:23,545] DEBUG - elperiodicocr: [242/2088] Procesando: https://elperiodicocr.com/la-caja-y-su-oportunidad-de-ejecutar-para-frenar-el-show-de-barrenador/
[2026-04-26 11:31:29,355] DEBUG - elperiodicocr: [243/2088] Procesando: https://elperiodicocr.com/asesor-de-laura-fernandez-propone-instalar-bases-militares-de-ee-uu-en-costa-rica/
[2026-04-26 11:31:35,806] DEBUG - elperiodicocr: [244/2088] Procesando: https://elperiodicocr.com/real-madrid-y-manchester-city-se-cruzaran-en-octavos-de-la-champions/
[2026-04-26 11:31:41,431] DEBUG - elperiodicocr: [245/2088] Procesando: https://elperiodicocr.com/pakistan-declara-guerra-abierta-contra-afganistan/
[2026-04-26 11:31:47,097] DEBUG - elperiodicocr: [246/2088] Procesando: https://elperiodicocr.com/plaza-de-la-cultura-44-anos-san-jose/
[2026-04-26 11:31:52,947] DEBUG - elperiodicocr: [247/2088] Procesando: https://elperiodicocr.com/aprobacion-del-acta-basta-para-dejar-en-firme-sancion-contra-alcalde-miranda/
[2026-04-26 11:31:58,692] DEBUG - elperiodicocr: [248/2088] Procesando: https://elperiodicocr.com/chavismo-vuelve-con-plan-para-que-prestamos-internacionales-no-pasen-por-la-asamblea/
[2026-04-26 11:32:04,321] DEBUG - elperiodicocr: [249/2088] Procesando: https://elperiodicocr.com/aumentan-ataques-de-grupos-islamistas-en-de-benin-niger-y-nigeria/
[2026-04-26 11:32:10,353] DEBUG - elperiodicocr: [250/2088] Procesando: https://elperiodicocr.com/mexico-cancelan-copa-del-mundo-de-clavados-por-ola-de-violencia-en-jalisco/
[2026-04-26 11:32:16,551] DEBUG - elperiodicocr: [251/2088] Procesando: https://elperiodicocr.com/el-ejercito-de-los-%e2%82%a1500-millones-el-costo-de-la-retorica-de-miranda/
[2026-04-26 11:32:22,914] DEBUG - elperiodicocr: [252/2088] Procesando: https://elperiodicocr.com/rodrigo-chaves-el-caso-barrenador-fue-un-montaje-vulgar/
[2026-04-26 11:32:28,781] DEBUG - elperiodicocr: [253/2088] Procesando: https://elperiodicocr.com/madre-patria-en-el-asfalto-esta-es-la-tesis-de-la-fiscalia-sobre-la-infiltracion-del-lavado-en-el-mercado-autobusero/
[2026-04-26 11:32:34,465] DEBUG - elperiodicocr: [254/2088] Procesando: https://elperiodicocr.com/juez-libera-de-prision-preventiva-a-18-imputados-en-caso-madre-patria/
[2026-04-26 11:32:40,396] DEBUG - elperiodicocr: [255/2088] Procesando: https://elperiodicocr.com/aftersun-music-fest-2026-reunira-a-cuatro-grandes-bandas-en-fin-de-semana-dedicado-al-rock/
[2026-04-26 11:32:45,984] DEBUG - elperiodicocr: [256/2088] Procesando: https://elperiodicocr.com/iglesia-advierte-sobre-violencia-e-incertidumbre-en-inicio-del-curso-lectivo-2026/
[2026-04-26 11:32:52,104] DEBUG - elperiodicocr: [257/2088] Procesando: https://elperiodicocr.com/concejo-municipal-de-san-jose-suspende-por-15-dias-a-alcalde-diego-miranda/
[2026-04-26 11:32:58,662] DEBUG - elperiodicocr: [258/2088] Procesando: https://elperiodicocr.com/informe-legislativo-entierra-caso-barrenador-y-denuncia-manipulacion-de-datos-en-ccss/
[2026-04-26 11:33:04,498] DEBUG - elperiodicocr: [259/2088] Procesando: https://elperiodicocr.com/uned-lanza-curso-gratuito-en-primeros-auxilios-psicologicos/
[2026-04-26 11:33:10,789] DEBUG - elperiodicocr: [260/2088] Procesando: https://elperiodicocr.com/infraestructura-educativa-las-aulas-como-reflejo-del-pais-que-queremos-ser/
[2026-04-26 11:33:16,494] DEBUG - elperiodicocr: [261/2088] Procesando: https://elperiodicocr.com/seguridad-destina-en-operacion-crucitas-%e2%82%a1500-millones-al-mes-sin-ver-frutos/
[2026-04-26 11:33:22,345] DEBUG - elperiodicocr: [262/2088] Procesando: https://elperiodicocr.com/chaves-y-laura-fernandez-viajaran-a-ee-uu-para-reunion-con-donald-trump/
[2026-04-26 11:33:27,748] DEBUG - elperiodicocr: [263/2088] Procesando: https://elperiodicocr.com/ignacio-santos-se-despide-de-telenoticias/
[2026-04-26 11:33:33,658] DEBUG - elperiodicocr: [264/2088] Procesando: https://elperiodicocr.com/cancilleria-pide-a-ticos-salir-de-cuba/
[2026-04-26 11:33:39,561] DEBUG - elperiodicocr: [265/2088] Procesando: https://elperiodicocr.com/ccss-lanza-vacunacion-contra-sarampion-para-viajeros-por-brotes-en-el-extranjero/
[2026-04-26 11:33:45,420] DEBUG - elperiodicocr: [266/2088] Procesando: https://elperiodicocr.com/presidenta-electa-laura-fernandez-renuncia-a-su-plaza-en-propiedad-en-mideplan/
[2026-04-26 11:33:50,858] DEBUG - elperiodicocr: [267/2088] Procesando: https://elperiodicocr.com/follow-the-money-el-presupuesto-confirma-el-problema-de-fondo/
[2026-04-26 11:33:56,490] DEBUG - elperiodicocr: [268/2088] Procesando: https://elperiodicocr.com/costa-rica-esta-perdiendo-a-sus-jovenes-por-falta-de-acompanamiento-temprano-en-escuelas-y-colegios/
[2026-04-26 11:34:02,445] DEBUG - elperiodicocr: [269/2088] Procesando: https://elperiodicocr.com/eeuu-incauta-otro-buque-petrolero-en-el-indico-tras-seguirlo-desde-el-caribe/
[2026-04-26 11:34:07,970] DEBUG - elperiodicocr: [270/2088] Procesando: https://elperiodicocr.com/la-era-de-los-resultados-marca-el-rumbo-de-effie-awards-costa-rica-2026/
[2026-04-26 11:34:13,567] DEBUG - elperiodicocr: [271/2088] Procesando: https://elperiodicocr.com/concluye-escrutinio-manual-en-papeletas-presidenciales-lunes-arrancan-con-las-de-diputados/
[2026-04-26 11:34:19,252] DEBUG - elperiodicocr: [272/2088] Procesando: https://elperiodicocr.com/juridicos-del-aya-alerto-vicios-de-nulidad-en-plan-que-elimino-puesto-de-oscar-izquierdo/
[2026-04-26 11:34:23,840] WARNING - elperiodicocr: Sin texto extraído: https://elperiodicocr.com/juridicos-del-aya-alerto-vicios-de-nulidad-en-plan-que-elimino-puesto-de-oscar-izquierdo/
[2026-04-26 11:34:24,868] DEBUG - elperiodicocr: [273/2088] Procesando: https://elperiodicocr.com/diputada-ada-acuna-alarmada-por-denuncias-que-ponen-en-evidencia-inconsistencias-de-la-fiscalia-en-allanamientos-del-caso-barrenador/
[2026-04-26 11:34:30,313] DEBUG - elperiodicocr: [274/2088] Procesando: https://elperiodicocr.com/marta-esquivel-denuncio-que-juez-y-fiscal-se-pusieron-de-acuerdo-para-darle-persecucion-politica-en-caso-barrenador/
[2026-04-26 11:34:36,840] DEBUG - elperiodicocr: [275/2088] Procesando: https://elperiodicocr.com/laura-fernandez-confirma-traspaso-de-poderes-en-el-estadio-nacional/
[2026-04-26 11:34:42,854] DEBUG - elperiodicocr: [276/2088] Procesando: https://elperiodicocr.com/defensoria-advierte-c-r-desfinancia-educacion-publica-y-condena-el-futuro-del-pais/
[2026-04-26 11:34:48,608] DEBUG - elperiodicocr: [277/2088] Procesando: https://elperiodicocr.com/cisneros-marca-distancia-con-jose-miguel-villalobos-ni-le-hablo-ni-es-mi-amigo/
[2026-04-26 11:34:54,566] DEBUG - elperiodicocr: [278/2088] Procesando: https://elperiodicocr.com/una-precio-del-dolar-influye-en-la-salida-de-multinacionales-de-c-r/
[2026-04-26 11:34:58,932] DEBUG - elperiodicocr: [279/2088] Procesando: https://elperiodicocr.com/una-c-r-enfrenta-serias-barreras-y-rezagos-para-avanzar-hacia-gas-natural/
[2026-04-26 11:35:04,631] DEBUG - elperiodicocr: [280/2088] Procesando: https://elperiodicocr.com/fiscalia-de-ecuador-pide-prision-preventiva-para-alcalde-de-guayaquil-por-presunto-lavado-de-dinero/
[2026-04-26 11:35:10,175] DEBUG - elperiodicocr: [281/2088] Procesando: https://elperiodicocr.com/aya-despide-a-oscar-izquierdo-pese-a-advertencias-juridicas-en-contra-jefe-del-pln-denuncia-persecucion-politica/
[2026-04-26 11:35:16,025] DEBUG - elperiodicocr: [282/2088] Procesando: https://elperiodicocr.com/ministerio-de-salud-veta-aromas-dulces-en-vapeadores/
[2026-04-26 11:35:21,565] DEBUG - elperiodicocr: [283/2088] Procesando: https://elperiodicocr.com/diputados-aprueban-mesa-de-trabajo-para-analizar-proyectos-sobre-devolucion-del-rop/
[2026-04-26 11:35:27,189] DEBUG - elperiodicocr: [284/2088] Procesando: https://elperiodicocr.com/__trashed-29/
[2026-04-26 11:35:32,891] DEBUG - elperiodicocr: [285/2088] Procesando: https://elperiodicocr.com/rapa-nui-una-invitacion-especial-para-los-ticos-que-quieren-ir-mas-lejos/
[2026-04-26 11:35:38,478] DEBUG - elperiodicocr: [286/2088] Procesando: https://elperiodicocr.com/mary-munive-no-seguira-como-ministra-de-salud-en-gobierno-de-laura-fernandez-estoy-cansada/
[2026-04-26 11:35:44,156] DEBUG - elperiodicocr: [287/2088] Procesando: https://elperiodicocr.com/discusion-sobre-jornadas-4-3-vuelve-a-frenarse-en-el-congreso/
[2026-04-26 11:35:49,980] DEBUG - elperiodicocr: [288/2088] Procesando: https://elperiodicocr.com/avanza-plan-que-castiga-ingresos-ilegales-a-reservas-y-parques-nacionales/
[2026-04-26 11:35:55,612] DEBUG - elperiodicocr: [289/2088] Procesando: https://elperiodicocr.com/capturan-al-presunto-sicario-que-asesino-al-opositor-nicaraguense-roberto-samcam/
[2026-04-26 11:36:01,731] DEBUG - elperiodicocr: [290/2088] Procesando: https://elperiodicocr.com/albino-vargas-presenta-nueva-querella-contra-rodrigo-chaves/
[2026-04-26 11:36:07,432] DEBUG - elperiodicocr: [291/2088] Procesando: https://elperiodicocr.com/diputada-da-gracias-a-bad-bunny-por-su-presentacion-en-super-bowl/
[2026-04-26 11:36:13,465] DEBUG - elperiodicocr: [292/2088] Procesando: https://elperiodicocr.com/china-busca-recomponer-vinculos-con-c-r-y-laura-fernandez-tras-anos-de-relacion-tensa/
[2026-04-26 11:36:19,252] DEBUG - elperiodicocr: [293/2088] Procesando: https://elperiodicocr.com/corte-plena-extiende-suspension-del-director-del-oij-por-tres-meses-mas/
[2026-04-26 11:36:25,054] DEBUG - elperiodicocr: [294/2088] Procesando: https://elperiodicocr.com/uned-alerta-sobre-riesgos-del-uso-temprano-de-redes-sociales-en-menores/
[2026-04-26 11:36:31,146] DEBUG - elperiodicocr: [295/2088] Procesando: https://elperiodicocr.com/sala-iv-obliga-a-ccss-a-entregar-informacion-clave-que-desmontaria-caso-barrenador/
[2026-04-26 11:36:37,189] DEBUG - elperiodicocr: [296/2088] Procesando: https://elperiodicocr.com/avanza-plan-que-prohibe-la-pesca-de-tiburones-en-peligro-de-extincion/
[2026-04-26 11:36:42,106] WARNING - elperiodicocr: Sin texto extraído: https://elperiodicocr.com/avanza-plan-que-prohibe-la-pesca-de-tiburones-en-peligro-de-extincion/
[2026-04-26 11:36:43,150] DEBUG - elperiodicocr: [297/2088] Procesando: https://elperiodicocr.com/una-creacion-de-empleo-se-estancan-en-c-r-a-seis-anos-de-la-pandemia/
[2026-04-26 11:36:49,407] DEBUG - elperiodicocr: [298/2088] Procesando: https://elperiodicocr.com/fiscal-general-carlo-diaz-propone-una-nueva-etapa-y-colaboracion-a-laura-fernandez/
[2026-04-26 11:36:54,827] DEBUG - elperiodicocr: [299/2088] Procesando: https://elperiodicocr.com/nigeria-crea-comando-militar-para-frenar-grupos-islamistas/
[2026-04-26 11:37:01,534] DEBUG - elperiodicocr: [300/2088] Procesando: https://elperiodicocr.com/diputados-archivan-plan-de-gobierno-para-que-creditos-internacionales-no-pasaran-por-la-asamblea/
[2026-04-26 11:37:08,998] DEBUG - elperiodicocr: [301/2088] Procesando: https://elperiodicocr.com/oboznachenija-dollara-evro-funta-i-drugih-valjut/
[2026-04-26 11:37:14,977] DEBUG - elperiodicocr: [302/2088] Procesando: https://elperiodicocr.com/tig-mantiene-servicio-de-bus-a-bolson-pero-responsabiliza-a-aresep-por-posible-suspension/
[2026-04-26 11:37:21,338] DEBUG - elperiodicocr: [303/2088] Procesando: https://elperiodicocr.com/chaves-nombra-por-2da-vez-a-laura-fernandez-como-ministra-de-la-presidencia/
[2026-04-26 11:37:27,165] DEBUG - elperiodicocr: [304/2088] Procesando: https://elperiodicocr.com/el-fia2015/
[2026-04-26 11:37:32,874] DEBUG - elperiodicocr: [305/2088] Procesando: https://elperiodicocr.com/oea-alerta-sobre-posible-inflitracion-del-narco-y-crimen-organizado-en-elecciones/
[2026-04-26 11:37:38,971] DEBUG - elperiodicocr: [306/2088] Procesando: https://elperiodicocr.com/usuarios-de-ruta-san-jose-bolson-piden-a-aresep-dar-marcha-atras-a-resolucion-que-deja-sin-tarifa-al-servicio/
[2026-04-26 11:37:45,827] DEBUG - elperiodicocr: [307/2088] Procesando: https://elperiodicocr.com/asamblea-frena-via-rapida-a-que-buscaba-retiro-total-del-rop/
[2026-04-26 11:37:52,395] DEBUG - elperiodicocr: [308/2088] Procesando: https://elperiodicocr.com/regimen-ortega-murillo-felicita-a-laura-fernandez-tras-su-victoria-electoral/
[2026-04-26 11:37:59,091] DEBUG - elperiodicocr: [309/2088] Procesando: https://elperiodicocr.com/laura-fernandez-gana-elecciones-nacionales-con-50-se-convertira-en-presidenta-50-de-c-r/
[2026-04-26 11:38:05,923] DEBUG - elperiodicocr: [310/2088] Procesando: https://elperiodicocr.com/pln-iztaru-alfaro-afirma-que-segunda-ronda-es-inminente-y-llama-a-indecisos-a-votar-por-alvaro-ramos/
[2026-04-26 11:38:12,192] DEBUG - elperiodicocr: [311/2088] Procesando: https://elperiodicocr.com/coopesain-r-l-alcanza-45-mil-cirugias-pediatricas-en-conjunto-al-hospital-nacional-de-ninos/
[2026-04-26 11:38:18,616] DEBUG - elperiodicocr: [312/2088] Procesando: https://elperiodicocr.com/gollo-realizara-elecciones-infantiles-en-sus-160-tiendas/
[2026-04-26 11:38:24,503] DEBUG - elperiodicocr: [313/2088] Procesando: https://elperiodicocr.com/arriban-observadores-electorales-de-oea-para-fiscalizar-elecciones-nacionales/
[2026-04-26 11:38:30,347] DEBUG - elperiodicocr: [314/2088] Procesando: https://elperiodicocr.com/ciep-ucr-laura-fernandez-alcanza-44-y-se-perfila-para-ganar-en-primera-ronda/
[2026-04-26 11:38:36,304] DEBUG - elperiodicocr: [315/2088] Procesando: https://elperiodicocr.com/nueva-denuncia-exdiputada-marulin-azofeifa-acusa-a-fabricio-alvarado-de-acoso-sexual/
[2026-04-26 11:38:42,444] DEBUG - elperiodicocr: [316/2088] Procesando: https://elperiodicocr.com/ong-confirma-mas-de-6-000-muertes-tras-protestas-en-iran/
[2026-04-26 11:38:48,609] DEBUG - elperiodicocr: [317/2088] Procesando: https://elperiodicocr.com/hija-de-ligia-faerron-a-laura-fernandez-no-use-el-nombre-de-mi-madre-asesinada/
[2026-04-26 11:38:54,701] DEBUG - elperiodicocr: [318/2088] Procesando: https://elperiodicocr.com/anep-denuncia-a-alcalde-de-oreamuno-por-supuestas-faltas-al-deber-publico/
[2026-04-26 11:39:00,483] DEBUG - elperiodicocr: [319/2088] Procesando: https://elperiodicocr.com/david-segura-tacha-a-laura-fernandez-de-titere-sin-inteligencia-ni-capacidad/
[2026-04-26 11:39:06,733] DEBUG - elperiodicocr: [320/2088] Procesando: https://elperiodicocr.com/ninos-y-jovenes-podran-votar-este-1-de-febrero-en-el-museo-de-los-ninos/
[2026-04-26 11:39:12,663] DEBUG - elperiodicocr: [321/2088] Procesando: https://elperiodicocr.com/espana-aprueba-regularizacion-de-mas-de-500-000-inmigrantes-indocumentados/
[2026-04-26 11:39:18,593] DEBUG - elperiodicocr: [322/2088] Procesando: https://elperiodicocr.com/2-leslye-bojorges-se-refugia-en-el-ppso-de-laura-fernandez-y-pusc-agradece-por-llevarse-los-desechos/
[2026-04-26 11:39:24,124] DEBUG - elperiodicocr: [323/2088] Procesando: https://elperiodicocr.com/laura-fernandez-acusa-a-fabricio-alvarado-de-acoso-sexual-me-arrincono-en-una-oficina/
[2026-04-26 11:39:29,833] DEBUG - elperiodicocr: [324/2088] Procesando: https://elperiodicocr.com/marta-esquivel-contrademanda-a-ccss-y-exige-mas-de-%c2%a2119-millones-por-salarios-que-recibio-de-mas/
[2026-04-26 11:39:35,351] DEBUG - elperiodicocr: [325/2088] Procesando: https://elperiodicocr.com/elecciones-nacionales-1-de-cada-6-votantes-tendra-mas-de-65-anos/
[2026-04-26 11:39:41,013] DEBUG - elperiodicocr: [326/2088] Procesando: https://elperiodicocr.com/cartago-candidato-a-diputado-del-plp-convierte-escena-de-balacera-en-acto-de-campana/
[2026-04-26 11:39:46,528] DEBUG - elperiodicocr: [327/2088] Procesando: https://elperiodicocr.com/departamento-del-tesoro-ee-uu-tacha-a-c-r-como-punto-clave-de-transbordo-de-cocaina-a-nivel-mundial/
[2026-04-26 11:39:52,173] DEBUG - elperiodicocr: [328/2088] Procesando: https://elperiodicocr.com/proyecto-busca-carcel-a-quien-desvie-fondos-de-pensiones-y-recursos-publicos/
[2026-04-26 11:39:57,718] DEBUG - elperiodicocr: [329/2088] Procesando: https://elperiodicocr.com/primeros-resultados-electorales-se-conoceran-a-partir-de-las-845-p-m/
[2026-04-26 11:40:03,311] DEBUG - elperiodicocr: [330/2088] Procesando: https://elperiodicocr.com/trafico-de-influencias-leslye-bojorges-y-rosaura-mendez-acudieron-a-presidenta-del-ins-para-gestiones-privadas-sobre-polizas/
[2026-04-26 11:40:08,744] DEBUG - elperiodicocr: [331/2088] Procesando: https://elperiodicocr.com/idespo-una-laura-fernandez-alcanza-399-mientras-los-indecisos-siguen-en-352/
[2026-04-26 11:40:14,160] DEBUG - elperiodicocr: [332/2088] Procesando: https://elperiodicocr.com/defensoria-interviene-en-hospital-de-san-carlos-estan-dando-citas-para-el-2052/
[2026-04-26 11:40:19,622] DEBUG - elperiodicocr: [333/2088] Procesando: https://elperiodicocr.com/ee-uu-trump-lanza-su-junta-de-paz-para-estabilizar-gaza/
[2026-04-26 11:40:25,054] DEBUG - elperiodicocr: [334/2088] Procesando: https://elperiodicocr.com/ariel-robles-la-campana-sigue-viva-y-se-define-el-1-de-febrero/
[2026-04-26 11:40:30,302] DEBUG - elperiodicocr: [335/2088] Procesando: https://elperiodicocr.com/ciep-ucr-laura-fernandez-supera-40-y-ganaria-elecciones-en-primera-ronda/
[2026-04-26 11:40:36,026] DEBUG - elperiodicocr: [336/2088] Procesando: https://elperiodicocr.com/uccaep-reclama-por-nuevos-cambio-a-proyecto-de-jornadas-4-3-es-inviable/
[2026-04-26 11:40:41,463] DEBUG - elperiodicocr: [337/2088] Procesando: https://elperiodicocr.com/iran-advierte-declaracion-de-guerra-y-decreto-de-yihad-si-el-ayatola-es-atacado/
[2026-04-26 11:40:46,982] DEBUG - elperiodicocr: [338/2088] Procesando: https://elperiodicocr.com/venezuela-chavismo-niega-conversaciones-secretas-entre-diosdado-cabello-y-estados-unidos/
[2026-04-26 11:40:52,531] DEBUG - elperiodicocr: [339/2088] Procesando: https://elperiodicocr.com/ambientalismo-en-campana-quienes-estan-realmente-preparados-para-gobernar-la-crisis-ambiental/
[2026-04-26 11:40:58,037] DEBUG - elperiodicocr: [340/2088] Procesando: https://elperiodicocr.com/tse-concluye-entrega-de-material-electoral-en-todas-las-juntas-cantonales-del-pais/
[2026-04-26 11:41:03,637] DEBUG - elperiodicocr: [341/2088] Procesando: https://elperiodicocr.com/tse-impone-medida-cautelar-a-laura-fernandez-fabricio-alvarado-y-pastores-por-uso-de-motivos-religiosos-en-campana/
[2026-04-26 11:41:09,068] DEBUG - elperiodicocr: [342/2088] Procesando: https://elperiodicocr.com/jose-aguilar-berrocal-denuncia-presiones-y-amenazas-chavistas-a-su-entorno-politico-y-financiero/
[2026-04-26 11:41:14,707] DEBUG - elperiodicocr: [343/2088] Procesando: https://elperiodicocr.com/oij-pide-levantar-secreto-bancario-de-gilbert-jimenez-presidente-de-comision-de-seguridad-y-narcotrafico/
[2026-04-26 11:41:20,248] DEBUG - elperiodicocr: [344/2088] Procesando: https://elperiodicocr.com/guatemala-presidente-declara-estado-de-sitio-tras-ola-de-violencia-entre-pandillas/
[2026-04-26 11:41:27,078] DEBUG - elperiodicocr: [345/2088] Procesando: https://elperiodicocr.com/ee-uu-exige-a-daniel-ortega-y-rosario-murillo-la-liberacion-incondicional-de-todos-los-presos-politicos/
[2026-04-26 11:41:33,076] DEBUG - elperiodicocr: [346/2088] Procesando: https://elperiodicocr.com/guatemala-suspende-clases-ante-ola-de-violencia-por-parte-de-las-pandillas/
[2026-04-26 11:41:38,953] DEBUG - elperiodicocr: [347/2088] Procesando: https://elperiodicocr.com/tse-investiga-supuesta-negociacion-de-cargos-publicos-entre-laura-fernandez-y-pastores-evangelicos/
[2026-04-26 11:41:44,608] DEBUG - elperiodicocr: [348/2088] Procesando: https://elperiodicocr.com/venezuela-director-de-la-cia-se-habria-reunido-con-delcy-rodriguez/
[2026-04-26 11:41:50,163] DEBUG - elperiodicocr: [349/2088] Procesando: https://elperiodicocr.com/ungidos-para-gobernar-laura-fernandez-y-pastores-pactan-cargos-y-poder-desde-el-pulpito/
[2026-04-26 11:41:55,937] DEBUG - elperiodicocr: [350/2088] Procesando: https://elperiodicocr.com/semanario-universidad-denuncia-agresiones-verbales-de-chavistas-por-su-labor-periodistica/
[2026-04-26 11:42:01,739] DEBUG - elperiodicocr: [351/2088] Procesando: https://elperiodicocr.com/bukele-llego-a-costa-rica-por-la-primera-piedra-de-una-megacarcel-que-no-puso/
[2026-04-26 11:42:07,811] DEBUG - elperiodicocr: [352/2088] Procesando: https://elperiodicocr.com/ramos-la-visita-de-nayib-bukele-no-es-prudente-en-medio-de-una-campana-politica/
[2026-04-26 11:42:13,438] DEBUG - elperiodicocr: [353/2088] Procesando: https://elperiodicocr.com/estados-unidos-suspende-la-emision-de-visas-de-inmigrante-para-75-paises/
[2026-04-26 11:42:18,838] DEBUG - elperiodicocr: [354/2088] Procesando: https://elperiodicocr.com/dinamarca-aumenta-presencia-militar-en-groenlandia-tras-amenazas-de-trump/
[2026-04-26 11:42:24,801] DEBUG - elperiodicocr: [355/2088] Procesando: https://elperiodicocr.com/conapdis-deja-indefensas-a-personas-con-discapacidad-recorta-subsidios-de-vivienda-medicina-y-servicios/
[2026-04-26 11:42:30,568] DEBUG - elperiodicocr: [356/2088] Procesando: https://elperiodicocr.com/fa-se-desliga-de-mujer-que-habria-amenazado-a-muerte-a-presidente-chaves/
[2026-04-26 11:42:36,251] DEBUG - elperiodicocr: [357/2088] Procesando: https://elperiodicocr.com/9-de-10-equipos-de-futbol-de-primera-division-al-dia-con-la-ccss/
[2026-04-26 11:42:41,867] DEBUG - elperiodicocr: [358/2088] Procesando: https://elperiodicocr.com/dis-denuncia-supuesto-plan-para-asesinar-a-rodrigo-chaves/
[2026-04-26 11:42:47,527] DEBUG - elperiodicocr: [359/2088] Procesando: https://elperiodicocr.com/iran-reportes-senalan-2000-muertos-en-protestas-trump-pide-seguir-protestando-y-guardia-islamica-prepara-ejercito/
[2026-04-26 11:42:53,319] DEBUG - elperiodicocr: [360/2088] Procesando: https://elperiodicocr.com/allanan-casa-de-alcaldesa-de-puriscal-por-al-menos-cuatro-delitos-busca-diputacion-por-pln/
[2026-04-26 11:42:59,020] DEBUG - elperiodicocr: [361/2088] Procesando: https://elperiodicocr.com/hidalgo-es-sospechoso-que-bukele-venga-en-campana-a-inspeccionar-una-carcel-que-no-ha-empezado-a-construirse/
[2026-04-26 11:43:04,776] DEBUG - elperiodicocr: [362/2088] Procesando: https://elperiodicocr.com/presidenta-ins-revela-posible-trafico-de-influencias-de-diputado-tras-choque-en-moto-focos-hacia-leslye-bojorges/
[2026-04-26 11:43:10,870] DEBUG - elperiodicocr: [363/2088] Procesando: https://elperiodicocr.com/sube-a-41-la-cifra-de-opositores-liberados-en-venezuela-caracas-senala-116-nuevas-excarcelaciones/
[2026-04-26 11:43:16,890] DEBUG - elperiodicocr: [364/2088] Procesando: https://elperiodicocr.com/jose-aguilar-el-chavismo-esta-desesperado-en-traer-a-bukele-porque-no-confia-en-el-liderazgo-de-laura-fernandez/
[2026-04-26 11:43:22,325] DEBUG - elperiodicocr: [365/2088] Procesando: https://elperiodicocr.com/claudio-alpizar-si-laura-fernandez-queda-esperen-mas-de-6000-o-7000-muertos-en-su-gobierno/
[2026-04-26 11:43:27,972] DEBUG - elperiodicocr: [366/2088] Procesando: https://elperiodicocr.com/candidata-propone-que-mopt-se-encargue-de-construir-escuelas-y-colegios/
[2026-04-26 11:43:33,627] DEBUG - elperiodicocr: [367/2088] Procesando: https://elperiodicocr.com/tse-arrancara-el-proximo-lunes-a-distribuir-material-electoral/
[2026-04-26 11:43:39,305] DEBUG - elperiodicocr: [368/2088] Procesando: https://elperiodicocr.com/senado-de-ee-uu-limita-los-poderes-de-guerra-de-trump-en-venezuela/
[2026-04-26 11:43:44,943] DEBUG - elperiodicocr: [369/2088] Procesando: https://elperiodicocr.com/ariel-robles-se-ausentara-del-congreso-en-enero-y-renuncia-al-cobro-de-dietas-para-dedicarse-a-su-campana/
[2026-04-26 11:43:51,228] DEBUG - elperiodicocr: [370/2088] Procesando: https://elperiodicocr.com/mas-de-10-mil-conductores-multados-en-2025-por-infringir-restriccion-vehicular-por-placas/
[2026-04-26 11:43:56,791] DEBUG - elperiodicocr: [371/2088] Procesando: https://elperiodicocr.com/nicaragua-rosario-murillo-extrema-vigilancia-en-barrios-y-redes-sociales-tras-captura-de-maduro/
[2026-04-26 11:44:02,263] DEBUG - elperiodicocr: [372/2088] Procesando: https://elperiodicocr.com/sin-prueba-alguna-chaves-acusa-a-poder-judicial-de-querer-incidir-en-elecciones-2026/
[2026-04-26 11:44:07,940] DEBUG - elperiodicocr: [373/2088] Procesando: https://elperiodicocr.com/pilar-cisneros-ordeno-a-laura-fernandez-no-asistir-en-el-debate-de-canal-7/
[2026-04-26 11:44:13,703] DEBUG - elperiodicocr: [374/2088] Procesando: https://elperiodicocr.com/ee-uu-captura-buques-rusos-en-el-atlantico-norte-y-el-caribe-moscu-lo-tilda-de-pirateria/
[2026-04-26 11:44:19,341] DEBUG - elperiodicocr: [375/2088] Procesando: https://elperiodicocr.com/encuesta-cid-gallup-laura-fernandez-con-amplia-ventaja-y-rumbo-a-ganar-en-primera-ronda/
[2026-04-26 11:44:25,117] DEBUG - elperiodicocr: [376/2088] Procesando: https://elperiodicocr.com/cada-14-dias-cerca-de-dos-mujeres-mueren-en-c-r-por-violencia-de-genero/
[2026-04-26 11:44:30,850] DEBUG - elperiodicocr: [377/2088] Procesando: https://elperiodicocr.com/laura-fernandez-reduce-el-debate-a-solo-4-escenarios/
[2026-04-26 11:44:36,256] DEBUG - elperiodicocr: [378/2088] Procesando: https://elperiodicocr.com/carlos-valenciano-kamer-abandona-finanzas-de-laura-fernandez/
[2026-04-26 11:44:41,874] DEBUG - elperiodicocr: [379/2088] Procesando: https://elperiodicocr.com/pani-archiva-investigacion-contra-alvaro-ramos-y-su-hija/
[2026-04-26 11:44:47,385] DEBUG - elperiodicocr: [380/2088] Procesando: https://elperiodicocr.com/laura-fernandez-rechaza-por-decima-vez-participar-en-un-debate-presidencial/
[2026-04-26 11:44:53,224] DEBUG - elperiodicocr: [381/2088] Procesando: https://elperiodicocr.com/112827-2/
[2026-04-26 11:44:59,025] DEBUG - elperiodicocr: [382/2088] Procesando: https://elperiodicocr.com/natalia-diaz-plantea-eliminar-convenio-de-200-dias-lectivos/
[2026-04-26 11:45:04,525] DEBUG - elperiodicocr: [383/2088] Procesando: https://elperiodicocr.com/constructora-meco-obtiene-certifcacion-de-carbono-neutral/
[2026-04-26 11:45:10,097] DEBUG - elperiodicocr: [384/2088] Procesando: https://elperiodicocr.com/madre-entrego-a-su-hija-de-15-anos-como-pago-de-deuda-gota-a-gota/
[2026-04-26 11:45:16,060] DEBUG - elperiodicocr: [385/2088] Procesando: https://elperiodicocr.com/maduro-se-declara-inocente-sigo-siendo-el-presidente-de-venezuela/
[2026-04-26 11:45:21,835] DEBUG - elperiodicocr: [386/2088] Procesando: https://elperiodicocr.com/trump-vamos-a-administrar-venezuela-hasta-una-transicion-segura/
[2026-04-26 11:45:27,554] DEBUG - elperiodicocr: [387/2088] Procesando: https://elperiodicocr.com/maduro-decreta-estado-de-conmocion-lucha-en-las-calles-y-movilizacion-popular-contra-ee-uu/
[2026-04-26 11:45:33,025] DEBUG - elperiodicocr: [388/2088] Procesando: https://elperiodicocr.com/fuertes-explosiones-y-sobrevuelos-de-aviones-y-helicopteros-estadounidenses-se-reportan-en-caracas/
[2026-04-26 11:45:38,578] DEBUG - elperiodicocr: [389/2088] Procesando: https://elperiodicocr.com/regidor-del-frente-amplio-defiende-solicitud-de-apoyo-municipal-para-viaje-a-singapur/
[2026-04-26 11:45:43,062] WARNING - elperiodicocr: Sin texto extraído: https://elperiodicocr.com/regidor-del-frente-amplio-defiende-solicitud-de-apoyo-municipal-para-viaje-a-singapur/
[2026-04-26 11:45:44,101] DEBUG - elperiodicocr: [390/2088] Procesando: https://elperiodicocr.com/pueblo-soberano-utiliza-imagen-de-pilar-cisneros-en-vallas-para-impulsar-candidaturas-a-diputaciones/
[2026-04-26 11:45:49,638] DEBUG - elperiodicocr: [391/2088] Procesando: https://elperiodicocr.com/oij-confirma-que-una-de-las-victimas-del-triple-homicidio-en-la-union-era-menor-de-edad/
[2026-04-26 11:45:54,144] WARNING - elperiodicocr: Sin texto extraído: https://elperiodicocr.com/oij-confirma-que-una-de-las-victimas-del-triple-homicidio-en-la-union-era-menor-de-edad/
[2026-04-26 11:45:55,170] DEBUG - elperiodicocr: [392/2088] Procesando: https://elperiodicocr.com/mas-de-249-mil-conductores-aun-no-han-pagado-el-marchamo-2026/
[2026-04-26 11:45:57,653] WARNING - elperiodicocr: Sin texto extraído: https://elperiodicocr.com/mas-de-249-mil-conductores-aun-no-han-pagado-el-marchamo-2026/
[2026-04-26 11:45:58,675] DEBUG - elperiodicocr: [393/2088] Procesando: https://elperiodicocr.com/hombre-fallece-tras-ser-atropellado-en-la-ruta-27/
[2026-04-26 11:46:03,065] WARNING - elperiodicocr: Sin texto extraído: https://elperiodicocr.com/hombre-fallece-tras-ser-atropellado-en-la-ruta-27/
[2026-04-26 11:46:04,093] DEBUG - elperiodicocr: [394/2088] Procesando: https://elperiodicocr.com/cruz-roja-ha-atendido-a-123-personas-durante-las-fiestas-de-zapote/
[2026-04-26 11:46:08,486] WARNING - elperiodicocr: Sin texto extraído: https://elperiodicocr.com/cruz-roja-ha-atendido-a-123-personas-durante-las-fiestas-de-zapote/
[2026-04-26 11:46:09,507] DEBUG - elperiodicocr: [395/2088] Procesando: https://elperiodicocr.com/ana-virginia-calzada-critica-al-oficialismo-en-mensaje-de-ano-nuevo/
[2026-04-26 11:46:13,912] WARNING - elperiodicocr: Sin texto extraído: https://elperiodicocr.com/ana-virginia-calzada-critica-al-oficialismo-en-mensaje-de-ano-nuevo/
[2026-04-26 11:46:14,935] DEBUG - elperiodicocr: [396/2088] Procesando: https://elperiodicocr.com/costa-rica-se-prepara-para-las-elecciones-nacionales-del-1-o-de-febrero/
[2026-04-26 11:46:19,229] WARNING - elperiodicocr: Sin texto extraído: https://elperiodicocr.com/costa-rica-se-prepara-para-las-elecciones-nacionales-del-1-o-de-febrero/
[2026-04-26 11:46:20,247] DEBUG - elperiodicocr: [397/2088] Procesando: https://elperiodicocr.com/regidor-del-fa-intento-que-muni-de-sj-le-patrocinara-boleto-a-singapur-para-recibir-beca/
[2026-04-26 11:46:24,583] WARNING - elperiodicocr: Sin texto extraído: https://elperiodicocr.com/regidor-del-fa-intento-que-muni-de-sj-le-patrocinara-boleto-a-singapur-para-recibir-beca/
[2026-04-26 11:46:25,620] DEBUG - elperiodicocr: [398/2088] Procesando: https://elperiodicocr.com/celso-gamboa-vinculado-a-intento-de-ingresar-10-millones-al-mercado-de-valores-segun-exgerente-del-ins/
[2026-04-26 11:46:31,213] DEBUG - elperiodicocr: [399/2088] Procesando: https://elperiodicocr.com/undeca-denuncia-persistencia-de-fallas-graves-en-el-sistema-erp-sap-de-la-ccss/
[2026-04-26 11:46:35,585] WARNING - elperiodicocr: Sin texto extraído: https://elperiodicocr.com/undeca-denuncia-persistencia-de-fallas-graves-en-el-sistema-erp-sap-de-la-ccss/
[2026-04-26 11:46:36,612] DEBUG - elperiodicocr: [400/2088] Procesando: https://elperiodicocr.com/trabajadores-de-autobuses-de-guadalupe-conforman-seccional-sindical-y-denuncian-presuntas-irregularidades-laborales/
[2026-04-26 11:46:40,965] WARNING - elperiodicocr: Sin texto extraído: https://elperiodicocr.com/trabajadores-de-autobuses-de-guadalupe-conforman-seccional-sindical-y-denuncian-presuntas-irregularidades-laborales/
[2026-04-26 11:46:41,986] DEBUG - elperiodicocr: [401/2088] Procesando: https://elperiodicocr.com/ruta-27-tendra-nuevos-peajes-a-partir-del-1-o-de-enero-de-2026/
[2026-04-26 11:46:46,849] WARNING - elperiodicocr: Sin texto extraído: https://elperiodicocr.com/ruta-27-tendra-nuevos-peajes-a-partir-del-1-o-de-enero-de-2026/
[2026-04-26 11:46:47,868] DEBUG - elperiodicocr: [402/2088] Procesando: https://elperiodicocr.com/cruz-roja-reporta-mas-de-3-000-incidentes-entre-24-y-25-de-diciembre/
[2026-04-26 11:46:53,500] DEBUG - elperiodicocr: [403/2088] Procesando: https://elperiodicocr.com/menor-de-12-anos-fallece-tras-accidente-en-motocicleta-en-santa-ana/
[2026-04-26 11:46:57,865] WARNING - elperiodicocr: Sin texto extraído: https://elperiodicocr.com/menor-de-12-anos-fallece-tras-accidente-en-motocicleta-en-santa-ana/
[2026-04-26 11:46:58,889] DEBUG - elperiodicocr: [404/2088] Procesando: https://elperiodicocr.com/fallece-viceministra-de-paz-nathalie-artavia-chavarria/
[2026-04-26 11:47:03,426] WARNING - elperiodicocr: Sin texto extraído: https://elperiodicocr.com/fallece-viceministra-de-paz-nathalie-artavia-chavarria/
[2026-04-26 11:47:04,455] DEBUG - elperiodicocr: [405/2088] Procesando: https://elperiodicocr.com/ticos-deberan-cumplir-nuevo-requisito-para-ingresar-al-reino-unido-en-2026/
[2026-04-26 11:47:09,878] DEBUG - elperiodicocr: [406/2088] Procesando: https://elperiodicocr.com/tse-advierte-a-sinart-por-difundir-propaganda-a-favor-de-laura-fernandez/
[2026-04-26 11:47:15,518] DEBUG - elperiodicocr: [407/2088] Procesando: https://elperiodicocr.com/ordenan-tres-meses-mas-de-prision-preventiva-a-presunta-organizacion-criminal-en-limon/
[2026-04-26 11:47:20,310] WARNING - elperiodicocr: Sin texto extraído: https://elperiodicocr.com/ordenan-tres-meses-mas-de-prision-preventiva-a-presunta-organizacion-criminal-en-limon/
[2026-04-26 11:47:21,339] DEBUG - elperiodicocr: [408/2088] Procesando: https://elperiodicocr.com/laura-fernandez-participara-en-debate-presidencial-organizado-por-grupo-repretel/
[2026-04-26 11:47:25,776] WARNING - elperiodicocr: Sin texto extraído: https://elperiodicocr.com/laura-fernandez-participara-en-debate-presidencial-organizado-por-grupo-repretel/
[2026-04-26 11:47:26,801] DEBUG - elperiodicocr: [409/2088] Procesando: https://elperiodicocr.com/servicios-de-sinpe-operaran-con-normalidad-durante-fin-e-inicio-de-ano-aclara-el-bccr/
[2026-04-26 11:47:31,043] WARNING - elperiodicocr: Sin texto extraído: https://elperiodicocr.com/servicios-de-sinpe-operaran-con-normalidad-durante-fin-e-inicio-de-ano-aclara-el-bccr/
[2026-04-26 11:47:32,074] DEBUG - elperiodicocr: [410/2088] Procesando: https://elperiodicocr.com/imn-preve-continuidad-de-vientos-fuertes-y-poca-nubosidad-este-lunes/
[2026-04-26 11:47:36,675] WARNING - elperiodicocr: Sin texto extraído: https://elperiodicocr.com/imn-preve-continuidad-de-vientos-fuertes-y-poca-nubosidad-este-lunes/
[2026-04-26 11:47:37,711] DEBUG - elperiodicocr: [411/2088] Procesando: https://elperiodicocr.com/motociclista-fallece-tras-chocar-contra-una-palmera-en-quepos/
[2026-04-26 11:47:43,904] DEBUG - elperiodicocr: [412/2088] Procesando: https://elperiodicocr.com/desmienten-acercamiento-entre-alvaro-ramos-y-antonio-alvarez-desanti/
[2026-04-26 11:47:48,483] WARNING - elperiodicocr: Sin texto extraído: https://elperiodicocr.com/desmienten-acercamiento-entre-alvaro-ramos-y-antonio-alvarez-desanti/
[2026-04-26 11:47:49,517] DEBUG - elperiodicocr: [413/2088] Procesando: https://elperiodicocr.com/chaves-cumple10-meses-sin-nombrar-ministro-de-la-presidencia-y-mantiene-negativa-por-relacion-con-el-congreso/
[2026-04-26 11:47:53,824] WARNING - elperiodicocr: Sin texto extraído: https://elperiodicocr.com/chaves-cumple10-meses-sin-nombrar-ministro-de-la-presidencia-y-mantiene-negativa-por-relacion-con-el-congreso/
[2026-04-26 11:47:54,850] DEBUG - elperiodicocr: [414/2088] Procesando: https://elperiodicocr.com/fernando-zamora-denuncia-nuevas-regulaciones-al-transporte-de-ganado-y-senala-afectacion-al-pequeno-productor/
[2026-04-26 11:47:59,218] WARNING - elperiodicocr: Sin texto extraído: https://elperiodicocr.com/fernando-zamora-denuncia-nuevas-regulaciones-al-transporte-de-ganado-y-senala-afectacion-al-pequeno-productor/
[2026-04-26 11:48:00,251] DEBUG - elperiodicocr: [415/2088] Procesando: https://elperiodicocr.com/gilberto-campos-critica-al-gobierno-por-retrocesos-en-libertad-de-expresion-y-estado-de-derecho/
[2026-04-26 11:48:05,447] WARNING - elperiodicocr: Sin texto extraído: https://elperiodicocr.com/gilberto-campos-critica-al-gobierno-por-retrocesos-en-libertad-de-expresion-y-estado-de-derecho/
[2026-04-26 11:48:06,471] DEBUG - elperiodicocr: [416/2088] Procesando: https://elperiodicocr.com/tse-prohibe-ingreso-de-animales-los-recintos-de-votacion-para-las-elecciones-de-2026/
[2026-04-26 11:48:11,965] DEBUG - elperiodicocr: [417/2088] Procesando: https://elperiodicocr.com/diputado-del-pusc-arremete-contra-presidenta-del-pani-por-falta-de-apoyo-a-proyecto-en-favor-de-la-ninez/
[2026-04-26 11:48:17,583] DEBUG - elperiodicocr: [418/2088] Procesando: https://elperiodicocr.com/juez-frena-salida-de-autobusera-morosa-con-la-caja-ligada-a-representante-de-empresarios-en-el-ctp/
[2026-04-26 11:48:23,018] DEBUG - elperiodicocr: [419/2088] Procesando: https://elperiodicocr.com/gobierno-impulsa-nuevo-plan-de-eurobonos-que-aumentaria-deuda-externa-sin-condiciones-claras/
[2026-04-26 11:48:28,762] DEBUG - elperiodicocr: [420/2088] Procesando: https://elperiodicocr.com/exgerente-del-ins-denuncia-presiones-para-ingresar-10-millones-a-traves-del-puesto-de-bolsa/
[2026-04-26 11:48:33,240] WARNING - elperiodicocr: Sin texto extraído: https://elperiodicocr.com/exgerente-del-ins-denuncia-presiones-para-ingresar-10-millones-a-traves-del-puesto-de-bolsa/
[2026-04-26 11:48:34,265] DEBUG - elperiodicocr: [421/2088] Procesando: https://elperiodicocr.com/argentina-miles-de-personas-marchan-contra-reforma-laboral-de-milei/
[2026-04-26 11:48:40,044] DEBUG - elperiodicocr: [422/2088] Procesando: https://elperiodicocr.com/diputada-kattia-cambronero-arremete-contra-pilar-cisneros-durante-sesion-legislativa/
[2026-04-26 11:48:44,286] WARNING - elperiodicocr: Sin texto extraído: https://elperiodicocr.com/diputada-kattia-cambronero-arremete-contra-pilar-cisneros-durante-sesion-legislativa/
[2026-04-26 11:48:45,311] DEBUG - elperiodicocr: [423/2088] Procesando: https://elperiodicocr.com/rodrigo-chaves-defiende-decision-legislativa-y-critica-al-tse-tras-votacion-sobre-su-inmunidad/
[2026-04-26 11:48:49,773] WARNING - elperiodicocr: Sin texto extraído: https://elperiodicocr.com/rodrigo-chaves-defiende-decision-legislativa-y-critica-al-tse-tras-votacion-sobre-su-inmunidad/
[2026-04-26 11:48:50,806] DEBUG - elperiodicocr: [424/2088] Procesando: https://elperiodicocr.com/ariel-robles-critica-al-presidente-chaves-por-investigacion-del-pani-relacionada-con-hija-de-alvaro-ramos/
[2026-04-26 11:48:55,366] WARNING - elperiodicocr: Sin texto extraído: https://elperiodicocr.com/ariel-robles-critica-al-presidente-chaves-por-investigacion-del-pani-relacionada-con-hija-de-alvaro-ramos/
[2026-04-26 11:48:56,396] DEBUG - elperiodicocr: [425/2088] Procesando: https://elperiodicocr.com/incendio-mortal-dejo-cuatro-fallecidos-vivienda-solo-tenia-una-salida-confirma-bomberos/
[2026-04-26 11:49:00,782] WARNING - elperiodicocr: Sin texto extraído: https://elperiodicocr.com/incendio-mortal-dejo-cuatro-fallecidos-vivienda-solo-tenia-una-salida-confirma-bomberos/
[2026-04-26 11:49:01,807] DEBUG - elperiodicocr: [426/2088] Procesando: https://elperiodicocr.com/claudia-dobles-expresa-solidaridad-con-alvaro-ramos-y-critica-actuacion-del-pani/
[2026-04-26 11:49:06,372] WARNING - elperiodicocr: Sin texto extraído: https://elperiodicocr.com/claudia-dobles-expresa-solidaridad-con-alvaro-ramos-y-critica-actuacion-del-pani/
[2026-04-26 11:49:07,405] DEBUG - elperiodicocr: [427/2088] Procesando: https://elperiodicocr.com/ice-kolbi-y-tafs-reciben-en-limon-el-cable-submarino-tam-1-para-fortalecer-la-conectividad-internacional/
[2026-04-26 11:49:11,818] WARNING - elperiodicocr: Sin texto extraído: https://elperiodicocr.com/ice-kolbi-y-tafs-reciben-en-limon-el-cable-submarino-tam-1-para-fortalecer-la-conectividad-internacional/
[2026-04-26 11:49:12,837] DEBUG - elperiodicocr: [428/2088] Procesando: https://elperiodicocr.com/tse-se-pronuncia-tras-decision-legislativa-de-no-levantar-la-inmunidad-al-presidente-rodrigo-chaves/
[2026-04-26 11:49:17,216] WARNING - elperiodicocr: Sin texto extraído: https://elperiodicocr.com/tse-se-pronuncia-tras-decision-legislativa-de-no-levantar-la-inmunidad-al-presidente-rodrigo-chaves/
[2026-04-26 11:49:18,244] DEBUG - elperiodicocr: [429/2088] Procesando: https://elperiodicocr.com/laura-chinchilla-cuestiona-al-pani-por-investigacion-sobre-participacion-de-menor-en-actividad-politica/
[2026-04-26 11:49:20,874] WARNING - elperiodicocr: Sin texto extraído: https://elperiodicocr.com/laura-chinchilla-cuestiona-al-pani-por-investigacion-sobre-participacion-de-menor-en-actividad-politica/
[2026-04-26 11:49:21,906] DEBUG - elperiodicocr: [430/2088] Procesando: https://elperiodicocr.com/ofelia-taitelbaum-a-casa-por-carcel-y-con-tobillera/
[2026-04-26 11:49:27,430] DEBUG - elperiodicocr: [431/2088] Procesando: https://elperiodicocr.com/nueva-republica-y-pusc-le-sirven-de-alfombra-a-chaves-y-salvan-su-inmunidad/
[2026-04-26 11:49:33,568] DEBUG - elperiodicocr: [432/2088] Procesando: https://elperiodicocr.com/chaves-mantiene-su-inmunidad-al-congreso-le-faltaron-tres-votos-para-levantar-el-fuero/
[2026-04-26 11:49:39,135] DEBUG - elperiodicocr: [433/2088] Procesando: https://elperiodicocr.com/red-motors-dona-vehiculos-bmw-infantiles-al-hospital-monsenor-sanabria-para-beneficiar-a-pacientes-pediatricos/
[2026-04-26 11:49:43,477] WARNING - elperiodicocr: Sin texto extraído: https://elperiodicocr.com/red-motors-dona-vehiculos-bmw-infantiles-al-hospital-monsenor-sanabria-para-beneficiar-a-pacientes-pediatricos/
[2026-04-26 11:49:44,498] DEBUG - elperiodicocr: [434/2088] Procesando: https://elperiodicocr.com/embajada-de-peru-lanza-pasaporte-gastronomico-en-c-r/
[2026-04-26 11:49:50,228] DEBUG - elperiodicocr: [435/2088] Procesando: https://elperiodicocr.com/pero-quitaron-la-educacion-sexual-pacifico-central-registra-aumento-en-embarazo-adolescente-y-ets/
[2026-04-26 11:49:55,886] DEBUG - elperiodicocr: [436/2088] Procesando: https://elperiodicocr.com/tse-pide-a-partidos-politicos-que-acrediten-fiscales/
[2026-04-26 11:50:01,611] DEBUG - elperiodicocr: [437/2088] Procesando: https://elperiodicocr.com/dato-mata-mentira-asamblea-si-informo-a-chaves-reglas-de-discusion-sobre-su-inmunidad/
[2026-04-26 11:50:07,622] DEBUG - elperiodicocr: [438/2088] Procesando: https://elperiodicocr.com/sociedad-portuaria-de-caldera-dona-200-regalos-a-la-asociacion-obras-del-espiritu-santo/
[2026-04-26 11:50:12,353] WARNING - elperiodicocr: Sin texto extraído: https://elperiodicocr.com/sociedad-portuaria-de-caldera-dona-200-regalos-a-la-asociacion-obras-del-espiritu-santo/
[2026-04-26 11:50:13,371] DEBUG - elperiodicocr: [439/2088] Procesando: https://elperiodicocr.com/arranca-tregua-electoral-navidena-como-funciona/
[2026-04-26 11:50:18,821] DEBUG - elperiodicocr: [440/2088] Procesando: https://elperiodicocr.com/embajada-de-eeuu-con-el-pusc-previo-a-votacion-sobre-inmunidad-de-chaves/
[2026-04-26 11:50:24,160] DEBUG - elperiodicocr: [441/2088] Procesando: https://elperiodicocr.com/diputada-kattia-cambronero-alerta-sobre-riesgos-para-la-democracia-y-la-libertad-de-expresion-en-costa-rica/
[2026-04-26 11:50:28,668] WARNING - elperiodicocr: Sin texto extraído: https://elperiodicocr.com/diputada-kattia-cambronero-alerta-sobre-riesgos-para-la-democracia-y-la-libertad-de-expresion-en-costa-rica/
[2026-04-26 11:50:29,699] DEBUG - elperiodicocr: [442/2088] Procesando: https://elperiodicocr.com/trump-declara-al-fentanilo-arma-de-destruccion-masiva/
[2026-04-26 11:50:35,085] DEBUG - elperiodicocr: [443/2088] Procesando: https://elperiodicocr.com/presidente-rodrigo-chaves-no-comparecera-ante-la-asamblea-legislativa-este-martes/
[2026-04-26 11:50:40,709] WARNING - elperiodicocr: Sin texto extraído: https://elperiodicocr.com/presidente-rodrigo-chaves-no-comparecera-ante-la-asamblea-legislativa-este-martes/
[2026-04-26 11:50:41,746] DEBUG - elperiodicocr: [444/2088] Procesando: https://elperiodicocr.com/adulto-mayor-muere-tras-ataque-a-balazos-en-desamparados/
[2026-04-26 11:50:46,175] WARNING - elperiodicocr: Sin texto extraído: https://elperiodicocr.com/adulto-mayor-muere-tras-ataque-a-balazos-en-desamparados/
[2026-04-26 11:50:47,200] DEBUG - elperiodicocr: [445/2088] Procesando: https://elperiodicocr.com/diputado-antonio-ortega-cuestiona-cercania-del-presidente-chaves-con-nayib-bukele/
[2026-04-26 11:50:51,417] WARNING - elperiodicocr: Sin texto extraído: https://elperiodicocr.com/diputado-antonio-ortega-cuestiona-cercania-del-presidente-chaves-con-nayib-bukele/
[2026-04-26 11:50:52,431] DEBUG - elperiodicocr: [446/2088] Procesando: https://elperiodicocr.com/nicaragua-y-venezuela-acuerdan-plan-de-apoyo-energetico-para-cuba/
[2026-04-26 11:50:57,942] DEBUG - elperiodicocr: [447/2088] Procesando: https://elperiodicocr.com/diputada-pln-no-estaria-en-votacion-sobre-inmunidad-presidencial-por-cirugia-estetica/
[2026-04-26 11:51:03,459] DEBUG - elperiodicocr: [448/2088] Procesando: https://elperiodicocr.com/frenarian-pago-de-dietas-a-diputados-que-se-ausenten-de-plenario-para-hacer-campana-politica/
[2026-04-26 11:51:08,987] DEBUG - elperiodicocr: [449/2088] Procesando: https://elperiodicocr.com/diputado-daniel-vargas-cuestiona-solicitud-de-levantamiento-de-inmunidad-al-presidente-chaves/
[2026-04-26 11:51:13,401] WARNING - elperiodicocr: Sin texto extraído: https://elperiodicocr.com/diputado-daniel-vargas-cuestiona-solicitud-de-levantamiento-de-inmunidad-al-presidente-chaves/
[2026-04-26 11:51:14,425] DEBUG - elperiodicocr: [450/2088] Procesando: https://elperiodicocr.com/demoscopia-el-40-del-electorado-sigue-indeciso-y-definira-el-verdadero-pulso-de-las-elecciones-2026/
[2026-04-26 11:51:20,094] DEBUG - elperiodicocr: [451/2088] Procesando: https://elperiodicocr.com/movimiento-encuentro-nacional-respalda-al-partido-nueva-generacion-y-a-fernando-zamora/
[2026-04-26 11:51:25,692] DEBUG - elperiodicocr: [452/2088] Procesando: https://elperiodicocr.com/opinion-inseguridad-en-los-barrios-condiciona-la-vida-diaria-y-debilita-la-convivencia-social/
[2026-04-26 11:51:31,212] DEBUG - elperiodicocr: [453/2088] Procesando: https://elperiodicocr.com/asamblea-legislativa-entra-en-su-ultima-semana-de-labores-antes-del-receso-de-fin-de-ano/
[2026-04-26 11:51:35,563] WARNING - elperiodicocr: Sin texto extraído: https://elperiodicocr.com/asamblea-legislativa-entra-en-su-ultima-semana-de-labores-antes-del-receso-de-fin-de-ano/
[2026-04-26 11:51:36,583] DEBUG - elperiodicocr: [454/2088] Procesando: https://elperiodicocr.com/relatora-onu-pide-a-c-r-frenar-tlc-con-israel-es-erroneo/
[2026-04-26 11:51:41,979] DEBUG - elperiodicocr: [455/2088] Procesando: https://elperiodicocr.com/proyecto-de-ley-propone-trasladar-la-infraestructura-educativa-del-mep-al-mopt/
[2026-04-26 11:51:46,461] WARNING - elperiodicocr: Sin texto extraído: https://elperiodicocr.com/proyecto-de-ley-propone-trasladar-la-infraestructura-educativa-del-mep-al-mopt/
[2026-04-26 11:51:47,490] DEBUG - elperiodicocr: [456/2088] Procesando: https://elperiodicocr.com/levantamiento-de-inmunidad-del-presidente-chaves-no-alcanzaria-los-votos-necesarios-en-el-congreso/
[2026-04-26 11:51:51,984] WARNING - elperiodicocr: Sin texto extraído: https://elperiodicocr.com/levantamiento-de-inmunidad-del-presidente-chaves-no-alcanzaria-los-votos-necesarios-en-el-congreso/
[2026-04-26 11:51:53,009] DEBUG - elperiodicocr: [457/2088] Procesando: https://elperiodicocr.com/kast-lleva-a-chile-lo-mas-a-la-derecha-que-ha-estado-el-pais-desde-pinochet/
[2026-04-26 11:51:58,517] DEBUG - elperiodicocr: [458/2088] Procesando: https://elperiodicocr.com/museo-del-louvre-en-huelga-por-hacinamiento-inseguridad-y-excesivas-jornadas/
[2026-04-26 11:52:04,324] DEBUG - elperiodicocr: [459/2088] Procesando: https://elperiodicocr.com/calderonistas-y-partido-republicano-dan-adhesion-a-claudia-dobles/
[2026-04-26 11:52:10,117] DEBUG - elperiodicocr: [460/2088] Procesando: https://elperiodicocr.com/abogado-del-presidente-y-candidato-a-diputado-le-debe-mas-de-%c2%a2300-mills-a-la-ccss-confirma-auditoria/
[2026-04-26 11:52:15,814] DEBUG - elperiodicocr: [461/2088] Procesando: https://elperiodicocr.com/presidente-chaves-cuestiona-proceso-para-levantarle-la-inmunidad-y-critica-actuacion-del-tse-y-diputados/
[2026-04-26 11:52:20,381] WARNING - elperiodicocr: Sin texto extraído: https://elperiodicocr.com/presidente-chaves-cuestiona-proceso-para-levantarle-la-inmunidad-y-critica-actuacion-del-tse-y-diputados/
[2026-04-26 11:52:21,409] DEBUG - elperiodicocr: [462/2088] Procesando: https://elperiodicocr.com/chaves-promete-aumento-salarial-para-trabajadores-del-estado-en-plena-campana/
[2026-04-26 11:52:25,879] WARNING - elperiodicocr: Sin texto extraído: https://elperiodicocr.com/chaves-promete-aumento-salarial-para-trabajadores-del-estado-en-plena-campana/
[2026-04-26 11:52:26,900] DEBUG - elperiodicocr: [463/2088] Procesando: https://elperiodicocr.com/alvaro-ramos-reafirma-campana-austera-y-aclara-que-caso-de-san-ramon-no-esta-ligado-al-financiamiento/
[2026-04-26 11:52:31,401] WARNING - elperiodicocr: Sin texto extraído: https://elperiodicocr.com/alvaro-ramos-reafirma-campana-austera-y-aclara-que-caso-de-san-ramon-no-esta-ligado-al-financiamiento/
[2026-04-26 11:52:32,424] DEBUG - elperiodicocr: [464/2088] Procesando: https://elperiodicocr.com/oij-desarticula-uno-de-los-mayores-casos-de-pornografia-infantil-en-costa-rica-detenido-sospechoso-con-mas-de-800-videos/
[2026-04-26 11:52:37,825] DEBUG - elperiodicocr: [465/2088] Procesando: https://elperiodicocr.com/defensoria-presenta-primer-componente-del-observatorio-nacional-de-derechos-humanos-con-apoyo-del-pnud/
[2026-04-26 11:52:42,202] WARNING - elperiodicocr: Sin texto extraído: https://elperiodicocr.com/defensoria-presenta-primer-componente-del-observatorio-nacional-de-derechos-humanos-con-apoyo-del-pnud/
[2026-04-26 11:52:43,232] DEBUG - elperiodicocr: [466/2088] Procesando: https://elperiodicocr.com/canciller-baja-el-tono-ante-polemica-por-declaraciones-de-la-embajadora-catalina-crespo-sobre-reunion-en-ee-uu/
[2026-04-26 11:52:47,963] WARNING - elperiodicocr: Sin texto extraído: https://elperiodicocr.com/canciller-baja-el-tono-ante-polemica-por-declaraciones-de-la-embajadora-catalina-crespo-sobre-reunion-en-ee-uu/
[2026-04-26 11:52:49,001] DEBUG - elperiodicocr: [467/2088] Procesando: https://elperiodicocr.com/pusc-juan-carlos-hidalgo-recibe-respaldo-del-partido-popular-europeo-para-combatir-el-crimen-organizado/
[2026-04-26 11:52:53,482] WARNING - elperiodicocr: Sin texto extraído: https://elperiodicocr.com/pusc-juan-carlos-hidalgo-recibe-respaldo-del-partido-popular-europeo-para-combatir-el-crimen-organizado/
[2026-04-26 11:52:54,541] DEBUG - elperiodicocr: [468/2088] Procesando: https://elperiodicocr.com/diputada-pusc-prohibiria-redes-sociales-a-menores-de-14-anos/
[2026-04-26 11:53:00,074] DEBUG - elperiodicocr: [469/2088] Procesando: https://elperiodicocr.com/continuan-las-alertas-por-fallas-en-la-implementacion-del-sistema-rpsap-en-la-caja-costarricense-del-seguro-social/
[2026-04-26 11:53:04,729] WARNING - elperiodicocr: Sin texto extraído: https://elperiodicocr.com/continuan-las-alertas-por-fallas-en-la-implementacion-del-sistema-rpsap-en-la-caja-costarricense-del-seguro-social/
[2026-04-26 11:53:05,759] DEBUG - elperiodicocr: [470/2088] Procesando: https://elperiodicocr.com/laura-fernandez-amplia-su-ventaja-rumbo-a-las-elecciones-de-2026-segun-encuesta-de-opol-consultores/
[2026-04-26 11:53:11,312] DEBUG - elperiodicocr: [471/2088] Procesando: https://elperiodicocr.com/tse-y-fundacion-konrad-adenauer-refuerzan-cooperacion-de-cara-a-las-elecciones-nacionales-de-2026/
[2026-04-26 11:53:15,901] WARNING - elperiodicocr: Sin texto extraído: https://elperiodicocr.com/tse-y-fundacion-konrad-adenauer-refuerzan-cooperacion-de-cara-a-las-elecciones-nacionales-de-2026/
[2026-04-26 11:53:16,923] DEBUG - elperiodicocr: [472/2088] Procesando: https://elperiodicocr.com/dolar-rompe-la-barrera-de-%c2%a2500-por-primera-vez-en-20-anos/
[2026-04-26 11:53:22,487] DEBUG - elperiodicocr: [473/2088] Procesando: https://elperiodicocr.com/somos-la-opcion-capaz-de-ganarle-a-laura-fernandez-asegura-claudia-dobles/
[2026-04-26 11:53:28,012] DEBUG - elperiodicocr: [474/2088] Procesando: https://elperiodicocr.com/gerald-bogantes-candidato-a-diputado-del-ppso-pide-proteger-el-deporte-de-agendas-ideologicas/
[2026-04-26 11:53:32,462] WARNING - elperiodicocr: Sin texto extraído: https://elperiodicocr.com/gerald-bogantes-candidato-a-diputado-del-ppso-pide-proteger-el-deporte-de-agendas-ideologicas/
[2026-04-26 11:53:33,480] DEBUG - elperiodicocr: [475/2088] Procesando: https://elperiodicocr.com/laura-fernandez-amplia-ventaja-y-lidera-intencion-de-voto-con-328-segun-encuesta-de-idespo-una/
[2026-04-26 11:53:37,845] WARNING - elperiodicocr: Sin texto extraído: https://elperiodicocr.com/laura-fernandez-amplia-ventaja-y-lidera-intencion-de-voto-con-328-segun-encuesta-de-idespo-una/
[2026-04-26 11:53:38,860] DEBUG - elperiodicocr: [476/2088] Procesando: https://elperiodicocr.com/analistas-senalan-que-campana-electoral-sigue-fria-y-que-la-figura-del-presidente-chaves-domina-el-panorama-politico/
[2026-04-26 11:53:44,354] DEBUG - elperiodicocr: [477/2088] Procesando: https://elperiodicocr.com/choques-y-fallos-en-semaforos-provocan-fuerte-congestion-vial-en-san-jose-este-lunes/
[2026-04-26 11:53:48,881] WARNING - elperiodicocr: Sin texto extraído: https://elperiodicocr.com/choques-y-fallos-en-semaforos-provocan-fuerte-congestion-vial-en-san-jose-este-lunes/
[2026-04-26 11:53:49,909] DEBUG - elperiodicocr: [478/2088] Procesando: https://elperiodicocr.com/c-r-e-israel-suscriben-tlc-decision-final-queda-en-manos-de-los-diputados/
[2026-04-26 11:53:55,509] DEBUG - elperiodicocr: [479/2088] Procesando: https://elperiodicocr.com/tras-perder-rutas-empresario-cercano-a-chaves-busca-arreglo-con-la-ccss-para-recuperar-permiso-del-ctp/
[2026-04-26 11:54:00,938] DEBUG - elperiodicocr: [480/2088] Procesando: https://elperiodicocr.com/venezuela-maduro-refuerza-fuerzas-armadas-con-5-600-nuevos-soldados-en-plena-tension-con-ee-uu/
[2026-04-26 11:54:06,919] DEBUG - elperiodicocr: [481/2088] Procesando: https://elperiodicocr.com/ordenan-tres-meses-de-prision-preventiva-para-sospechosos-de-homicidio-de-stephanie-morales-en-pavas/
[2026-04-26 11:54:11,360] WARNING - elperiodicocr: Sin texto extraído: https://elperiodicocr.com/ordenan-tres-meses-de-prision-preventiva-para-sospechosos-de-homicidio-de-stephanie-morales-en-pavas/
[2026-04-26 11:54:12,384] DEBUG - elperiodicocr: [482/2088] Procesando: https://elperiodicocr.com/sindicato-de-hacienda-pide-a-la-contraloria-intervenir-por-atrasos-y-fallas-en-nuevo-sistema-aduanero-atena/
[2026-04-26 11:54:17,014] WARNING - elperiodicocr: Sin texto extraído: https://elperiodicocr.com/sindicato-de-hacienda-pide-a-la-contraloria-intervenir-por-atrasos-y-fallas-en-nuevo-sistema-aduanero-atena/
[2026-04-26 11:54:18,034] DEBUG - elperiodicocr: [483/2088] Procesando: https://elperiodicocr.com/policia-de-transito-implementara-operativo-especial-por-conciertos-de-bad-bunny-en-el-estadio-nacional/
[2026-04-26 11:54:23,619] WARNING - elperiodicocr: Sin texto extraído: https://elperiodicocr.com/policia-de-transito-implementara-operativo-especial-por-conciertos-de-bad-bunny-en-el-estadio-nacional/
[2026-04-26 11:54:24,634] DEBUG - elperiodicocr: [484/2088] Procesando: https://elperiodicocr.com/los-precios-mundiales-de-los-alimentos-bajan-en-noviembre-segun-la-fao-mientras-se-proyecta-produccion-record-de-cereales-para-2025/
[2026-04-26 11:54:29,250] WARNING - elperiodicocr: Sin texto extraído: https://elperiodicocr.com/los-precios-mundiales-de-los-alimentos-bajan-en-noviembre-segun-la-fao-mientras-se-proyecta-produccion-record-de-cereales-para-2025/
[2026-04-26 11:54:30,279] DEBUG - elperiodicocr: [485/2088] Procesando: https://elperiodicocr.com/apostol-ronny-chaves-declara-guerra-espiritual-contra-bad-bunny-revertimos-sus-conjuros-satanicos/
[2026-04-26 11:54:35,803] DEBUG - elperiodicocr: [486/2088] Procesando: https://elperiodicocr.com/ortega-asegura-que-un-gobierno-del-frente-amplio-garantizara-la-libertad-de-prensa/
[2026-04-26 11:54:40,702] WARNING - elperiodicocr: Sin texto extraído: https://elperiodicocr.com/ortega-asegura-que-un-gobierno-del-frente-amplio-garantizara-la-libertad-de-prensa/
[2026-04-26 11:54:41,743] DEBUG - elperiodicocr: [487/2088] Procesando: https://elperiodicocr.com/fabricio-alvarado-los-seguidores-de-chaves-parecen-una-secta-y-casi-lo-idolatran/
[2026-04-26 11:54:47,433] DEBUG - elperiodicocr: [488/2088] Procesando: https://elperiodicocr.com/candidata-dobles-promete-ampliar-cupos-becas-y-vivienda-con-su-plan-familias-primero/
[2026-04-26 11:54:52,076] WARNING - elperiodicocr: Sin texto extraído: https://elperiodicocr.com/candidata-dobles-promete-ampliar-cupos-becas-y-vivienda-con-su-plan-familias-primero/
[2026-04-26 11:54:53,104] DEBUG - elperiodicocr: [489/2088] Procesando: https://elperiodicocr.com/ana-virginia-calzada-propone-crear-una-gran-alianza-nacional-para-defender-el-voto-en-las-elecciones-del-1-de-febrero/
[2026-04-26 11:54:58,441] DEBUG - elperiodicocr: [490/2088] Procesando: https://elperiodicocr.com/trump-suspende-solicitudes-de-residencia-y-ciudadania-para-personas-de-19-paises-incluidos-venezolanos-y-cubanos/
[2026-04-26 11:55:04,222] DEBUG - elperiodicocr: [491/2088] Procesando: https://elperiodicocr.com/hacienda-barvak-celebra-el-dia-internacional-del-voluntariado-con-acciones-ambientales-y-alianzas-corporativas/
[2026-04-26 11:55:06,622] WARNING - elperiodicocr: Sin texto extraído: https://elperiodicocr.com/hacienda-barvak-celebra-el-dia-internacional-del-voluntariado-con-acciones-ambientales-y-alianzas-corporativas/
[2026-04-26 11:55:07,644] DEBUG - elperiodicocr: [492/2088] Procesando: https://elperiodicocr.com/ciep-45-de-votantes-sigue-indeciso-a-dos-meses-de-las-elecciones/
[2026-04-26 11:55:12,172] WARNING - elperiodicocr: Sin texto extraído: https://elperiodicocr.com/ciep-45-de-votantes-sigue-indeciso-a-dos-meses-de-las-elecciones/
[2026-04-26 11:55:13,206] DEBUG - elperiodicocr: [493/2088] Procesando: https://elperiodicocr.com/ciep-ucr-laura-fernandez-alcanza-30-de-respaldo-en-una-campana-de-indecisos-y-oposicion-dispersa/
[2026-04-26 11:55:18,615] DEBUG - elperiodicocr: [494/2088] Procesando: https://elperiodicocr.com/acnur-reconoce-liderazgo-de-costa-rica-en-atencion-a-personas-refugiadas-durante-visita-oficial/
[2026-04-26 11:55:23,175] WARNING - elperiodicocr: Sin texto extraído: https://elperiodicocr.com/acnur-reconoce-liderazgo-de-costa-rica-en-atencion-a-personas-refugiadas-durante-visita-oficial/
[2026-04-26 11:55:24,211] DEBUG - elperiodicocr: [495/2088] Procesando: https://elperiodicocr.com/ctp-retira-permisos-a-companias-autobuseras-ligadas-a-orlando-ramirez/
[2026-04-26 11:55:28,579] WARNING - elperiodicocr: Sin texto extraído: https://elperiodicocr.com/ctp-retira-permisos-a-companias-autobuseras-ligadas-a-orlando-ramirez/
[2026-04-26 11:55:29,607] DEBUG - elperiodicocr: [496/2088] Procesando: https://elperiodicocr.com/vacacionistas-regresaran-con-operativo-especial-de-reversibilidad-en-la-ruta-27/
[2026-04-26 11:55:33,990] WARNING - elperiodicocr: Sin texto extraído: https://elperiodicocr.com/vacacionistas-regresaran-con-operativo-especial-de-reversibilidad-en-la-ruta-27/
[2026-04-26 11:55:35,016] DEBUG - elperiodicocr: [497/2088] Procesando: https://elperiodicocr.com/natalia-diaz-propone-migracion-controlada-durante-gira-por-la-zona-sur/
[2026-04-26 11:55:39,342] WARNING - elperiodicocr: Sin texto extraído: https://elperiodicocr.com/natalia-diaz-propone-migracion-controlada-durante-gira-por-la-zona-sur/
[2026-04-26 11:55:40,369] DEBUG - elperiodicocr: [498/2088] Procesando: https://elperiodicocr.com/universidades-publicas-recibiran-fondos-del-fees-postergados-durante-la-pandemia/
[2026-04-26 11:55:44,649] WARNING - elperiodicocr: Sin texto extraído: https://elperiodicocr.com/universidades-publicas-recibiran-fondos-del-fees-postergados-durante-la-pandemia/
[2026-04-26 11:55:45,673] DEBUG - elperiodicocr: [499/2088] Procesando: https://elperiodicocr.com/atrasos-en-el-sistema-financiero-cr-teza-generan-advertencias-dentro-del-ministerio-de-hacienda/
[2026-04-26 11:55:50,000] WARNING - elperiodicocr: Sin texto extraído: https://elperiodicocr.com/atrasos-en-el-sistema-financiero-cr-teza-generan-advertencias-dentro-del-ministerio-de-hacienda/
[2026-04-26 11:55:51,026] DEBUG - elperiodicocr: [500/2088] Procesando: https://elperiodicocr.com/venezuelahoy-ee-uu-ofrecio-a-maduro-posibilidad-de-ir-a-rusia-u-otro-pais-segun-congresista-republicano/
[2026-04-26 11:55:56,903] DEBUG - elperiodicocr: [501/2088] Procesando: https://elperiodicocr.com/preliminar-la-izquierda-cae-en-honduras/
[2026-04-26 11:56:02,495] DEBUG - elperiodicocr: [502/2088] Procesando: https://elperiodicocr.com/jonathan-acuna-confronta-a-cisneros-en-el-congreso-y-la-acusa-de-incoherencia-por-defensa-de-subasta-de-frecuencias/
[2026-04-26 11:56:06,891] WARNING - elperiodicocr: Sin texto extraído: https://elperiodicocr.com/jonathan-acuna-confronta-a-cisneros-en-el-congreso-y-la-acusa-de-incoherencia-por-defensa-de-subasta-de-frecuencias/
[2026-04-26 11:56:07,907] DEBUG - elperiodicocr: [503/2088] Procesando: https://elperiodicocr.com/cooperativas-de-salud-demandan-a-marta-acosta-y-funcionarios-de-la-contraloria-por-irregularidades-en-nota-tecnica-que-permitio-allanamientos-de-caso-barrenador/
[2026-04-26 11:56:13,601] DEBUG - elperiodicocr: [504/2088] Procesando: https://elperiodicocr.com/nogui-acosta-exige-actualizar-pagos-por-frecuencias-el-espectro-radioelectrico-es-de-todos-los-costarricenses/
[2026-04-26 11:56:19,045] DEBUG - elperiodicocr: [505/2088] Procesando: https://elperiodicocr.com/ifam-impulsa-transformacion-digital-municipal-con-v-congreso-de-tecnologias-de-la-informacion/
[2026-04-26 11:56:24,363] DEBUG - elperiodicocr: [506/2088] Procesando: https://elperiodicocr.com/sala-constitucional-ordena-adelantar-cita-medica-programada-para-2031-a-persona-adulta-mayor/
[2026-04-26 11:56:28,752] WARNING - elperiodicocr: Sin texto extraído: https://elperiodicocr.com/sala-constitucional-ordena-adelantar-cita-medica-programada-para-2031-a-persona-adulta-mayor/
[2026-04-26 11:56:29,788] DEBUG - elperiodicocr: [507/2088] Procesando: https://elperiodicocr.com/denuncian-a-jorge-aldana-alcalde-de-tegucigalpa-por-presunta-violencia-domestica/
[2026-04-26 11:56:35,586] DEBUG - elperiodicocr: [508/2088] Procesando: https://elperiodicocr.com/amador-acusa-a-chaves-de-presionar-para-entregar-contratos-a-tradeco-empresa-con-supuesto-vinculo-narco/
[2026-04-26 11:56:40,987] DEBUG - elperiodicocr: [509/2088] Procesando: https://elperiodicocr.com/trump-anuncia-que-suspendera-permanentemente-la-inmigracion-de-paises-del-tercer-mundo/
[2026-04-26 11:56:48,137] DEBUG - elperiodicocr: [510/2088] Procesando: https://elperiodicocr.com/colegio-profesional-llama-a-defender-la-independencia-del-tribunal-supremo-de-elecciones/
[2026-04-26 11:56:52,982] WARNING - elperiodicocr: Sin texto extraído: https://elperiodicocr.com/colegio-profesional-llama-a-defender-la-independencia-del-tribunal-supremo-de-elecciones/
[2026-04-26 11:56:54,005] DEBUG - elperiodicocr: [511/2088] Procesando: https://elperiodicocr.com/peru-expresidente-castillo-es-condenado-a-11-anos-de-prision/
[2026-04-26 11:56:59,515] DEBUG - elperiodicocr: [512/2088] Procesando: https://elperiodicocr.com/laura-fernandez-regularizaria-a-40-000-migrantes-para-integrarlos-a-campo-laboral-y-educativo/
[2026-04-26 11:57:05,468] DEBUG - elperiodicocr: [513/2088] Procesando: https://elperiodicocr.com/mineria-es-el-sector-economico-que-le-deja-mas-ganancias-al-regimen-murillo-ortega/
[2026-04-26 11:57:11,421] DEBUG - elperiodicocr: [514/2088] Procesando: https://elperiodicocr.com/uccaep-pide-revisar-subasta-de-frecuencias-del-espectro-radioelectrico/
[2026-04-26 11:57:16,931] DEBUG - elperiodicocr: [515/2088] Procesando: https://elperiodicocr.com/clasedecivica-beligerancia-politica-si-existe-la-constitucion-y-tse-lo-respaldan/
[2026-04-26 11:57:22,756] DEBUG - elperiodicocr: [516/2088] Procesando: https://elperiodicocr.com/defensoria-de-los-habitantes-exige-acciones-urgentes-del-estado-ante-aumento-de-violencia-contra-las-mujeres/
[2026-04-26 11:57:27,228] WARNING - elperiodicocr: Sin texto extraído: https://elperiodicocr.com/defensoria-de-los-habitantes-exige-acciones-urgentes-del-estado-ante-aumento-de-violencia-contra-las-mujeres/
[2026-04-26 11:57:28,260] DEBUG - elperiodicocr: [517/2088] Procesando: https://elperiodicocr.com/nestle-crea-coleccion-genetica-global-del-cacao-para-fortalecer-su-cultivo-y-resiliencia/
[2026-04-26 11:57:33,414] WARNING - elperiodicocr: Sin texto extraído: https://elperiodicocr.com/nestle-crea-coleccion-genetica-global-del-cacao-para-fortalecer-su-cultivo-y-resiliencia/
[2026-04-26 11:57:34,447] DEBUG - elperiodicocr: [518/2088] Procesando: https://elperiodicocr.com/diputados-llaman-a-comparecer-al-canciller-por-declaraciones-de-embajadora-en-ee-uu/
[2026-04-26 11:57:38,946] WARNING - elperiodicocr: Sin texto extraído: https://elperiodicocr.com/diputados-llaman-a-comparecer-al-canciller-por-declaraciones-de-embajadora-en-ee-uu/
[2026-04-26 11:57:39,963] DEBUG - elperiodicocr: [519/2088] Procesando: https://elperiodicocr.com/comision-pedira-cuentas-a-catalina-crespo-por-supuesta-reunion-con-congreso-de-los-ee-uu/
[2026-04-26 11:57:46,380] DEBUG - elperiodicocr: [520/2088] Procesando: https://elperiodicocr.com/iglesia-le-marca-la-cancha-a-sacerdotes-y-religiosos-de-cara-a-campana-electoral/
[2026-04-26 11:57:51,805] DEBUG - elperiodicocr: [521/2088] Procesando: https://elperiodicocr.com/ramos-el-gobierno-puso-en-riesgo-la-seguridad-del-pais/
[2026-04-26 11:57:57,919] DEBUG - elperiodicocr: [522/2088] Procesando: https://elperiodicocr.com/laura-fernandez-pretende-que-jueces-deban-rendirle-cuentas-al-gobierno-y-que-externos-los-sancionen/
[2026-04-26 11:58:03,857] DEBUG - elperiodicocr: [523/2088] Procesando: https://elperiodicocr.com/sindicatos-del-mep-saldran-hoy-a-las-calles-por-mejoras-salariales-y-8-para-educacion/
[2026-04-26 11:58:10,078] DEBUG - elperiodicocr: [524/2088] Procesando: https://elperiodicocr.com/firma-alemana-abre-planta-en-cartago-ofrece-empleo-para-150-personas/
[2026-04-26 11:58:15,842] DEBUG - elperiodicocr: [525/2088] Procesando: https://elperiodicocr.com/diputados-tachan-subasta-de-frecuencias-como-fracaso-y-atentado-a-la-democracia/
[2026-04-26 11:58:21,234] DEBUG - elperiodicocr: [526/2088] Procesando: https://elperiodicocr.com/defensoria-de-los-habitantes-advierte-posible-conflicto-de-interes-en-estudio-actuarial-sobre-fondos-generacionales/
[2026-04-26 11:58:27,247] DEBUG - elperiodicocr: [527/2088] Procesando: https://elperiodicocr.com/gamboa-busca-usar-mensajes-de-whatsapp-para-frenar-extradicion/
[2026-04-26 11:58:33,461] DEBUG - elperiodicocr: [528/2088] Procesando: https://elperiodicocr.com/embajada-de-estados-unidos-cerrara-este-jueves-por-dia-de-accion-de-gracias/
[2026-04-26 11:58:37,879] WARNING - elperiodicocr: Sin texto extraído: https://elperiodicocr.com/embajada-de-estados-unidos-cerrara-este-jueves-por-dia-de-accion-de-gracias/
[2026-04-26 11:58:38,919] DEBUG - elperiodicocr: [529/2088] Procesando: https://elperiodicocr.com/esph-realizara-dos-cortes-de-agua-esta-semana-que-afectaran-a-17-mil-personas/
[2026-04-26 11:58:43,302] WARNING - elperiodicocr: Sin texto extraído: https://elperiodicocr.com/esph-realizara-dos-cortes-de-agua-esta-semana-que-afectaran-a-17-mil-personas/
[2026-04-26 11:58:44,330] DEBUG - elperiodicocr: [530/2088] Procesando: https://elperiodicocr.com/alvaro-ramos-la-preocupacion-internacional-deberia-preocuparse-por-las-acciones-de-chaves/
[2026-04-26 11:58:49,874] DEBUG - elperiodicocr: [531/2088] Procesando: https://elperiodicocr.com/congresista-de-eeuu-modera-tono-sobre-costa-rica-tras-cita-con-embajadora/
[2026-04-26 11:58:55,092] DEBUG - elperiodicocr: [532/2088] Procesando: https://elperiodicocr.com/claudia-dobles-rechaza-injerencia-extranjera-y-pide-respeto-a-la-autonomia-institucional/
[2026-04-26 11:58:59,372] WARNING - elperiodicocr: Sin texto extraído: https://elperiodicocr.com/claudia-dobles-rechaza-injerencia-extranjera-y-pide-respeto-a-la-autonomia-institucional/
[2026-04-26 11:59:00,404] DEBUG - elperiodicocr: [533/2088] Procesando: https://elperiodicocr.com/fernando-zamora-advierte-que-la-subasta-de-frecuencias-amenaza-la-libertad-de-expresion-y-pone-en-riesgo-a-los-pequenos-medios/
[2026-04-26 11:59:05,086] WARNING - elperiodicocr: Sin texto extraído: https://elperiodicocr.com/fernando-zamora-advierte-que-la-subasta-de-frecuencias-amenaza-la-libertad-de-expresion-y-pone-en-riesgo-a-los-pequenos-medios/
[2026-04-26 11:59:06,118] DEBUG - elperiodicocr: [534/2088] Procesando: https://elperiodicocr.com/siete-emisoras-anuncian-que-no-participaran-en-la-subasta-de-frecuencias-de-sutel/
[2026-04-26 11:59:10,656] WARNING - elperiodicocr: Sin texto extraído: https://elperiodicocr.com/siete-emisoras-anuncian-que-no-participaran-en-la-subasta-de-frecuencias-de-sutel/
[2026-04-26 11:59:11,686] DEBUG - elperiodicocr: [535/2088] Procesando: https://elperiodicocr.com/ocho-expresidentes-cierran-filas-a-favor-del-tse-ante-dudas-en-eeuu-por-proceso-contra-rodrigo-chaves/
[2026-04-26 11:59:17,109] DEBUG - elperiodicocr: [536/2088] Procesando: https://elperiodicocr.com/boris-molina-califica-de-sainete-la-citacion-a-la-embajadora-crespo-en-ee-uu/
[2026-04-26 11:59:22,731] DEBUG - elperiodicocr: [537/2088] Procesando: https://elperiodicocr.com/congreso-de-ee-uu-convoca-a-embajadora-de-costa-rica-para-explicar-levantamiento-de-inmunidad-de-rodrigo-chaves/
[2026-04-26 11:59:28,506] WARNING - elperiodicocr: Sin texto extraído: https://elperiodicocr.com/congreso-de-ee-uu-convoca-a-embajadora-de-costa-rica-para-explicar-levantamiento-de-inmunidad-de-rodrigo-chaves/
[2026-04-26 11:59:29,556] DEBUG - elperiodicocr: [538/2088] Procesando: https://elperiodicocr.com/comision-votara-la-proxima-semana-si-recomienda-levantar-inmunidad-a-rodrigo-chaves/
[2026-04-26 11:59:34,079] WARNING - elperiodicocr: Sin texto extraído: https://elperiodicocr.com/comision-votara-la-proxima-semana-si-recomienda-levantar-inmunidad-a-rodrigo-chaves/
[2026-04-26 11:59:35,112] DEBUG - elperiodicocr: [539/2088] Procesando: https://elperiodicocr.com/chaves-confirma-cierre-tecnico-del-tlc-con-israel-y-anticipa-firma-proxima/
[2026-04-26 11:59:39,447] WARNING - elperiodicocr: Sin texto extraído: https://elperiodicocr.com/chaves-confirma-cierre-tecnico-del-tlc-con-israel-y-anticipa-firma-proxima/
[2026-04-26 11:59:40,480] DEBUG - elperiodicocr: [540/2088] Procesando: https://elperiodicocr.com/fracasa-apelacion-de-la-anep-que-intento-frenar-adjudicacion-de-ebais-a-cooperativas/
[2026-04-26 11:59:45,869] DEBUG - elperiodicocr: [541/2088] Procesando: https://elperiodicocr.com/diputado-ariel-robles-critica-politica-ambiental-y-turistica-del-gobierno/
[2026-04-26 11:59:51,989] DEBUG - elperiodicocr: [542/2088] Procesando: https://elperiodicocr.com/laura-fernandez-expone-agenda-economica-ante-lideres-empresariales-en-escazu/
[2026-04-26 11:59:56,465] WARNING - elperiodicocr: Sin texto extraído: https://elperiodicocr.com/laura-fernandez-expone-agenda-economica-ante-lideres-empresariales-en-escazu/
[2026-04-26 11:59:57,487] DEBUG - elperiodicocr: [543/2088] Procesando: https://elperiodicocr.com/tig-senala-irregularidades-en-el-ajuste-de-tarifas-impulsado-por-aresep/
[2026-04-26 12:00:01,860] WARNING - elperiodicocr: Sin texto extraído: https://elperiodicocr.com/tig-senala-irregularidades-en-el-ajuste-de-tarifas-impulsado-por-aresep/
[2026-04-26 12:00:02,885] DEBUG - elperiodicocr: [544/2088] Procesando: https://elperiodicocr.com/bomberos-advierten-riesgos-en-nuevo-formato-del-festival-de-la-luz-2025-en-la-sabana/
[2026-04-26 12:00:07,414] WARNING - elperiodicocr: Sin texto extraído: https://elperiodicocr.com/bomberos-advierten-riesgos-en-nuevo-formato-del-festival-de-la-luz-2025-en-la-sabana/
[2026-04-26 12:00:08,438] DEBUG - elperiodicocr: [545/2088] Procesando: https://elperiodicocr.com/conarroz-defiende-uso-de-maquinaria-agricola-y-critica-senales-del-gobierno-hacia-el-sector/
[2026-04-26 12:00:13,905] WARNING - elperiodicocr: Sin texto extraído: https://elperiodicocr.com/conarroz-defiende-uso-de-maquinaria-agricola-y-critica-senales-del-gobierno-hacia-el-sector/
[2026-04-26 12:00:14,930] DEBUG - elperiodicocr: [546/2088] Procesando: https://elperiodicocr.com/aya-suspendera-el-servicio-de-agua-este-martes-18-de-noviembre-en-cinco-cantones-de-san-jose-por-mantenimiento/
[2026-04-26 12:00:19,408] WARNING - elperiodicocr: Sin texto extraído: https://elperiodicocr.com/aya-suspendera-el-servicio-de-agua-este-martes-18-de-noviembre-en-cinco-cantones-de-san-jose-por-mantenimiento/
[2026-04-26 12:00:20,434] DEBUG - elperiodicocr: [547/2088] Procesando: https://elperiodicocr.com/asamblea-legislativa-definira-antes-de-diciembre-si-levanta-inmunidad-al-presidente-rodrigo-chaves/
[2026-04-26 12:00:24,832] WARNING - elperiodicocr: Sin texto extraído: https://elperiodicocr.com/asamblea-legislativa-definira-antes-de-diciembre-si-levanta-inmunidad-al-presidente-rodrigo-chaves/
[2026-04-26 12:00:25,852] DEBUG - elperiodicocr: [548/2088] Procesando: https://elperiodicocr.com/el-consejo-de-seguridad-de-la-onu-vota-el-plan-de-ee-uu-de-desplegar-una-fuerza-internacional-en-gaza/
[2026-04-26 12:00:31,444] DEBUG - elperiodicocr: [549/2088] Procesando: https://elperiodicocr.com/laura-fernandez-justifica-ausencia-en-algunos-debates-y-afirma-que-prioriza-trabajo-con-el-pueblo/
[2026-04-26 12:00:35,649] WARNING - elperiodicocr: Sin texto extraído: https://elperiodicocr.com/laura-fernandez-justifica-ausencia-en-algunos-debates-y-afirma-que-prioriza-trabajo-con-el-pueblo/
[2026-04-26 12:00:36,671] DEBUG - elperiodicocr: [550/2088] Procesando: https://elperiodicocr.com/laura-fernandez-respalda-a-rodrigo-chaves-durante-audiencia-sobre-levantamiento-de-inmunidad/
[2026-04-26 12:00:41,038] WARNING - elperiodicocr: Sin texto extraído: https://elperiodicocr.com/laura-fernandez-respalda-a-rodrigo-chaves-durante-audiencia-sobre-levantamiento-de-inmunidad/
[2026-04-26 12:00:42,056] DEBUG - elperiodicocr: [551/2088] Procesando: https://elperiodicocr.com/presidente-rodrigo-chaves-y-su-abogado-abandonan-sesion-de-comision-entre-criticas-al-proceso-para-levantar-la-inmunidad/
[2026-04-26 12:00:47,789] DEBUG - elperiodicocr: [552/2088] Procesando: https://elperiodicocr.com/opinion-san-jose-ante-el-cambio-climatico-una-urgencia-que-ya-no-podemos-ignorar/
[2026-04-26 12:00:52,130] WARNING - elperiodicocr: Sin texto extraído: https://elperiodicocr.com/opinion-san-jose-ante-el-cambio-climatico-una-urgencia-que-ya-no-podemos-ignorar/
[2026-04-26 12:00:53,144] DEBUG - elperiodicocr: [553/2088] Procesando: https://elperiodicocr.com/diputado-daniel-vargas-se-retira-de-la-comision-que-analiza-levantamiento-de-inmunidad-presidencial/
[2026-04-26 12:00:58,679] DEBUG - elperiodicocr: [554/2088] Procesando: https://elperiodicocr.com/presidente-rodrigo-chaves-acusa-a-comision-legislativa-de-limitar-su-derecho-de-defensa-en-proceso-de-levantamiento-de-inmunidad/
[2026-04-26 12:01:03,200] WARNING - elperiodicocr: Sin texto extraído: https://elperiodicocr.com/presidente-rodrigo-chaves-acusa-a-comision-legislativa-de-limitar-su-derecho-de-defensa-en-proceso-de-levantamiento-de-inmunidad/
[2026-04-26 12:01:04,224] DEBUG - elperiodicocr: [555/2088] Procesando: https://elperiodicocr.com/hacienda-depositara-mas-de-%e2%82%a1249-mil-millones-en-aguinaldos-el-5-de-diciembre/
[2026-04-26 12:01:09,826] DEBUG - elperiodicocr: [556/2088] Procesando: https://elperiodicocr.com/contraloria-avala-%c2%a22-700-millones-para-pago-de-licencias-de-cuido-de-pacientes-en-enfermedad-y-etapa-terminal/
[2026-04-26 12:01:14,204] WARNING - elperiodicocr: Sin texto extraído: https://elperiodicocr.com/contraloria-avala-%c2%a22-700-millones-para-pago-de-licencias-de-cuido-de-pacientes-en-enfermedad-y-etapa-terminal/
[2026-04-26 12:01:15,237] DEBUG - elperiodicocr: [557/2088] Procesando: https://elperiodicocr.com/ruta-32-gobierno-estudia-nuevas-obras-para-controlar-agua-y-reducir-deslizamientos-en-tramo-montanoso/
[2026-04-26 12:01:17,677] WARNING - elperiodicocr: Sin texto extraído: https://elperiodicocr.com/ruta-32-gobierno-estudia-nuevas-obras-para-controlar-agua-y-reducir-deslizamientos-en-tramo-montanoso/
[2026-04-26 12:01:18,700] DEBUG - elperiodicocr: [558/2088] Procesando: https://elperiodicocr.com/decisiones-de-marta-esquivel-y-junta-directiva-en-ccss-generaron-descalabro-contable-afirma-cgr/
[2026-04-26 12:01:24,709] DEBUG - elperiodicocr: [559/2088] Procesando: https://elperiodicocr.com/148-de-la-poblacion-costarricense-es-diabetica/
[2026-04-26 12:01:30,496] DEBUG - elperiodicocr: [560/2088] Procesando: https://elperiodicocr.com/pln-exige-renuncia-de-ministro-de-seguridad-mario-zamora/
[2026-04-26 12:01:36,033] DEBUG - elperiodicocr: [561/2088] Procesando: https://elperiodicocr.com/chaves-se-alegra-por-aprehension-de-manifestante-en-grupo-de-agricultores-que-marcharon-contra-el-gobierno/
[2026-04-26 12:01:40,494] WARNING - elperiodicocr: Sin texto extraído: https://elperiodicocr.com/chaves-se-alegra-por-aprehension-de-manifestante-en-grupo-de-agricultores-que-marcharon-contra-el-gobierno/
[2026-04-26 12:01:41,502] DEBUG - elperiodicocr: [562/2088] Procesando: https://elperiodicocr.com/avanza-reforma-de-ley-para-adelantar-pension-de-los-bomberos-a-los-55-anos/
[2026-04-26 12:01:46,878] DEBUG - elperiodicocr: [563/2088] Procesando: https://elperiodicocr.com/obstruccion-en-ruta-32-se-mantendra-minimo-hasta-el-viernes-por-piedra-de-2-5-toneladas/
[2026-04-26 12:01:51,223] WARNING - elperiodicocr: Sin texto extraído: https://elperiodicocr.com/obstruccion-en-ruta-32-se-mantendra-minimo-hasta-el-viernes-por-piedra-de-2-5-toneladas/
[2026-04-26 12:01:52,265] DEBUG - elperiodicocr: [564/2088] Procesando: https://elperiodicocr.com/has-llegado-al-infierno-hrw-denuncia-torturas-y-abuso-sexual-contra-venezolanos-deportados-por-ee-uu-a-el-salvador/
[2026-04-26 12:01:57,891] DEBUG - elperiodicocr: [565/2088] Procesando: https://elperiodicocr.com/rocio-alfaro-destaca-la-democracia-de-la-calle-durante-marcha-en-san-jose/
[2026-04-26 12:02:02,455] WARNING - elperiodicocr: Sin texto extraído: https://elperiodicocr.com/rocio-alfaro-destaca-la-democracia-de-la-calle-durante-marcha-en-san-jose/
[2026-04-26 12:02:03,475] DEBUG - elperiodicocr: [566/2088] Procesando: https://elperiodicocr.com/militantes-de-aqui-costa-rica-manda-anuncian-apoyo-a-laura-fernandez-y-al-partido-pueblo-soberano/
[2026-04-26 12:02:08,105] WARNING - elperiodicocr: Sin texto extraído: https://elperiodicocr.com/militantes-de-aqui-costa-rica-manda-anuncian-apoyo-a-laura-fernandez-y-al-partido-pueblo-soberano/
[2026-04-26 12:02:09,138] DEBUG - elperiodicocr: [567/2088] Procesando: https://elperiodicocr.com/barrenador-se-baso-en-manipulacion-de-datos-contables-en-la-caja/
[2026-04-26 12:02:14,877] DEBUG - elperiodicocr: [568/2088] Procesando: https://elperiodicocr.com/israel-aprueba-en-primera-votacion-un-proyecto-de-ley-que-propone-la-pena-de-muerte-para-terroristas/
[2026-04-26 12:02:20,391] DEBUG - elperiodicocr: [569/2088] Procesando: https://elperiodicocr.com/rodrigo-chaves-invita-al-pueblo-a-acompanarlo-a-audiencia-sobre-levantamiento-de-inmunidad/
[2026-04-26 12:02:24,617] WARNING - elperiodicocr: Sin texto extraído: https://elperiodicocr.com/rodrigo-chaves-invita-al-pueblo-a-acompanarlo-a-audiencia-sobre-levantamiento-de-inmunidad/
[2026-04-26 12:02:25,650] DEBUG - elperiodicocr: [570/2088] Procesando: https://elperiodicocr.com/una-economia-de-c-r-podria-perder-70-mills-si-la-sele-no-clasifica-a-mundial-2026/
[2026-04-26 12:02:31,456] DEBUG - elperiodicocr: [571/2088] Procesando: https://elperiodicocr.com/exilio-carcel-o-ley-como-bukele-silencia-las-voces-criticas-en-el-salvador/
[2026-04-26 12:02:37,775] DEBUG - elperiodicocr: [572/2088] Procesando: https://elperiodicocr.com/congreso-analiza-cinco-proyectos-para-permitir-el-retiro-total-del-rop/
[2026-04-26 12:02:42,385] WARNING - elperiodicocr: Sin texto extraído: https://elperiodicocr.com/congreso-analiza-cinco-proyectos-para-permitir-el-retiro-total-del-rop/
[2026-04-26 12:02:43,418] DEBUG - elperiodicocr: [573/2088] Procesando: https://elperiodicocr.com/nino-de-2-anos-fallece-en-accidente-de-transito-en-aguas-zarcas-viajaba-sin-silla-de-seguridad/
[2026-04-26 12:02:47,997] WARNING - elperiodicocr: Sin texto extraído: https://elperiodicocr.com/nino-de-2-anos-fallece-en-accidente-de-transito-en-aguas-zarcas-viajaba-sin-silla-de-seguridad/
[2026-04-26 12:02:49,029] DEBUG - elperiodicocr: [574/2088] Procesando: https://elperiodicocr.com/laura-fernandez-justifica-ausencia-en-debate-con-frase-no-se-pelea-con-cerdos-porque-uno-termina-embarrialado/
[2026-04-26 12:02:54,664] DEBUG - elperiodicocr: [575/2088] Procesando: https://elperiodicocr.com/alvaro-ramos-promete-derogar-decreto-de-areteo-impulsado-por-chaves/
[2026-04-26 12:03:00,593] DEBUG - elperiodicocr: [576/2088] Procesando: https://elperiodicocr.com/ee-uu-examinara-a-fondo-los-visados-de-los-aficionados-para-el-mundial-de-futbol-del-2026/
[2026-04-26 12:03:06,344] DEBUG - elperiodicocr: [577/2088] Procesando: https://elperiodicocr.com/francia-suspende-acceso-a-plataforma-shein-por-listar-articulos-ilegales/
[2026-04-26 12:03:12,254] DEBUG - elperiodicocr: [578/2088] Procesando: https://elperiodicocr.com/regimen-sandinista-promociona-con-empresas-chinas-su-ley-cero-impuestos/
[2026-04-26 12:03:17,835] DEBUG - elperiodicocr: [579/2088] Procesando: https://elperiodicocr.com/municipalidad-de-oreamuno-aplicara-rebajo-en-recibo-de-agua-tras-emergencia-en-san-rafael/
[2026-04-26 12:03:22,238] WARNING - elperiodicocr: Sin texto extraído: https://elperiodicocr.com/municipalidad-de-oreamuno-aplicara-rebajo-en-recibo-de-agua-tras-emergencia-en-san-rafael/
[2026-04-26 12:03:23,267] DEBUG - elperiodicocr: [580/2088] Procesando: https://elperiodicocr.com/defensoria-logra-restitucion-de-derechos-de-pueblos-indigenas-en-tres-cantones-del-pais/
[2026-04-26 12:03:28,226] WARNING - elperiodicocr: Sin texto extraído: https://elperiodicocr.com/defensoria-logra-restitucion-de-derechos-de-pueblos-indigenas-en-tres-cantones-del-pais/
[2026-04-26 12:03:29,262] DEBUG - elperiodicocr: [581/2088] Procesando: https://elperiodicocr.com/siria-de-vuelta-en-la-escena-internacional-consejo-de-seguridad-suspende-sanciones-contra-al-sharaa/
[2026-04-26 12:03:35,158] DEBUG - elperiodicocr: [582/2088] Procesando: https://elperiodicocr.com/deuda-publica-nicaraguense-supera-el-50-del-pib/
[2026-04-26 12:03:41,975] DEBUG - elperiodicocr: [583/2088] Procesando: https://elperiodicocr.com/diputado-francisco-nicolas-renuncia-a-su-inmunidad-parlamentaria-tras-denuncia-en-su-contra/
[2026-04-26 12:03:46,366] WARNING - elperiodicocr: Sin texto extraído: https://elperiodicocr.com/diputado-francisco-nicolas-renuncia-a-su-inmunidad-parlamentaria-tras-denuncia-en-su-contra/
[2026-04-26 12:03:47,400] DEBUG - elperiodicocr: [584/2088] Procesando: https://elperiodicocr.com/defensoria-de-los-habitantes-pide-accion-urgente-ante-suspension-de-licencias-para-personas-cuidadoras/
[2026-04-26 12:03:51,645] WARNING - elperiodicocr: Sin texto extraído: https://elperiodicocr.com/defensoria-de-los-habitantes-pide-accion-urgente-ante-suspension-de-licencias-para-personas-cuidadoras/
[2026-04-26 12:03:52,672] DEBUG - elperiodicocr: [585/2088] Procesando: https://elperiodicocr.com/francia-exige-a-union-europea-que-investigue-a-shein-por-vender-articulos-ilegales/
[2026-04-26 12:03:58,457] DEBUG - elperiodicocr: [586/2088] Procesando: https://elperiodicocr.com/cambio-climatico-diversidad-o-inclusion-las-palabras-vetadas-en-las-escuelas-del-regimen-de-bukele/
[2026-04-26 12:04:03,910] DEBUG - elperiodicocr: [587/2088] Procesando: https://elperiodicocr.com/tribunal-supremo-de-bolivia-anula-condena-a-la-expresidenta-jeanine-anez/
[2026-04-26 12:04:09,604] DEBUG - elperiodicocr: [588/2088] Procesando: https://elperiodicocr.com/el-mayor-logro-combatir-la-corrupcion-y-no-se/
[2026-04-26 12:04:15,583] DEBUG - elperiodicocr: [589/2088] Procesando: https://elperiodicocr.com/idespo-una-laura-fernandez-lidera-intencion-de-voto-aunque-mitad-de-la-poblacion-sigue-indecisa/
[2026-04-26 12:04:21,225] DEBUG - elperiodicocr: [590/2088] Procesando: https://elperiodicocr.com/ageco-ha-recibido-mas-de-250-llamadas-por-violencia-contra-adultos-mayores/
[2026-04-26 12:04:27,033] DEBUG - elperiodicocr: [591/2088] Procesando: https://elperiodicocr.com/austria-descubre-armas-de-hamas-en-europa-para-uso-en-posibles-ataques-terroristas/
[2026-04-26 12:04:33,239] DEBUG - elperiodicocr: [592/2088] Procesando: https://elperiodicocr.com/presidente-rodrigo-chaves-cuestiona-objetividad-de-diputadas-en-comision-que-analiza-solicitud-de-levantar-su-inmunidad/
[2026-04-26 12:04:38,430] WARNING - elperiodicocr: Sin texto extraído: https://elperiodicocr.com/presidente-rodrigo-chaves-cuestiona-objetividad-de-diputadas-en-comision-que-analiza-solicitud-de-levantar-su-inmunidad/
[2026-04-26 12:04:39,495] DEBUG - elperiodicocr: [593/2088] Procesando: https://elperiodicocr.com/presidente-rodrigo-chaves-acusa-a-presidenta-del-tse-de-amenazar-la-estabilidad-democratica/
[2026-04-26 12:04:44,280] WARNING - elperiodicocr: Sin texto extraído: https://elperiodicocr.com/presidente-rodrigo-chaves-acusa-a-presidenta-del-tse-de-amenazar-la-estabilidad-democratica/
[2026-04-26 12:04:45,301] DEBUG - elperiodicocr: [594/2088] Procesando: https://elperiodicocr.com/tse-desmiente-que-se-intente-bajar-a-chaves-del-poder-es-imposible/
[2026-04-26 12:04:50,735] DEBUG - elperiodicocr: [595/2088] Procesando: https://elperiodicocr.com/contraloria-rechaza-objeciones-al-cartel-del-gobierno-sobre-concesion-de-frecuencias-de-radio-y-tv/
[2026-04-26 12:04:55,719] WARNING - elperiodicocr: Sin texto extraído: https://elperiodicocr.com/contraloria-rechaza-objeciones-al-cartel-del-gobierno-sobre-concesion-de-frecuencias-de-radio-y-tv/
[2026-04-26 12:04:56,746] DEBUG - elperiodicocr: [596/2088] Procesando: https://elperiodicocr.com/defensoria-de-los-habitantes-convoca-a-partidos-politicos-al-encuentro-observacion-electoral-2026/
[2026-04-26 12:05:01,173] WARNING - elperiodicocr: Sin texto extraído: https://elperiodicocr.com/defensoria-de-los-habitantes-convoca-a-partidos-politicos-al-encuentro-observacion-electoral-2026/
[2026-04-26 12:05:02,200] DEBUG - elperiodicocr: [597/2088] Procesando: https://elperiodicocr.com/bid-aprueba-credito-por-200-millones-para-modernizacion-electrica-del-ice/
[2026-04-26 12:05:06,720] WARNING - elperiodicocr: Sin texto extraído: https://elperiodicocr.com/bid-aprueba-credito-por-200-millones-para-modernizacion-electrica-del-ice/
[2026-04-26 12:05:07,747] DEBUG - elperiodicocr: [598/2088] Procesando: https://elperiodicocr.com/trump-achaca-las-derrotas-electorales-republicanas-al-shutdown-y-arremete-contra-los-democratas/
[2026-04-26 12:05:13,334] DEBUG - elperiodicocr: [599/2088] Procesando: https://elperiodicocr.com/bomberos-lanzan-campana-por-incendios-navidenos/
[2026-04-26 12:05:17,753] WARNING - elperiodicocr: Sin texto extraído: https://elperiodicocr.com/bomberos-lanzan-campana-por-incendios-navidenos/
[2026-04-26 12:05:18,788] DEBUG - elperiodicocr: [600/2088] Procesando: https://elperiodicocr.com/menor-de-17-anos-muere-tras-ser-baleado-en-lomas-del-rio-pavas/
[2026-04-26 12:05:23,277] WARNING - elperiodicocr: Sin texto extraído: https://elperiodicocr.com/menor-de-17-anos-muere-tras-ser-baleado-en-lomas-del-rio-pavas/
[2026-04-26 12:05:24,300] DEBUG - elperiodicocr: [601/2088] Procesando: https://elperiodicocr.com/traicion-64-allanamientos-buscan-desarmar-cartel-caribe-sur/
[2026-04-26 12:05:29,785] DEBUG - elperiodicocr: [602/2088] Procesando: https://elperiodicocr.com/chavismo-pide-investigar-a-vocero-del-tse-por-supuesta-beligerancia-y-ataques-contra-chaves/
[2026-04-26 12:05:35,607] DEBUG - elperiodicocr: [603/2088] Procesando: https://elperiodicocr.com/hombre-es-condenado-a-32-anos-de-prision-por-tentativa-de-femicidio-y-homicidio-en-san-carlos/
[2026-04-26 12:05:40,219] WARNING - elperiodicocr: Sin texto extraído: https://elperiodicocr.com/hombre-es-condenado-a-32-anos-de-prision-por-tentativa-de-femicidio-y-homicidio-en-san-carlos/
[2026-04-26 12:05:41,255] DEBUG - elperiodicocr: [604/2088] Procesando: https://elperiodicocr.com/gobierno-prioriza-jornadas-4x3-crucitas-y-nuevo-plan-de-eurobonos-en-sesiones-extraordinarias/
[2026-04-26 12:05:45,706] WARNING - elperiodicocr: Sin texto extraído: https://elperiodicocr.com/gobierno-prioriza-jornadas-4x3-crucitas-y-nuevo-plan-de-eurobonos-en-sesiones-extraordinarias/
[2026-04-26 12:05:46,729] DEBUG - elperiodicocr: [605/2088] Procesando: https://elperiodicocr.com/ya-sabe-cuanto-tiene-que-pagar-de-marchamo-consulte-aqui/
[2026-04-26 12:05:52,177] DEBUG - elperiodicocr: [606/2088] Procesando: https://elperiodicocr.com/fabricio-emprende-batalla-espiritual-con-laura-fernandez-por-voto-evangelico/
[2026-04-26 12:05:57,888] DEBUG - elperiodicocr: [607/2088] Procesando: https://elperiodicocr.com/laura-fernandez-insistira-en-plan-para-vender-bcr-y-bicsa/
[2026-04-26 12:06:03,596] DEBUG - elperiodicocr: [608/2088] Procesando: https://elperiodicocr.com/asesinan-a-balazos-a-hombre-de-27-anos-en-san-rafael-abajo-desamparados/
[2026-04-26 12:06:08,270] WARNING - elperiodicocr: Sin texto extraído: https://elperiodicocr.com/asesinan-a-balazos-a-hombre-de-27-anos-en-san-rafael-abajo-desamparados/
[2026-04-26 12:06:09,295] DEBUG - elperiodicocr: [609/2088] Procesando: https://elperiodicocr.com/red-feminista-exige-renuncia-de-yerlin-zuniga-y-califica-su-gestion-en-el-inamu-como-una-verguenza/
[2026-04-26 12:06:14,061] WARNING - elperiodicocr: Sin texto extraído: https://elperiodicocr.com/red-feminista-exige-renuncia-de-yerlin-zuniga-y-califica-su-gestion-en-el-inamu-como-una-verguenza/
[2026-04-26 12:06:15,089] DEBUG - elperiodicocr: [610/2088] Procesando: https://elperiodicocr.com/nicaragua-avala-paraisos-fiscales-para-inversion-china-no-pagaran-renta-iva-y-bienes-inmuebles/
[2026-04-26 12:06:20,643] DEBUG - elperiodicocr: [611/2088] Procesando: https://elperiodicocr.com/ataques-de-israel-matan-a-otros-cinco-palestinos-en-gaza-pese-al-alto-el-fuego/
[2026-04-26 12:06:26,612] DEBUG - elperiodicocr: [612/2088] Procesando: https://elperiodicocr.com/ministra-de-salud-cancela-participacion-en-sesion-sobre-gestion-de-residuos-solidos/
[2026-04-26 12:06:31,014] WARNING - elperiodicocr: Sin texto extraído: https://elperiodicocr.com/ministra-de-salud-cancela-participacion-en-sesion-sobre-gestion-de-residuos-solidos/
[2026-04-26 12:06:32,029] DEBUG - elperiodicocr: [613/2088] Procesando: https://elperiodicocr.com/tse-rechaza-96-candidaturas-para-elecciones-del-1-de-febrero-por-incumplimiento-de-requisitos/
[2026-04-26 12:06:38,054] DEBUG - elperiodicocr: [614/2088] Procesando: https://elperiodicocr.com/empresas-autorizadas-por-el-tse-para-encuestas-electorales-del-2026/
[2026-04-26 12:06:43,761] DEBUG - elperiodicocr: [615/2088] Procesando: https://elperiodicocr.com/avanza-proyecto-para-prohibir-narco-novelas-y-narco-series-en-c-r/
[2026-04-26 12:06:49,352] DEBUG - elperiodicocr: [616/2088] Procesando: https://elperiodicocr.com/inamu-desmiente-acusaciones-sobre-supuestas-ofertas-de-beneficios-para-denunciar-a-randall-zuniga/
[2026-04-26 12:06:55,044] DEBUG - elperiodicocr: [617/2088] Procesando: https://elperiodicocr.com/comision-legislativa-inicia-analisis-de-nueva-solicitud-de-levantamiento-del-fuero-presidencial-a-rodrigo-chaves/
[2026-04-26 12:06:59,926] WARNING - elperiodicocr: Sin texto extraído: https://elperiodicocr.com/comision-legislativa-inicia-analisis-de-nueva-solicitud-de-levantamiento-del-fuero-presidencial-a-rodrigo-chaves/
[2026-04-26 12:07:00,961] DEBUG - elperiodicocr: [618/2088] Procesando: https://elperiodicocr.com/jefe-onu-ataques-militares-de-eeuu-a-supuestos-barcos-con-droga-en-venezuela-y-pacifico-son-inaceptables/
[2026-04-26 12:07:06,921] DEBUG - elperiodicocr: [619/2088] Procesando: https://elperiodicocr.com/diputados-piden-al-presidente-chaves-dejar-los-conflictos-politicos-y-ampliar-convocatoria-de-proyectos-en-sesiones-extraordinarias/
[2026-04-26 12:07:11,818] WARNING - elperiodicocr: Sin texto extraído: https://elperiodicocr.com/diputados-piden-al-presidente-chaves-dejar-los-conflictos-politicos-y-ampliar-convocatoria-de-proyectos-en-sesiones-extraordinarias/
[2026-04-26 12:07:12,859] DEBUG - elperiodicocr: [620/2088] Procesando: https://elperiodicocr.com/allanan-vivienda-y-oficina-de-randall-zuniga-director-del-oij/
[2026-04-26 12:07:20,681] DEBUG - elperiodicocr: [621/2088] Procesando: https://elperiodicocr.com/pilar-cisneros-planea-reforma-constitucional-para-candidaturas-independientes/
[2026-04-26 12:07:27,000] DEBUG - elperiodicocr: [622/2088] Procesando: https://elperiodicocr.com/tse-a-chaves-ud-esta-amenazando-la-paz-y-la-estabilidad-politica-del-pais/
[2026-04-26 12:07:32,879] DEBUG - elperiodicocr: [623/2088] Procesando: https://elperiodicocr.com/fabricio-alvarado-presenta-proyecto-para-que-la-biblia-se-ensene-en-escuelas-y-colegios/
[2026-04-26 12:07:38,890] DEBUG - elperiodicocr: [624/2088] Procesando: https://elperiodicocr.com/canatrans-advierte-riesgos-de-proyecto-de-ley-que-autoriza-el-uso-de-tuk-tuks-para-transporte-de-personas/
[2026-04-26 12:07:43,391] WARNING - elperiodicocr: Sin texto extraído: https://elperiodicocr.com/canatrans-advierte-riesgos-de-proyecto-de-ley-que-autoriza-el-uso-de-tuk-tuks-para-transporte-de-personas/
[2026-04-26 12:07:44,423] DEBUG - elperiodicocr: [625/2088] Procesando: https://elperiodicocr.com/fuerte-operativo-de-autoridades-causa-congestionamiento-vehicular-en-pavas/
[2026-04-26 12:07:49,055] WARNING - elperiodicocr: Sin texto extraído: https://elperiodicocr.com/fuerte-operativo-de-autoridades-causa-congestionamiento-vehicular-en-pavas/
[2026-04-26 12:07:50,085] DEBUG - elperiodicocr: [626/2088] Procesando: https://elperiodicocr.com/director-del-oij-randall-zuniga-acumula-cuatro-denuncias-en-su-contra-dos-de-ellas-por-presuntos-delitos-sexuales/
[2026-04-26 12:07:55,983] DEBUG - elperiodicocr: [627/2088] Procesando: https://elperiodicocr.com/diputada-vanessa-castro-cuestiona-reduccion-de-la-pobreza-reportada-por-el-inec/
[2026-04-26 12:08:00,760] WARNING - elperiodicocr: Sin texto extraído: https://elperiodicocr.com/diputada-vanessa-castro-cuestiona-reduccion-de-la-pobreza-reportada-por-el-inec/
[2026-04-26 12:08:01,797] DEBUG - elperiodicocr: [628/2088] Procesando: https://elperiodicocr.com/avanza-proyecto-que-reconoce-derechos-labores-a-repartidores-de-plataformas/
[2026-04-26 12:08:07,495] DEBUG - elperiodicocr: [629/2088] Procesando: https://elperiodicocr.com/comision-que-analiza-levantamiento-de-inmunidad-aprueba-comparecencia-de-rodrigo-chaves/
[2026-04-26 12:08:13,009] DEBUG - elperiodicocr: [630/2088] Procesando: https://elperiodicocr.com/josefinos-se-manifestaran-por-inundaciones-inaccion-municipal-con-patentes-y-caos-urbano-en-la-capital/
[2026-04-26 12:08:18,859] DEBUG - elperiodicocr: [631/2088] Procesando: https://elperiodicocr.com/tse-abre-investigacion-por-actividad-proselitista-del-chavismo-en-colegio/
[2026-04-26 12:08:24,571] DEBUG - elperiodicocr: [632/2088] Procesando: https://elperiodicocr.com/salarios-minimos-para-sector-privado-aumentaran-163-en-2026/
[2026-04-26 12:08:30,183] DEBUG - elperiodicocr: [633/2088] Procesando: https://elperiodicocr.com/fiscalia-investiga-al-director-del-oij-por-presunta-violacion/
[2026-04-26 12:08:33,821] DEBUG - elperiodicocr: [634/2088] Procesando: https://elperiodicocr.com/delegados-del-pln-en-san-ramon-presentan-recursos-contra-proceso-disciplinario/
[2026-04-26 12:08:39,651] DEBUG - elperiodicocr: [635/2088] Procesando: https://elperiodicocr.com/la-nueva-moda-presidente-de-guatemala-acusa-golpe-de-estado-judicial-por-parte-de-la-fiscalia-y-poder-judicial/
[2026-04-26 12:08:45,822] DEBUG - elperiodicocr: [636/2088] Procesando: https://elperiodicocr.com/sindicato-de-policias-de-transito-trabaja-con-alcoholimetros-en-mal-estado/
[2026-04-26 12:08:51,361] DEBUG - elperiodicocr: [637/2088] Procesando: https://elperiodicocr.com/oscar-arias-levanta-la-voz-por-tico-deportado-de-eeuu-que-murio-este-fin-de-semana/
[2026-04-26 12:08:56,225] WARNING - elperiodicocr: Sin texto extraído: https://elperiodicocr.com/oscar-arias-levanta-la-voz-por-tico-deportado-de-eeuu-que-murio-este-fin-de-semana/
[2026-04-26 12:08:57,248] DEBUG - elperiodicocr: [638/2088] Procesando: https://elperiodicocr.com/estacion-movil-de-dekra-regresa-a-parrita-a-partir-del-27-de-octubre/
[2026-04-26 12:09:02,834] WARNING - elperiodicocr: Sin texto extraído: https://elperiodicocr.com/estacion-movil-de-dekra-regresa-a-parrita-a-partir-del-27-de-octubre/
[2026-04-26 12:09:03,863] DEBUG - elperiodicocr: [639/2088] Procesando: https://elperiodicocr.com/chofer-de-eli-feinzaig-continua-delicado-pero-estable-tras-accidente-en-palmares/
[2026-04-26 12:09:08,657] WARNING - elperiodicocr: Sin texto extraído: https://elperiodicocr.com/chofer-de-eli-feinzaig-continua-delicado-pero-estable-tras-accidente-en-palmares/
[2026-04-26 12:09:09,689] DEBUG - elperiodicocr: [640/2088] Procesando: https://elperiodicocr.com/once-personas-resultan-afectadas-en-choque-entre-buseta-y-vehiculo-liviano-en-san-jose/
[2026-04-26 12:09:14,414] WARNING - elperiodicocr: Sin texto extraído: https://elperiodicocr.com/once-personas-resultan-afectadas-en-choque-entre-buseta-y-vehiculo-liviano-en-san-jose/
[2026-04-26 12:09:15,435] DEBUG - elperiodicocr: [641/2088] Procesando: https://elperiodicocr.com/microfono-escondido-y-denuncias-por-acoso-sexualmente-marcan-ruido-politico/
[2026-04-26 12:09:20,865] DEBUG - elperiodicocr: [642/2088] Procesando: https://elperiodicocr.com/oij-investiga-femicidio-de-mujer-nicaraguense-en-rio-claro-de-golfito/
[2026-04-26 12:09:25,230] WARNING - elperiodicocr: Sin texto extraído: https://elperiodicocr.com/oij-investiga-femicidio-de-mujer-nicaraguense-en-rio-claro-de-golfito/
[2026-04-26 12:09:26,255] DEBUG - elperiodicocr: [643/2088] Procesando: https://elperiodicocr.com/candidata-de-nueva-republica-acusa-a-pueblo-soberano-de-falsos-conservadores/
[2026-04-26 12:09:31,087] WARNING - elperiodicocr: Sin texto extraído: https://elperiodicocr.com/candidata-de-nueva-republica-acusa-a-pueblo-soberano-de-falsos-conservadores/
[2026-04-26 12:09:32,112] DEBUG - elperiodicocr: [644/2088] Procesando: https://elperiodicocr.com/comision-de-la-caja-vuelve-a-quedar-en-blanco-por-falta-de-cuorum/
[2026-04-26 12:09:37,770] DEBUG - elperiodicocr: [645/2088] Procesando: https://elperiodicocr.com/violencia-en-pavas-seis-balaceras-en-una-semana-desatan-temor-entre-vecinos/
[2026-04-26 12:09:43,486] DEBUG - elperiodicocr: [646/2088] Procesando: https://elperiodicocr.com/tormenta-tropical-melissa-deja-3-muertos-en-haiti-y-podria-convertirse-en-huracan/
[2026-04-26 12:09:49,211] DEBUG - elperiodicocr: [647/2088] Procesando: https://elperiodicocr.com/cne-alerta-por-aumento-de-lluvias-este-fin-de-semana-e-insta-a-la-poblacion-a-extremar-precauciones/
[2026-04-26 12:09:54,370] WARNING - elperiodicocr: Sin texto extraído: https://elperiodicocr.com/cne-alerta-por-aumento-de-lluvias-este-fin-de-semana-e-insta-a-la-poblacion-a-extremar-precauciones/
[2026-04-26 12:09:55,403] DEBUG - elperiodicocr: [648/2088] Procesando: https://elperiodicocr.com/fallece-asesora-y-aspirante-a-diputada-por-el-plp-eli-feinzaig-trasladado-en-helicoptero-y-hospitalizado-tras-accidente/
[2026-04-26 12:10:01,883] WARNING - elperiodicocr: Sin texto extraído: https://elperiodicocr.com/fallece-asesora-y-aspirante-a-diputada-por-el-plp-eli-feinzaig-trasladado-en-helicoptero-y-hospitalizado-tras-accidente/
[2026-04-26 12:10:02,909] DEBUG - elperiodicocr: [649/2088] Procesando: https://elperiodicocr.com/bala-perdida-hiere-a-menor-de-13-anos-dentro-de-su-casa-en-pavas/
[2026-04-26 12:10:07,518] WARNING - elperiodicocr: Sin texto extraído: https://elperiodicocr.com/bala-perdida-hiere-a-menor-de-13-anos-dentro-de-su-casa-en-pavas/
[2026-04-26 12:10:08,547] DEBUG - elperiodicocr: [650/2088] Procesando: https://elperiodicocr.com/ee-uu-ataca-otra-presunta-narcolancha-en-el-caribe-y-deja-seis-muertos-pete-hegseth/
[2026-04-26 12:10:15,058] DEBUG - elperiodicocr: [651/2088] Procesando: https://elperiodicocr.com/costa-rica-sale-del-mapa-del-hambre-un-logro-destacado-por-la-fao/
[2026-04-26 12:10:19,655] WARNING - elperiodicocr: Sin texto extraído: https://elperiodicocr.com/costa-rica-sale-del-mapa-del-hambre-un-logro-destacado-por-la-fao/
[2026-04-26 12:10:20,687] DEBUG - elperiodicocr: [652/2088] Procesando: https://elperiodicocr.com/laura-fernandez-pacta-con-evangelicos-y-fabricio-alvarado-se-proclama-como-el-unico-candidato-conservador/
[2026-04-26 12:10:26,889] DEBUG - elperiodicocr: [653/2088] Procesando: https://elperiodicocr.com/tse-rechaza-amparo-electoral-presentado-por-marta-esquivel/
[2026-04-26 12:10:30,658] DEBUG - elperiodicocr: [654/2088] Procesando: https://elperiodicocr.com/congreso-aprueba-en-primer-debate-ley-contra-el-silencio-en-casos-de-abuso-sexual-a-menores-y-personas-con-discapacidad/
[2026-04-26 12:10:35,215] WARNING - elperiodicocr: Sin texto extraído: https://elperiodicocr.com/congreso-aprueba-en-primer-debate-ley-contra-el-silencio-en-casos-de-abuso-sexual-a-menores-y-personas-con-discapacidad/
[2026-04-26 12:10:36,243] DEBUG - elperiodicocr: [655/2088] Procesando: https://elperiodicocr.com/cnfl-y-mopt-deben-retirar-anuncios-ilegales-tras-orden-de-la-contraloria-general/
[2026-04-26 12:10:41,035] WARNING - elperiodicocr: Sin texto extraído: https://elperiodicocr.com/cnfl-y-mopt-deben-retirar-anuncios-ilegales-tras-orden-de-la-contraloria-general/
[2026-04-26 12:10:42,065] DEBUG - elperiodicocr: [656/2088] Procesando: https://elperiodicocr.com/diputada-moreira-brown-invita-a-foro-sobre-avances-y-desafios-de-la-politica-nacional-de-envejecimiento-y-vejez/
[2026-04-26 12:10:46,744] WARNING - elperiodicocr: Sin texto extraído: https://elperiodicocr.com/diputada-moreira-brown-invita-a-foro-sobre-avances-y-desafios-de-la-politica-nacional-de-envejecimiento-y-vejez/
[2026-04-26 12:10:47,777] DEBUG - elperiodicocr: [657/2088] Procesando: https://elperiodicocr.com/tormenta-tropical-melissa-influira-de-forma-indirecta-en-el-pais-con-lluvias-entre-moderadas-y-fuertes/
[2026-04-26 12:10:53,445] DEBUG - elperiodicocr: [658/2088] Procesando: https://elperiodicocr.com/caso-barrenador-se-baso-en-informe-contable-con-errores-matematicos-senala-informe-forense/
[2026-04-26 12:10:59,198] DEBUG - elperiodicocr: [659/2088] Procesando: https://elperiodicocr.com/suspension-temporal-del-servicio-de-agua-en-distritos-centricos-de-san-jose-este-jueves/
[2026-04-26 12:11:05,425] DEBUG - elperiodicocr: [660/2088] Procesando: https://elperiodicocr.com/pln-fa-y-oficialismo-formaran-parte-de-comision-especial-para-levantar-inmunidad-a-chaves/
[2026-04-26 12:11:10,092] WARNING - elperiodicocr: Sin texto extraído: https://elperiodicocr.com/pln-fa-y-oficialismo-formaran-parte-de-comision-especial-para-levantar-inmunidad-a-chaves/
[2026-04-26 12:11:11,112] DEBUG - elperiodicocr: [661/2088] Procesando: https://elperiodicocr.com/hacienda-solicita-a-la-asamblea-aprobacion-de-credito-por-290-millones-para-cubrir-vencimientos-de-deuda-en-2026/
[2026-04-26 12:11:15,530] WARNING - elperiodicocr: Sin texto extraído: https://elperiodicocr.com/hacienda-solicita-a-la-asamblea-aprobacion-de-credito-por-290-millones-para-cubrir-vencimientos-de-deuda-en-2026/
[2026-04-26 12:11:16,557] DEBUG - elperiodicocr: [662/2088] Procesando: https://elperiodicocr.com/iztaru-alfaro-ante-suspension-de-alcalde-miranda-se-debe-respetar-el-proceso/
[2026-04-26 12:11:22,317] DEBUG - elperiodicocr: [663/2088] Procesando: https://elperiodicocr.com/oij-confirma-que-ligia-faerron-murio-por-asfixia-su-hija-exige-justicia-en-emotivo-mensaje/
[2026-04-26 12:11:28,130] DEBUG - elperiodicocr: [664/2088] Procesando: https://elperiodicocr.com/75-de-la-poblacion-no-tiene-afinidad-con-ningun-partido-politico-segun-ucr/
[2026-04-26 12:11:34,090] DEBUG - elperiodicocr: [665/2088] Procesando: https://elperiodicocr.com/defensoria-media-dialogo-entre-la-ccss-y-el-imas-por-disputa-sobre-actualizacion-de-datos-de-poblacion-vulnerable/
[2026-04-26 12:11:41,114] DEBUG - elperiodicocr: [666/2088] Procesando: https://elperiodicocr.com/concejo-municipal-de-san-jose-suspende-al-alcalde-diego-miranda-por-15-dias-por-incumplimiento-de-deberes/
[2026-04-26 12:11:47,966] DEBUG - elperiodicocr: [667/2088] Procesando: https://elperiodicocr.com/laura-fernandez-lidera-intenciones-de-voto-segun-encuesta-de-ciep-ucr/
[2026-04-26 12:11:55,608] DEBUG - elperiodicocr: [668/2088] Procesando: https://elperiodicocr.com/reunion-entre-trump-y-zelenski-estuvo-marcada-por-la-tension-y-la-peticion-de-ceder-territorios-segun-fuentes/
[2026-04-26 12:12:06,467] DEBUG - elperiodicocr: [669/2088] Procesando: https://elperiodicocr.com/frente-amplio-marca-distancia-y-vota-contra-permiso-al-buque-estadounidense-en-medio-de-crisis-de-seguridad/
[2026-04-26 12:12:11,496] DEBUG - elperiodicocr: [670/2088] Procesando: https://elperiodicocr.com/laura-fernandez-critica-al-gobierno-por-ministros-gueros-y-cuestiona-falta-de-protocolos-de-seguridad/
[2026-04-26 12:12:18,174] DEBUG - elperiodicocr: [671/2088] Procesando: https://elperiodicocr.com/con-rechazo-del-fa-diputados-avalan-donaciones-a-asoc-obras-del-espiritu-santo/
[2026-04-26 12:12:24,642] DEBUG - elperiodicocr: [672/2088] Procesando: https://elperiodicocr.com/onda-tropical-melissa-se-forma-en-el-caribe-y-aumentara-lluvias-en-costa-rica/
[2026-04-26 12:12:29,196] WARNING - elperiodicocr: Sin texto extraído: https://elperiodicocr.com/onda-tropical-melissa-se-forma-en-el-caribe-y-aumentara-lluvias-en-costa-rica/
[2026-04-26 12:12:30,234] DEBUG - elperiodicocr: [673/2088] Procesando: https://elperiodicocr.com/maduro-pide-crear-aplicacion-para-que-la-gente-reporte-todo-lo-que-ve-todo-lo-que-oye/
[2026-04-26 12:12:35,984] DEBUG - elperiodicocr: [674/2088] Procesando: https://elperiodicocr.com/fracasa-segundo-intento-del-pusc-para-acelerar-jornadas-de-12-horas/
[2026-04-26 12:12:41,880] DEBUG - elperiodicocr: [675/2088] Procesando: https://elperiodicocr.com/ucr-y-municipalidades-integraran-mesa-tecnica-para-atender-inundaciones-en-quebrada-los-negritos/
[2026-04-26 12:12:47,504] DEBUG - elperiodicocr: [676/2088] Procesando: https://elperiodicocr.com/telecable-consolida-su-liderazgo-en-telecomunicaciones-por-tercer-ano-consecutivo-segun-merco-2025/
[2026-04-26 12:12:53,109] DEBUG - elperiodicocr: [677/2088] Procesando: https://elperiodicocr.com/colombia-aguarda-el-fallo-definitivo-contra-el-expresidente-uribe-por-sobornar-a-paramilitares/
