source|url|title|publication_date|scraping_date|section|full_text|language|_discard_reason
lareaccioncr|https://lareaccioncr.com/2026/04/06/digalo-cuando-el-arte-nos-reune-el-verdadero-sentido-de-ser-banco-popular/|¡Dígalo! Cuando el arte nos reúne: el verdadero sentido de ser Banco Popular||2026-05-16 09:07:48|mercados|Hay momentos en los que un país se reconoce a sí mismo. Momentos en los que miles de personas, sin distinción alguna, se encuentran en un mismo espacio para compartir algo tan simple -y a la vez tan profundo- como la alegría. Eso fue lo que vivimos, en las últimas semanas, durante el Festival Internacional de las Artes (FIA). Tuve el privilegio de estar presente tanto en su inauguración como en su clausura, y lo que ahí se vivió no se mide únicamente en cifras -aunque también las hay y son contundentes-, sino en emociones: en las sonrisas de los niños, en las familias reunidas sobre el césped de La Sabana, en jóvenes cantando a todo pulmón, en personas adultas mayores disfrutando, tal vez recordando, tal vez descubriendo. Vi alegría. Vi juventud. Vi familias. Vi un país latiendo unido. El FIA celebró 37 años consolidándose como el evento cultural público más grande de Costa Rica. En esta edición, cerca de 200.000 personas participaron a lo largo de diez días de programación, en un encuentro que reunió a 968 artistas —la gran mayoría nacionales—, distribuidos en más de 100 espectáculos y múltiples sedes a lo largo de la ciudad. Más que cifras, estos datos reflejan algo mucho más profundo: el enorme valor que tiene la cultura cuando se abre, se comparte y se pone al alcance de todas las personas. Pero más allá de su magnitud, hay algo que define profundamente a este festival: su esencia pública, abierta, accesible. Que el 95% de su programación sea gratuita o de costo simbólico no es un dato menor. Es una declaración de principios. Es la convicción de que la cultura es un derecho, no un privilegio. Y es ahí donde, como Banco Popular y de Desarrollo Comunal, encontramos el sentido más profundo de nuestra participación. Porque estar presentes en el FIA no es simplemente acompañar un evento. Es estar donde debemos estar: del lado de la gente. Es creer en esos espacios donde una familia puede disfrutar sin preocuparse por el costo de una entrada. Donde un niño puede descubrir el arte por primera vez. Donde un joven encuentra inspiración. Donde una comunidad se reencuentra. En tiempos donde muchas actividades -especialmente en el ámbito del entretenimiento- se alejan del alcance de la mayoría, estos espacios cobran un valor aún más significativo. Espacios que no excluyen, que no segmentan, que no condicionan. Espacios que incluyen. Y que construyen bienestar. El FIA es también una plataforma para nuestros artesanos y pequeños emprendedores -más de 100 iniciativas culturales y productivas-, muchos de ellos parte fundamental de la Asamblea de Trabajadores y Trabajadoras del Banco Popular. Ver sus productos, su talento, el fruto de su esfuerzo, conectando con el público y siendo valorados, es una de las expresiones más auténticas del desarrollo con rostro humano que promovemos como institución. Además, este esfuerzo colectivo generó más de 1.300 empleos directos e indirectos, evidenciando que la cultura también impulsa oportunidades, dinamiza la economía y construye bienestar. Porque el bienestar no es solo financiero. El bienestar también es emocional. También es cultural. También es colectivo. Nuestra alianza con el Ministerio de Cultura y Juventud permite que estos espacios se hagan realidad. Y lo decimos con convicción: este tipo de articulaciones son las que transforman el espacio público en un lugar de encuentro, de convivencia, de identidad. Cuando el arte toma la ciudad, como bien lo señaló el propio Ministerio, el país late distinto. Y nosotros queremos latir ahí. Queremos estar donde hay risas, donde hay música, donde hay encuentro. Queremos ser parte de esos momentos en los que una persona se siente parte de algo más grande. Porque ese es, en esencia, nuestro propósito. Ver a miles de personas reunidas, disfrutando, cantando, riendo, compartiendo… esa es nuestra mayor recompensa. Ese es nuestro objetivo. Y es, también, la mejor forma de honrar nuestro nombre: ser, verdaderamente, un Banco Popular. Jessica Borbón Garita Directora de Relaciones Corporativas Banco Popular y de Desarrollo Comunal|es|Campo obligatorio nulo: publication_date
lareaccioncr|https://lareaccioncr.com/2026/01/26/laura-fernandez-acusa-a-fabricio-alvarado-de-acoso-sexual-y-promesas-de-biblias/|Laura Fernández acusa a Fabricio Alvarado de acoso sexual, y promesas de biblias||2026-05-16 09:07:48|destacados|Hechos habrían ocurrido cuando aspirante oficialista era asesora legislativa y el ahora candidato de Nueva República estuvieron en la Asamblea como asesora y diputado en el periodo constitucional 2014-2018. De acuerdo con la aspirante presidencial de Pueblo Soberano, los hechos habrían ocurrido cuando Fernández Delgado fue asesora legislativa cuando Alvarado fue primera vez diputado en el periodo 2014-2018 La aspirante presidencial del Partido Pueblo Soberano, Laura Fernández lanzó una serie de graves acusaciones contra el aspirante presidencial del Partido Nueva República, Fabricio Alvarado por aparentes casos de acoso sexual. De acuerdo con Fernández, los hechos ocurrieron cuando ella fungió como asesora legislativa en el periodo en que Alvarado fue por primera vez diputado en el periodo 2014-2018 bajo la bandera del Partido Restauración Nacional; mientras Fernández era la jefa de asesoría parlamentaria del Partido Alianza Demócrata Cristiana que tenía como diputado a Mario Redondo Poveda. Las palabras de Fernández fue el punto cumbre de una serie de tensiones entre ambos candidatos durante el debate organizado por Cadena de Emisoras Columbia y la Universidad Latina. “Quiero decirles que nos libre Dios de un lobo con piel de oveja, yo no vine aquí a recordarle a don Fabricio, pero creo que tengo en nombre de las mujeres de Costa Rica tengo que alzar la voz, alzar la voz porque cuando fui asesora legislativa al igual que muchos más recibí acoso de este señor, comentarios pasados, fotografías; y lo que es más grave usando el nombre de Dios. Nunca voy a olvidar cuando me arrinconó en una oficina con la falsa promesa de regalarme una biblia”, expuso. Fernández manifestó que este testimonio lo contó con el fin de que Costa Rica la conociera, y en especial las mujeres, y que ella afirma no tendrá miedo de denunciar y levantar la voz por justicia por las miles de costarricenses víctimas de un montón de cochinos. Al cierre del debate, Alvarado se refirió a las palabras y acusaciones de Fernández como un ataque muy bajo y una demostración de lo que era capaz Fernández con tal de seguir en el poder, y afirmó que estudiaría la posibilidad de una demanda. Mientras tanto Fernández salió del espacio del debate sin ampliar más sobre estas palabras expresadas durante el debate.|es|Campo obligatorio nulo: publication_date
lareaccioncr|https://lareaccioncr.com/2026/01/23/eli-feinzaig-el-chavismo-no-quiere-modificar-la-constitucion-para-que-funcione-mejor/|Eli Feinzaig: “El chavismo no quiere modificar la Constitución para que funcione mejor”||2026-05-16 09:07:48|politica|El aspirante presidencial del Partido Liberal Progresista afirma que la campaña electoral está atípicamente fría por el temor que muchos ciudadanos tienen de mostrar su simpatía política El aspirante presidencial del Partido Liberal Progresista, Eliecer Feinzaig Mintz afirmó que el proyecto del Partido Pueblo Soberano (PPSO) para tomar el control de la Asamblea Legislativa, y como ellos mismos lo han expresado realizar cambios profundos en la Constitución Política no tiene como fin que esta funcione mejor, si no de tomarla para tener el control absoluto. Estas fueron parte de las declaraciones del también diputado liberal durante su participación en el espacio “Inteligencia Electoral” de La Reacción este viernes 23 de enero, cuando ya estamos a tan solo 9 días del proceso de elecciones nacionales. Feinzaig hizo un llamado a que los costarricenses ejerzan el voto para la defensa de una democracia que según él está en riesgos de hacer perder a los ciudadanos incluso en sus libertades más inmediatas. “Hay candidatos y esto no es solo Laura Fernández, hay candidatos como Fabricio Alvarado o José Aguilar Berrocal que andan hablando tranquilamente de estado de excepción, de levantar las garantías individuales y en particular el proyecto chavista que habla de reformar la Constitución, pero no es reformarla para que las cosas funcionen mejor, si no reformarla para quedarse con el poder absoluto”, expresó. El también diputado del actual periodo no es egoísta en reconocer que la democracia costarricense entró en riesgo desde que dejó de trabajar para la gente, y valida y da consentimiento al enojo ciudadano existente con la institucionalidad, pero que según él no es válido para montar un sistema de dictadura que no solo no resolvió los problemas, si no que más acusó a todos de no hacer nada para resolver los problemas de la ciudadanía. El aspirante presidencial reconoce que el status quo tiene a Costa Rica detenida en el tiempo, y carente de reformas importantes en muchos ámbitos, y afirma saber que muchas personas quieren que ocurra una variación por la vía de la fuerza, y es consciente de que quizá esta administración alimentó esa idea, pero desmiente que sea cierto. “Legislar no es fácil, el proceso legislativo está diseñado para que no sea fácil aprobar una ley en cualquier parte del mundo no solo en Costa Rica ¿por qué? Porque cualquier diputado plantea una ocurrencia y si cualquier ley pasa, pues entonces vamos a estar llenos de ocurrencias. Entonces el trámite legislativo está hecho para que haya todo un proceso de análisis, discusión, negociación, etc; y este gobierno decidió renunciar a la negociación, a hacer que las cosas avancen en ese proceso”, apuntó. Feinzaig puso de ejemplo a la administración de Carlos Alvarado que logró el impulso de una serie de leyes muy complejas mediante la negociación como fue el caso del plan fiscal, que él afirma no le gustó, la ley antihuelgas, la ley marco de empleo público, entre otros. Ahora bien, el liberal acepta que hay una porción de la oposición política que le interesa solamente “pararse en la manguera” para no permitir que ninguna iniciativa o proyecto de ley mejore o avance. Pero también sostiene que algunos de los proyectos presentados por el actual Gobierno no avanzaron por puro capricho, como fue el que presentó la actual candidata oficialista para cerrar instituciones. “Ese proyecto de ley para empezar no cerraba ninguna institución, lo que cerraba eran departamentitos por ahí de diferentes instituciones. En la mayoría de los casos lo que hacía era quitarles las juntas directivas con lo que yo estoy de acuerdo, pero no era el proyecto de ley bien planteado. Había cosas graves dentro de lo que recuerdo por ejemplo cerraban el Instituto de Formación en el Ministerio de Educación para capacitar a los maestros, entonces estamos en una crisis de educación donde los maestros mismos reclaman que no se les da capacitación y actualización adecuada, y aquí cerraban “de cuajo” esa carambada y dejaban la capacitación a expensas del ministro de turno”, expuso Feinzaig. Sobre los procesos fallidos para el reclutamiento de los diputados que terminaron por renunciar a la diputación o hacerse independientes, el actual candidato afirma que la pandemia influyó mucho porque no pudieron conocer los líderes políticos de cada provincia, y en esta oportunidad no ocurrió algo así. Finalmente Feinzaig Mintz fue enfático en que esta campaña la siguió por seguir en parte con lo que hubiese querido su amiga y asistente Ericka Benavides; quién murió tras un mortal accidente ocurrido en octubre pasado durante un viaje en la campaña política.|es|Campo obligatorio nulo: publication_date
lareaccioncr|https://lareaccioncr.com/2026/01/21/alvaro-ramos-afirma-que-laura-fernandez-no-es-titere-de-nadie-y-tiene-agenda-propia/|Álvaro Ramos afirma que Laura Fernández “no es títere de nadie y tiene agenda propia”||2026-05-16 09:07:48|politica|El aspirante verdiblanco advierte que en muchas oportunidades detrás del circo político que quizá no dañe a nadie, puede existir una mafia y ahí es dónde está el verdadero peligro El aspirante presidencial del Partido Liberación Nacional, Álvaro Ramos afirma con severidad que la candidata del Partido Pueblo Soberano y representante del oficialismo, Laura Fernández no es títere de nadie. Estas fueron parte de sus reflexiones y lo que compartió durante una entrevista especial que mantuvo en el espacio “Inteligencia Electoral” de La Reacción este miércoles 21 de enero. En no pocos espacios se ha dicho que Fernández sería una extensión del gobierno de Rodrigo Chaves, descartando las posibilidades de que maneje su propio movimiento político, pero esa teoría no convence a Álvaro Ramos. “Yo sí quisiera ser cuidadoso con eso don Danilo, y sobre todo porque es un tipo de ataque que me hacen a mí. Yo no creo que ella sea un títere para nada como tampoco lo soy yo. Me da la impresión de que ella tiene su propia agenda y le ha convenido estar cerca de don Rodrigo como en su momento le convino estar cerca de don Mario Redondo y en su momento cerca de Liberación Nacional, ella está construyendo su propio proyecto político”, manifestó. Fernández Delgado fue en su pasado reciente asesora en el Ministerio de Planificación y Política Económica durante la segunda administración de Oscar Arias Sánchez, posterior fue asesora legislativa de Redondo Poveda y lo acompañó un breve espacio en el primer periodo de este como alcalde de Cartago, y ya más en la actualidad como ministra en dos carteras de la actual administración: primero en Mideplan, y posterior en Presidencia. Sin embargo esto no fue lo único revelador de la entrevista. Durante su participación en el espacio, el de profesión economista y que figuró como parte de los miembros del actual Poder Ejecutivo cuando fungió como Presidente Ejecutivo de la Caja Costarricense de Seguro Social hizo una advertencia sobre los actos inaugurales de los últimos días liderado por el mandatario. Según Ramos en muchas ocasiones, aún y cuando esos actos públicos podrían tener algo de circense no es ahí donde está el peligro. “Quiero ser muy enfático en esto: el circo esconde la mafia; por ejemplo y eso no era algo que necesariamente ocurría antes, en el pasado el circo podía ser que ponían la primera piedra y no era verdad, pero tampoco era que le hacían daño a nadie. Ahora el circo es por ejemplo un ataque del presidente al arzobispo, pero al final al arzobispo le entra flojo porque siempre tendrá ese puesto; pero cuidado detrás del ataque y del circo hay algo que es mafia que es la subasta para quitar el acceso a las frecuencias a las radios religiosas, entonces el juego es: “miren aquí vean que feo como le hablé al arzobispo”, pero abajo está el verdadero acto”, sentenció. En este sentido el aspirante sugirió tener cuidado y prestar atención a esta dinámica que ocurre con diferentes objetivos detrás. La Reaccíón procurará tener encuentros con la mayoría de los aspirantes presidenciales, el próximo viernes nos acompañará el candidato del Partido Liberal Progresista, Eliécer Feinzaig a primera hora, y por la tarde Marco Rodríguez, aspirante de Esperanza y Libertad. } Repase la conversación con el liberacionista a continuación.|es|Campo obligatorio nulo: publication_date
lareaccioncr|https://lareaccioncr.com/2026/01/15/claudio-alpizar-rodrigo-chaves-necesita-a-bukele-para-mantener-su-popularidad/|Claudio Alpizar: “Rodrigo Chaves necesita a Bukele para mantener su popularidad”||2026-05-16 09:07:48|politica|Aspirante de Esperanza Nacional advierte que estrategia de “toque de queda” pensada por Laura Fernández y Fabricio Alvarado solamente afectaría a las poblaciones más vulnerables Para el aspirante presidencial del Partido Esperanza Nacional, Claudio Alpizar la popularidad del presidente Rodrigo Chaves está últimamente sujeta a contar con la compañía y cercanía del presidente de El Salvador, Nayib Bukele. Sus declaraciones fueron parte de su participación en el espacio “Inteligencia Electoral” de La Reacción este jueves 15 de enero donde el aspirante presidencial expresó su preocupación sobre todo por lo que las acciones del mandatario salvadoreño ocasionaron hasta la fecha en el vecino país, y parte de las propuestas que tienen la candidata oficalista Laura Fernández e incluso rivales como Fabricio Alvarado. “Tengo amigos salvadoreños que están enormemente preocupados porque a raíz de la popularidad del presidente Bukele sus medios de comunicación son perseguidos, en El Salvador no hay libertad de prensa. En El Salvador el tema fundamental era la inseguridad ciertamente, pero sobre la base de la inseguridad el presidente Bukele cercenó y continua cercenando con base en el estado de excepción un montón de derechos individuales, y acá la misma candidata oficialista e incluso Fabricio Alvarado lo proponen como la gran solución al tema de la inseguridad”, explicó. Alpizar afirma que cuando se pone un “toque de queda” o “estado de excepción” en el país en una comunidad específica o humilde son gente buena, pero que por su incapacidad de recursos no pueden irse a vivir a un barrio lujoso y viven encerrados, y que cuando se encierra a las personas malas también se afecta a las personas honestas. En cuanto a ese principal problema que manifiestan los costarricenses entre sus preocupaciones como lo es la seguridad ciudadana, Alpizar afirma que la actual administración dejó el asunto “a tontas y locas” y la salida más fácil es culpar al Poder Judicial y la Asamblea Legislativa, y según dijo provoca tristeza que algún sector de la ciudadanía crea en esas prerrogativas. El aspir:ante cuestionó además que la construcción de la nueva cárcel, cuyo inicio fue anunciado este miércoles en las propias instalaciones del complejo “La Reforma” pudo ser anunciado de forma mucho más anticipada. “Si tanto le preocupaban las cárceles desde el día uno cuando empezó su gobierno porque si no hay espacio en las cárceles es culpa tanto de este gobierno, de los dos gobiernos del PAC, es culpa de los dos gobiernos de Liberación Nacional, y puede ser que hasta de la Unidad, porque es el Ejecutivo el de las cárceles, no puede estar echándole la culpa de la inseguridad al Judicial cuando el judicial lo que hace es calcular las penas”, manifestó. Entre otras de sus manifestaciones durante el espacio, Alpizar manifestó que algunos de los ministros de la actual administración no tienen dignidad, y por eso descartó que en caso de llegar a Zapote los dejaría o mantendría en sus puestos.|es|Campo obligatorio nulo: publication_date
lareaccioncr|https://lareaccioncr.com/2025/12/28/roger-madrigal-cree-que-errores-y-omisiones-es-por-cambio-de-divisas-de-turistas/|Róger Madrigal cree que “errores y omisiones” es por cambio de divisas de turistas||2026-05-16 09:07:48|mercados|De esta manera el presidente del Banco Central justifica los $712 millones cuyos fondos “no tienen explicación”, según el ex jerarca Rodrigo Cubero. Para el presidente del Banco Central, Róger Madrigal, una de las posibles explicaciones a la aparición de $712 millones de dólares en la cuenta de Balanza de Pagos que no tienen explicación de su ingreso al país, y por lo cual se califican como “errores y omisiones”, tiene que ver con dineros no declarados por turistas. Durante la comunicación de la resolución que tomó la Junta Directiva de la entidad monetaria en reducir 0.25% la Tasa de la Política Monetaria el pasado 18 de diciembre, La Reacción aprovechó para cuestionar al jerarca sobre su apreciación de este dato, mismo que desde 2021 viene en crecimiento, con la única excepción del 2024. “En la balanza de pagos es otra metodología, no es una metodología caja, si no devengado. Entonces voy a ponerle un ejemplo: una persona va al extranjero, hace gastos, paga con sus dólares, saco el dinero de su cuenta bancaria en Costa Rica, y en los sistemas de registro no queda eso como pagos de turismo. Como la balanza de pagos mide cuenta corriente, cuenta de capital y reservas, hay algunos que no quedan, se les denomina errores y omisiones”, explicó Madrigal López. De acuerdo con el máximo responsable de la política monetaria del país, este fenómeno ocurre de este modo en todas partes del mundo, pero aprovechó para sentenciar que esta situación no impacta de forma directa el mercado cambiario, es decir el lugar donde usted y yo transaccionamos dólares para distintos propósitos. De esta manera, en el criterio de Madrigal la tesis de Rodrigo Cubero, su antecesor en el puesto; de que dineros del crimen organizado podrían estar ingresando a los datos del Banco Central no tiene mayor sostenibilidad. Otras fuentes de confianza de La Reacción sugirieron que los recursos no explicados en la cuenta y calificados como “errores y omisiones” podrían estar asociados a dineros de tesorerías internacionales que aprovechan ventajas de tasas de interés, en particular la denominada “tasa overnight” cuyo nombre técnico es Tasa Interbancaria Garantizada a un día en colones (TIG-1), la cual en diciembre del presente año está fija en 3.28%. Sin embargo, Madrigal también descartó dicha posibilidad. “Los números no dan, ¿sabe cuánto es la tasa en Brasil? El 15% que es un mercado mucho más grande, quien en su sano juicio va a tomar dólares convertirlos a una moneda local para que le paguen 3.50% acá cuando le pueden pagar 15% en Brasil, y así otros mercados como Chile o México”, justificó. Madrigal dijo que los Estados Unidos tiene mucho menor riesgo en este sentido, por ser los emisores naturales de dólares. Cubero pidió mantenerse alerta sobre el comportamiento del indicador de cara al futuro. Observe las explicaciones del presidente del Banco Central a continuación.|es|Campo obligatorio nulo: publication_date
lareaccioncr|https://lareaccioncr.com/2025/12/|9 de diciembre de 2025||2026-05-16 09:07:48|protagonistas|Róger Madrigal cree que “errores y omisiones” es por cambio de divisas de turistas De esta manera el presidente del Banco Central justifica los $712 millones cuyos fondos “no tienen explicación”, según el ex jerarca Rodrigo Cubero. Para el presidente del Banco Central, Róger Madrigal, una de las posibles explicaciones a la aparición de $712 millones de dólares en la|es|Campo obligatorio nulo: publication_date
lareaccioncr|https://lareaccioncr.com/2025/12/18/persona-fallecida-en-2017-aparece-entre-notificados-por-tierras-en-sacramento/|Persona fallecida en 2017 aparece entre notificados por tierras en Sacramento||2026-05-16 09:07:48|destacados|Ministro de Ambiente y Energía, Franz Tattenbach dijo este miércoles en Casa Presidencial que no se habían firmado notificaciones que daban por agotado la vía administrativa Carlos Humberto Víquez Vargas cuyo número de cédula es 401100525 aparece entre las personas notificadas por el Área de Conservación Central el 6 de agosto del año 2024 como una advertencia única y final para que presenten los requisitos donde se legitime la posesión de derechos de propiedad de previo a la emisión de la ley 65 de 1888. Sin embargo en el documento que tiene firma digital de Meryll María Arias Quirós, como directora a.i del Área de Conservación Central obviaron un elemento y aspecto medular, don Carlos Humberto falleció el 16 de junio de 2017, es decir más de siete años después las autoridades del Área de Conservación Central (ACC) esperaban que este ciudadano herediano presentara documentos que lo certificase como poseedor de derechos de propiedad. Como se percibe en esta información provista por el Registro Civil don Carlos Humberto murió en el año 2017. No obstante, ahí no está lo más relevante del documento (del que La Reacción tiene una copia, negrita y subrayados son propios del documento original) en cuestión, pues en el mismo se lee lo siguiente: “Los anteriores expedientes se encuentran en estado de inactividad por más de seis meses, por esto, y en cumpliendo a la Ley General de Administración Pública se otorga un plazo de QUINCE DÍAS HÁBILES para la presentación de requisitos, bajo apercibimiento que, en caso de incumplimiento, se procederá a remitir los expedientes al Despacho del señor Ministro con la información que consta dentro del mismo en ese momento, con el fin de que se proceda como legalmente corresponde”. Este fue el documento mediante el cual aparece la notificación a Carlos Humberto Víquez Vargas, de seguido puede verse que es la persona 102 notificada de un total de 116 expedientes Es decir, la directora interina del Área de Conservación Central dio un últimatum a vecinos que no podían defenderse como el caso de don Carlos cuyo expediente era el SINAC-ACC-PNE-3225-2010, porque en este caso estaba muerto, y así demostrar sus derechos de propiedad. NOTIFICACIONES INCOMPLETAS Y FIRMAS COMPROMETEDORAS Sin embargo hay más, en un extracto de una de las resoluciones puede leerse como y citamos textualmente, “Que mediane oficio SINAC-ACC-AL-135-2022 de fecha del 30 de mayo de 2022 se le previno al solicitante que aportara información para poder demostrar la posesión decenal. Sin embargo, no hubo forma de poder notificar en el medio para recibir notificaciones señalado ni por medio de su abogado” se resuelve notificación de cierre de proceso administrativo porque no se encontrar a los dueños de las propiedades. Al final de dicho documento aparece la firma del ministro de Ambiente y Energía de la presente administración, Franz Tattenbach Capra; es decir el jerarca dio por agotadas las vías administrativas con notificaciones que no llegaron realmente a los propietarios de los terrenos hoy en disputa. Sin embargo este miércoles durante la conferencia de prensa semanal en Casa Presidencial Tattenbach dijo otra cosa, y que no se había notificado a personas para cerrar los procesos administrativos. “No hay ninguna notificación de desalojo, eso no es cierto. Hoy el viceministro de Ambiente se reunió con los señores de Sacramento, tienen una cita programada para el 15 de enero para estudiar los documentos que ellos dicen no se tomaron en cuenta. Lo vamos a abarcar en ese momento, lo que pudo haber causado inquietud es que hubo una notificación por medio de La Gaceta que fue una manera de llegar a todo mundo, dado que la Sala Cuarta nos está exigiendo notificar a 1700 propietarios que están incluidos en esta franja inalienable de la partición de aguas allá arriba en Barva de Heredia”, según explicó el ministro. Pese a que el Ministro de Ambiente, Franz Tattenbach negó envío de notificaciones o resoluciones, estas dos imágenes muestran tanto el documento como la firma del jerarca en los actos que cerraron los procesos administrativos. Cuando Tattenbach fue cuestionado por el presidente de la República, Rodrigo Chaves sobre el fondo de las notificaciones, nuevamente Tattenbach dio otra versión con base en los documentos que llegaron a los vecinos de Sacramento. “Lo que se les notifica, pero no es el caso de estos vecinos, es que por favor aporten las pruebas para saber si el terreno donde están estaba debidamente constituido decenalmente hacia atrás en 1888”, contestó el titular del Minae. Tattenbach manifestó que la construcción de la historia se hace con aportes del Registro Nacional, pero tal y cómo lo manifestó el asesor de la Asociación de Desarrollo de Sacramento, Mauricio Méndez el dictamen de la Procuraduría no hablaba de una sola fuente de información. “El dictamen de la Procuraduría es muy extenso, son como 120 páginas, pero lo que nos interesa es que indica que la responsabilidad de los estudios recae en los propietarios, como segundo punto indica claramente ya como una tesis definida que las propiedades ya inscritas o que hayan cumplido con la posesión decenal antes de la entrada en vigencia de la ley no están afectadas por la ley, tercero que para llegar a esa conclusión hay que hacer un análisis exhaustivo de todo el historial de las fincas, no de una parte”, explicó en la conversación que tuvo con La Reacción. Por ahora a los vecinos de Sacramento les tocará esperar a la reunión del 15 de enero de 2026, sin embargo la muestra de las evidencias es que las notificaciones fueron incorrectas y hasta vinculado con personas fallecidas que jamás podrían haberse defendido de las pretensiones del Área de Conservación Central (ACC) del Sistema Nacional de Áreas de Conservación (Sinac) del Ministerio de Ambiente y Energía (Minae). Puede ver las declaraciones del ministro Franz Tattenbach a continuación. Las entregas especiales de Sacramento se las compartimos a continuación.|es|Campo obligatorio nulo: publication_date
lareaccioncr|https://lareaccioncr.com/2025/12/17/el-rop-no-se-da-a-pagos-de-polaco-dice-gerente-de-bn-vital/|El ROP no se da “a pagos de polaco” dice gerente de BN Vital||2026-05-16 09:07:48|mercados|Gerentes de las operadoras de pensiones defienden que el ROP es parte de un sistema multipilar de pensiones que corre un alto riesgo de ser debilitado sí se promueve un retiro masivo y total Uno de los principales enunciados elaborados por parte de las personas que exigen la entrega total de los dineros del Régimen Obligatorio de Pensiones (ROP) es que en la actualidad las personas reciben un monto minúsculo de los fondos ahorrados o existentes en las cuentas individuales de los hoy pensionados, anteriormente que formaron parte de la Población Economicamente Activa (PEA). Sin embargo el gerente general de BN Vital, Marco Vargas; además vicepresidente de la Asociación Costarricense de Operadoras de Pensiones (Acop) afirma que los dineros del ROP no se entregan hoy como “cuotas de polaco”, si no que son un complemento nada despreciable de las pensiones que reciben los ciudadanos, “Concuerdo que es una creencia, vamos a ver; los datos que tenemos en BN Vital es que una persona hoy se retira y en promedio recibe una pensión del IVM de alrededor de 450 mil colones, y el promedio de pensión que recibe del ROP es de 98 mil colones; estamos hablando del 25% de lo que representa el IVM. Eso no puede considerarse “pagos de polaco”, más bien le permite a las personas con una pensión de 450 mil colones aumentar en casi 100 mil colones su pensión”, explicó Vargas. El representante de las operadoras más bien planteó la cuestionante de que cómo se sentiría una persona que recibe hoy una pensión del IVM y que no recibe nada del ROP saber que su monto de retiro podría incrementarse en casi cien mil colones. Los gerentes de las operadoras de pensiones, y los gerentes de los sistemas básicos tal es el caso del fondo de pensiones de la Caja Costarricense de Seguro Social (IVM) y de la Junta de Pensiones del Magisterio Nacional (Jupema) brindaron una conferencia de prensa donde enfatizaron la importancia que el sistema multipilar de pensiones se mantenga y fortalezca, con lo cual reenviaron un mensaje de oposición a la idea de que los dineros del ROP puedan aprobarse un retiro total y/o parcial. Marco Vargas enfatiza que hay una idea generalizada presente en la población de que el monto de la pensión es solo aquello que se recibe del fondo básico, y lo que defiende tanto Acop como la propia Superintendencia de Pensiones (Supen) es que el ROP forma el segundo pilar de un sistema que necesita mantenerse sólido y lo más indivisible posible. Eso sí el representante aclaró que los estados de cuenta que hoy le llegan a la población deben de clarificarse y ser más transparente hacia la población. “Diversos estudios que tiene tanto la Superintendencia como las operadoras coinciden en que la información (de los estados de cuenta) sigue siendo confusa, difícil de entender; creo que ahí tenemos el reto de cómo somos capaces de mejorar el diseño y llevar el proceso de alfabetización respecto de lo que tiene en su cuenta, cómo se va a transformar en su pensión y que eso le va a resolver problemas”, explicó Vargas. Durante el encuentro con la prensa se dio la exposición de Ronulfo Jiménez, quién como economista y asesor del proyecto de Ley de Protección al Trabajador (LPT) y que dio origen en el año 2002 al Régimen Obligatorio de Pensiones (ROP) y los fondos voluntarios; explicó las evidencias de los problemas que suscitó en Perú el retiro total de los fondos de las pnesiones complementarias. Disfrute la entrevista en el siguiente video|es|Campo obligatorio nulo: publication_date
lareaccioncr|https://lareaccioncr.com/2025/12/04/fecha-para-levantar-inmunidad-del-presidente-se-conocera-el-lunes/|Fecha para levantar inmunidad del presidente se conocerá el lunes||2026-05-16 09:07:48|protagonistas|En reunión de jefes de fracción se acordó que habrá 10 minutos por bloque integrante de la comisión especial para exponer criterios y defensa de posiciones. Los jefes y jefas de fracción definieron que el próximo lunes 8 de diciembre definirán la fecha en que se votará el eventual levantamiento de la inmunidad del presidente de la República, Rodrigo Chaves, en la solicitud presentada por el Tribunal Supremo de Elecciones para investigar la presunta comisión de beligerancia política. Originalmente el presidente de la Asamblea Legislativa, Rodrigo Arias planteó durante la reunión de jefes y jefas de fracción de este jueves que la fecha fuese el próximo 15 de diciembre. Sin embargo la representación de la líder del oficialismo, Pilar Cisneros; y la subjefa de fracción de Nueva República, Rosalía Brown afirmaron que es un tema que no habían discutido a lo interno de sus agrupaciones. Fue en razón de lo anterior que los legisladores establecieron un acuerdo para que el próximo lunes 8 de diciembre en una sesión extraordinaria de jefes y jefas de fracción, y con este como tema único se defina la fecha del procedimiento. Lo anterior porque todas las fracciones legislativas tendrán sus reuniones internas el propio lunes en horas de la mañana. El presidente de la República, Rodrigo Chaves enfrenta una serie de 15 señalamientos e investigaciones por parte del Tribunal Supremo de Elecciones por el presunto delito de beligerancia. De hecho con respecto a este particular el pasado 14 de noviembre tuvo su espacio de defensa, sin embargo tanto él como su abogado se levantaron y dejaron a los diputados con preguntas tras el anuncio de que el defensor del mandatario, José Miguel Villalobos tendría solo diez minutos para defender su postura. Durante el intercambio de los jefes y jefas de fracción se definió además que los integrantes de la comisión especial que estudio la solicitud para levantar el fuero de protección del mandatario integrado por las diputadas Alejandra Larios de Liberación Nacional, Rocío Alfaro del Frente Amplio y el oficialista Daniel Vargas tendrían 10 minutos cada uno para exponer sus conclusiones. En el entorno de la comisión los votos de Larios y Alfaro a favor, y de Vargas en contra recomendaron al Plenario Legislativo levantar la inmunidad de Chaves Robles. Posterior a eso de acuerdo con el diputado presidente del Congreso Rodrigo Arias se abrirá un espacio para un debate reglado en torno a las acciones del mandatario por el tema en el que se le investiga.|es|Campo obligatorio nulo: publication_date
lareaccioncr|https://lareaccioncr.com/2025/11/27/fabricio-alvarado-insistira-en-negociacion-con-iglesia-catolica-y-el-gobierno/|Fabricio Alvarado insistirá en negociación con Iglesia Católica y el Gobierno||2026-05-16 09:07:48|protagonistas|Diputado y candidato de Nueva República dice no saber porque Rodrigo Chaves habló de otro proyecto El diputado y candidato del Partido Nueva República, Fabricio Alvarado manifestó que no renunciará a sus intenciones de que la Iglesia Católica, el Gobierno y él como proponente del expediente legislativo 25315 para negociar las frecuencias de radio y televisión de los medios confesionales. Así lo confirmó a La Reacción al cierre del debate y conversatorio que se dio este miércoles en las instalaciones de la Junta de Pensiones del Magisterio Nacional en torno a temas de educación. Alvarado reaccionó de esta manera a la posición de la Conferencia Episcopal de no querer participar dentro de esta negociación, y más bien ser tomados en cuenta dentro de la subasta general de medios, pues de acuerdo con monseñor Javier Román Arias un tratamiento diferenciado “podría abrir la puerta a decisiones arbitrarias y a un manejo desigual del bien público”. Mientras tanto el legislador y candidato dijo no entender porque el Gobierno presentó otro proyecto de ley. “Nosotros vamos a insistir, a pesar de la posición de la Iglesia Católica por lo que a nosotros nos significa el mensaje que se está transmitiendo desde las emisoras cristianas, católicas, evangélicas, adventistas, etcétera. Vamos a insistir en ese proyecto de ley y buscar a la Iglesia Católica para explicarle cuál es nuestro punto, porque la posición de la Iglesia viene más en respuesta a los ataques del presidente de la República”, expuso. El presidente de la República, Rodrigo Chaves anunció durante la acostumbrada conferencia de prensa de los miércoles que había tenido una conversación con Alvarado para apoyar ese proyecto de ley con un nuevo texto, a lo cual Alvarado expuso que la intención de un nuevo texto puede ser arrastrar algunos votos del sector conservador hacia la candidata Laura Fernández. Sin embargo la propuesta de Chaves recibió la negativa de la cúpula de la Iglesia Católica al afirmar el presidente de la Conferencia Episcopal que: “creemos firmemente que el diálogo social debe sustentarse en la justicia y en la igualdad de condiciones, no en excepciones que fragmenten el espacio mediático. La comunicación pública -radio, televisión o prensa- es patrimonio de toda la ciudadanía, no solo de quienes profesan una fe o una doctrina”, reza la comunicación. Alvarado descartó que los ataques del mandatario Chaves al arzobispo de San José monseñor José Rafael Quirós compliquen esos espacios de acercamiento. “Nunca nunca porque nosotros defendemos los principios y valores que defiende la Iglesia Católica y la iglesia Evangélica porque nosotros defendemos la libertad religiosa no por un tema de si nos llevamos bien o mal, si no por un tema de convicción. Es más ni siquiera me fijo en si quienes dirigen esas radios apoyan o no a Nueva República en esta campaña electoral, porque si esto hubiese pasado hace dos años estaríamos igual porque es parte de nuestro ADN”, explicó el legislador. Sin embargo todo este tema de las frecuencias de radio y televisión ha quedado congelado por una medida cautelar de la Sala Constitucional mientras se resuelve por el fondo un recurso de amparo dirigido contra la Superintendencia de Telecomunicaciones, el Ministerio de Ciencia y Tecnología (Micitt) y la Presidencia de la República. Puede observar las declaraciones completas del legislador a continuación.|es|Campo obligatorio nulo: publication_date
lareaccioncr|https://lareaccioncr.com/2025/11/|20 de noviembre de 2025||2026-05-16 09:07:48|tendencias|Fabricio Alvarado insistirá en negociación con Iglesia Católica y el Gobierno Diputado y candidato de Nueva República dice no saber porque Rodrigo Chaves habló de otro proyecto El diputado y candidato del Partido Nueva República, Fabricio Alvarado manifestó que no renunciará a sus intenciones de que la Iglesia Católica, el Gobierno y él como proponente del expediente|es|Campo obligatorio nulo: publication_date
lareaccioncr|https://lareaccioncr.com/2025/11/26/candidatos-presidenciales-celebran-medida-cautelar-en-tema-frecuencias/|Candidatos presidenciales celebran medida cautelar en tema frecuencias||2026-05-16 09:07:48|politica|Afirman que además de ser un tema técnico tiene una amplia incidencia con acceso a la información de todas las personas, y de todas las regiones del país. La mayoría de candidatos presidenciales recibieron con buen animo y de forma positiva la decisión de la Sala Constitucional por congelar el proceso de subasta de las frecuencias de radio y televisión llevado a cabo por la Superintendencia General de Telecomunicaciones (Sutel). El magistrado Paul Rueda; juez instructor de la causa tomó la determinación “…ante el grave riesgo de una disminución significativa de los servicios de radiodifusión (tanto televisivos como radiofónicos) y con miras a prevenir la posible ocurrencia de daños severos, ya que, ante el alegado número de ofertas recibidas por la Sutel podría existir una reducción de al menos dos tercios de la cantidad actual”, reza el comunicado enviado por el máximo tribunal. La Reacción conversó con Claudia Dobles, Ana Virginia Calzada, Boris Molina y José Aguilar sobre este tema y la mayoría aplaudieron esta medida. “Estoy especialmente satisfecha con esa resolución de la Sala como lo autoriza la ley de la Jurisdicción Constitucional; cuando se suspende una acción ante la presentación de un recurso la Sala valora si podría ser que de no suspenderlo puedan causarse consecuencias difícilmente corregibles”, reflexionó Calzada. “Me parece una excelente decisión de la Sala Constitucional que aboga en este caso por un tema trasncendental para los ciudadanos y consumidores de la información y comunicación, y sobre todo para los amantes de la libertad de expresión. No es todavía definitiva, es una medida cautelar, que trae tranquilidad a muchos sectores, pero lo más importante es hacer un llamado a la conciliación y no utilizar esto como herramienta de más discordia”, puntualizó Boris Molina. “Celebro que esto es una democracia republicana donde hay pesos y contrapesos, y es algo que se agradece y valora. Me parece que es adecuado lo que pasa, nosotros esperamos que se puedan calibrar todas las variables y se considere primero las inversiones hechas previamente sean tomadas en cuenta por parte de las pequeñas y medianas empresas radiales, y en segundo aspecto que se adecúen los costos a los tiempos actuales”, manifestó José Aguilar del Partido Avanza. “Esto no es solo un tema técnico, es un tema de libertad de expresión, religiosa, pluralidad en los medios de comunicación, hasta un tema de proporcionalidad en que muchos de estos medios son pequeñas empresas que responden a iniciativas pequeñas y/o medianas”, reflexionó la candidata Dobles Camargo. Puede ver las declaraciones completas de los aspirantes a continuación. Por su parte Álvaro Ramos también mostró su criterio al respecto de este tema en particular: https://www.facebook.com/share/r/1ULhtFxN6f|es|Campo obligatorio nulo: publication_date
lareaccioncr|https://lareaccioncr.com/2025/11/26/chaves-guarda-las-cartas-en-tema-de-frecuencias-tras-medida-cautelar/|Chaves guarda “las cartas” en tema de frecuencias tras medida cautelar||2026-05-16 09:07:48|destacados|Presenta proyecto de ley para atender de forma separada situación de emisoras católicas y cristianas El presidente de la República, Rodrigo Chaves se guardó “las cartas” respecto de las futuras acciones en relación con el tema de las frecuencias de radio y televisión, esto luego de que la Sala Constitucional dictó una medida cautelar para frenar el proceso de subasta de las frecuencias de radio y televisión. Chaves tomó la palabra durante su acostumbrada conferencia semanal para referirse al tema que desde finales de la semana pasada generó tanta polémica en el país luego de que al 21 de noviembre pasado tan solo 4 canales de televisión a escala nacional y alrededor de 25 emisoras en la frecuencia modulada presentaron sus ofertas para hacerse con la operación del espectro radio eléctrico. El mandatario afirmó que tras la decisión, que no le sorprende, no diría cuál iba a ser la negociación con la Superintendencia de Telecomunicaciones (Sutel); ente que finalmente definió los montos base del concurso por las frecuencias, aunque adelantó que sería mejor a lo actual. “Ibamos a negociar y sacar el tema delante de manera que estoy seguro iba a ser más satisfactorio para todos los costarricenses excepto quienes le han ordeñado y sangrado la vaca del pueblo de Costa Rica para hacerse multimillonarios ellos, y que controlan a todas esas personas que por enésima vez gritan que llegó el fin del mundo”, razonó Chaves. El presidente sentenció que una vez más hay sectores que hablan de fatalismos como el final de la democracia como cuando se tomó la decisión de finalizar el convenio del gobierno con la Coalición de Iniciativas para el Desarrollo (Cinde), la Fundación Omar Dengo, la destitución de la Junta Directiva del Banco Nacional. Aseguró que esta serie de acciones y o decisiones son para justo “parar la fiesta” de unos pocos, y cuestionó como una frecuencia de radio y/o televisión puede heredarse como es el caso según mencionó de Televisora de Costa Rica. “Se acabó el relajo de regalárselos a Quintana, Picado, los dueños de Monumental que no quiero meterme en broncas con ellos, los dueños de Columbia; que dicen que el programa de Vilma Ibarra no se puede sostener si ellos tienen que pagar el local desde el cual se venden esas tonterías que ella dice en ese programa, eso es equivalente lógicamente. Eso no es problema de nadie más que de un empresario y de un programa que ven 10 o 15 personas”, externó el mandatario. En este tema el presidente de la República hizo un apartado, y manifestó que sostuvo una reunión con el diputado de Nueva República y candidato de dicha agrupación para que el caso de las emisoras de corte cristiano y católica tengan un trato diferente. “Bajo ningún punto de vista a las organizaciones religiosas vamos a impedirles sus labores de evangelización y persuasión, a pesar de que a mí Radio María me tira todos los días gracias a Monseñor Quirós (arzobispo de San José). Con las estaciones religiosas vamos a trabajar y acá tengo el proyecto de ley, porque la ley actual no permite hacer esa distinción”, externó Chaves. Según afirmó el Presidente este proyecto ya estaba pensado, pero querían esperar los resultados iniciales de la subasta para plantear los aspectos de este proyecto, sin embargo afirmó que hay dos proyectos; uno de autoría del Ejecutivo y otro escrito por el diputado Alvarado. Por esa razón es que afirmó deberá socializar los textos para lograr una alternativa uniforme. Repase las declaraciones del Presidente a continuación.|es|Campo obligatorio nulo: publication_date
lareaccioncr|https://lareaccioncr.com/2025/11/21/costa-rica-adolece-de-oficina-de-proteccion-al-consumidor-financiero/|Costa Rica adolece de Oficina de Protección al Consumidor Financiero||2026-05-16 09:07:48|mercados|Sinae y afines desarrolló conversatorio sobre endeudamiento en los hogares costarricenses Costa Rica no tiene una entidad que defienda y proteja a los consumidores cuando se presentan abusos o situaciones relacionadas con productos financieros, este es uno de los principales elementos conclusivos de un conversatorio sobre el endeudamiento de los hogares costarricenses desarrollado en el Colegio de Abogados y Abogadas de Costa Rica. La actividad fue organizada por el Sindicato Nacional de Enfermería (Sinae) y Afines donde contó con la participación de representantes de sindicatos de entidades financieras, especialistas en litigio en materia de derecho financiero, un juez que abordó la nueva ley de materia concursal y uno de los voceros de la nueva organización Omercrom. Fue justo la participación de David Carrera, del sindicato del Banco Nacional y de la presidente de la Asociación de Protección y Defensa del Consumidor (Aprodeco), Adriana Rojas de dónde se extrae la necesidad de una nueva ley en materia de derecho financiero. En estos momentos más de la mitad de los hogares costarricenses presentan algún grado de endeudamiento, y según Carrera lo preocupante es el volumen creciente de colocación de crédito de consumo entre la población, mucho fuera de los aspectos de regulación y vigilancia de las entidades supervisoras. Carrera externó que justo las entidades reguladas sí están en la procura de tutelar y garantizar que los consumidores en necesidad de productos de crédito demuestren su capacidad de pago, sin embargo esa premisa no se cumple en todos los colocadores de crédito de consumo masivo que es el comportamiento dominante presente. “La ley de usura es una buena herramienta que estoy convencido de que requiere reformas integrales para poder darle más sustento a esa defensa del consumidor financiero frente a los fenómenos que observamos hoy en el mercado financiero”, puntualizó. Mientras tanto ante la carencia de esa oficina que proteja los derechos de los consumidores en temas financieros la abogada Rojas Rivero afirmó que dicha oficina debe existir al ámparo de las entidades encargadas de la supervisión del sistema financiero. “En Costa Rica solo la Sutel es la única superintendencia con capacidad de investigar y sancionar a los operadores en caso de que se logre demostrar actos que perjudiquen al consumidor de telecomunicaciones, en efecto ese modelo debe replicarse dentro de las superintendencias que velan por el cumplimiento de normativas en el ámbito financiero”, explicó. Adriana Rojas acumula más de 30 años de experiencia en litigios relacionados con derechos del consumidor en materia financiera (Foto La Reacción) En la actualidad en la Asamblea Legislativa descansan varios proyectos de ley que llevan como eje central la creación de esta oficina para velar por los intereses de los ciudadanos. Puede observar la entrevista completa a continuación:|es|Campo obligatorio nulo: publication_date
lareaccioncr|https://lareaccioncr.com/2025/11/12/video-jefe-del-pusc-confirma-que-diputados-pidieron-cacao-para-volver-a-campana/|(VIDEO) Jefe del PUSC confirma que diputados “pidieron cacao” para volver a campaña||2026-05-16 09:07:48|reacciones|Cuatro de los legisladores fueron separados por Juan Carlos Hidalgo tras solicitud también de la Asamblea Nacional de la agrupación El jefe de fracción del Partido Unidad Social Cristiana, el diputado Alejandro Pacheco confirmó al medio La Reacción que algunos de sus compañeros separados de la campaña política por parte del candidato presidencial Juan Carlos Hidalgo Bogantes, ya “pidieron cacao” como se dice de forma popular para volver y trabajar de cara al próximo 1° de febrero. Pacheco confesó este tema en los micrófonos de La Reacción, a los que atendió en el acto de presentación del plan de Gobierno de la agrupación el pasado 10 de noviembre en las instalaciones del Hotel Radisson. Sin embargo el legislador no quiso entrar en detalles sobre quienes de los cuatro legisladores separados tuvieron un acercamiento e interés en volver a la campaña política, y dijo que eso era tema de un “café” entre el candidato presidencial y los eventuales interesados. El pasado 22 de setiembre Juan Carlos Hidalgo tomó la determinación de expulsar a los legisladores Carlos Andrés Robles, Melina Ajoy, Horacio Alvarado y María Marta Carballo luego de que los cuatro tomaran la determinación de votar en contra el expediente que autorizaba el levantamiento de la inmunidad al presidente de la República, Rodrigo Chaves; para enfrentar el proceso penal relacionado con las donaciones del Banco Centroamericano de Integración Económica. Sin embargo dicha acción vino posterior a una solicitud en esa misma orientación que hizo la Asamblea Nacional de la agrupación socialcristiana. Según Pacheco, cualquier político sufre si está fuera de campaña. “Claramente crea un resentimiento en cualquier político que no lo dejen participar en una campaña sí tiene que crear un resentimiento, y sí existe por parte de algunos compañeros, pero solo el tiempo y las acciones dirán cómo vamos a continuar”, reflexionó el representante de la provincia de Cartago. El líder de la bancada legislativa socialcristiana reconoce que tras ese hecho tocó hacer una separación en las conversaciones con sus compañeros. “Hemos hecho una separación legislativamente con la parte de campaña, entonces en la parte legislativa continuamos conversando y trabajando, solicitamos proyectos de ley de los nueve diputados, y la parte de campaña es otra cosa. Ya don Juan Carlos tomó la decisión y les ha hecho saber que pueden regresar a la campaña, siempre que cumplan con algunas cosas que solicitó la Asamblea del partido”, explicó Pacheco. Con respecto al proceso venidero en el cual nuevamente los diputados deberán decidir sobre el fuero de protección del presidente de la República, Rodrigo Chaves; luego que el Tribunal Supremo de Elecciones solicitara su levantamiento para investigarle por la aparente comisión del delito de beligerancia política, Pacheco mantiene su postura que si los elementos lo llevan a considerar que lo prudente es que deba levantarse el fuero va a proceder en esa dirección. El legislador enfatiza que ningún costarricense, ni siquiera el Presidente de la República debe abstraerse y librarse de los procesos detrás de un fuero, y todo ciudadano es igual ante la ley, y en su caso está a la espera de la resolución que tome la comisión legislativa especial que estudia y analiza este caso en cuestión. Puede repasar la entrevista completa a continuación:|es|Campo obligatorio nulo: publication_date
lareaccioncr|https://lareaccioncr.com/2025/02/17/digalo-videos-el-bee-testimonio-del-compromiso-de-la-uned-con-costa-rica/|(¡Dígalo!) (Videos) El BEE: testimonio del compromiso de la UNED con Costa Rica||2026-05-16 09:07:48|reacciones|La autora Karla Salguero Moya es Máster en Educación, Extensionista-Investigadora de la UNED y Ex viceministra de Educación. El Bachillerato para la Empleabilidad y el Emprendimiento (BEE) surge como una iniciativa de la Universidad Estatal a Distancia (UNED y contó con la aprobación del Consejo Superior de Educación en el 2023. Este programa se desarrolla en colaboración entre la Institución Benemérita de la Educación y La Cultura (desde el 10 de octubre del 2007) y el Ministerio de Educación Pública (MEP) y durante el 2024 graduó a 16 550 personas. El BEE ofrece una solución innovadora para más de 48 000 personas que desde 1988 hasta el 2019 tenían pendiente una o más asignaturas de las pruebas de bachillerato. En febrero de 2025 continúa con su oferta para llegar a la meta de graduar a 25 000 personas en el 2026, un 54.2% del total estimado de esta población. La UNED: Esencial para Costa Rica La UNED se funda en 1977, fue la primera universidad a distancia del país cuya misión sigue vigente y es llevar educación a distancia de calidad a todo el territorio nacional, facilitando el acceso y las oportunidades a poblaciones que, históricamente, han estado en situaciones de vulnerabilidad y exclusión educativa, con una modalidad educativa inclusiva y democrática que hoy se ha convertido en un referente para muchas instituciones educativas del país y de la región. La UNED, en su reto de favorecer la movilidad educativa, social y laboral, crea en el año 2005, en alianza con el MEP, el Colegio Nacional de Educación a Distancia (CONED), con una oferta educativa pertinente para personas mayores de 18 años, bajo una modalidad de educación secundaria a distancia que atiende las necesidades, los intereses, las aspiraciones y sus capacidades de autoaprendizaje. Este alto compromiso de la UNED continúa dando frutos. Es así como, en el 2022, mediante un oficio enviado en julio de ese año a la exministra Anna Katharina Müller Castro, el rector de la UNED, Rodrigo Arias Camacho, le ofrece, “una solución diseñada por especialistas en emprendimiento, mipyme, educación de adultos y heutagogía”. Que en el 2023 se materializa en un innovador proyecto que ahora todos conocemos como Bachillerato para la Empleabilidad y el Emprendimiento, y que familiarmente se le llama BEE. La creación y consolidación del BEE sumó a diferentes dependencias de la UNED, en coordinación con el MEP. Bajo esta premisa, la UNED conformó equipos de especialistas en diferentes áreas, para el diseño de una propuesta de calidad, que fuera pertinente y accesible para esta población. El programa integró cuatro módulos formativos denominados: 1. Competencias socioemocionales y habilidades blandas. 2. Competencias digitales. 3. Competencias para gestionar proyectos y 4. Competencias en idioma inglés. Estos módulos se planearon para brindar herramientas prácticas y relevantes, y ofrecerse en plataformas de aprendizaje en línea, que diera acceso y potenciaran competencias digitales de esta población. Los 48 años de liderazgo de la UNED en educación a distancia y su robusta infraestructura tecnológica educativa cimentaron el éxito del BEE. Y continúa ofreciendo con su experiencia y trayectoria aportes significativos para saldar, con esta y otras iniciativas, la deuda histórica del país con las personas jóvenes y adultas que fueron excluidas del sistema educativo. Pese a su éxito, todavía queda mucho por hacer por los casi 2 000 000 de personas (¿Cómo? Sí dos millones de personas, según datos del MEP), que en Costa Rica no han concluido la primaria y o la secundaria. Es una obligación nacional replicar experiencias exitosas, como el BEE y el CONED (Colegio Nacional de Educación a Distancia), para consolidar la vinculación, articulación y coordinación con los gobiernos y otras instituciones y de esta manera atender de forma integral y robusta a todas esas personas que por muchos años han sido excluidos del sistema educativo. Es innegable que la UNED ha desempeñado un papel fundamental en la creación, ejecución y éxito del BEE, siendo un claro testimonio de su compromiso con la Educación de nuestro país, por lo que su reconocimiento es un acto de justicia. Las dos graduaciones del BEE durante el 2024 fueron transmitidas en directo por el medio Onda UNED. Aquí los enlaces de las mismas.efectuadas el 5 de abril y el 13 de diciembre en el Estadio Nacional.|es|Campo obligatorio nulo: publication_date
lareaccioncr|https://lareaccioncr.com/2025/02/|17 de febrero de 2025||2026-05-16 09:07:48|reacciones|Computadoras sin uso y programas cancelados: el grave retroceso en educación digital en últimos tres años Conclusiones del sector educativo ante los diputados confirman retroceso en educación tecnológica. Las expertas coinciden en que el origen del retroceso tecnológico ha estado en el Consejo Superior de Educación. Una comparecencia ante la Comisión Legislativa de Juventud, Niñez y Adolescencia reunió a representantes de prestigio del|es|Campo obligatorio nulo: publication_date
lareaccioncr|https://lareaccioncr.com/2026/04/07/si-no-llegamos-a-un-acuerdo-fees-ira-a-la-asamblea-legislativa-leonardo-sanchez-ministro-de-educacion/|Financiamiento de U Públicas «casi seguro» que volvería al Congreso … esta vez dominado por el Chavismo||2026-05-16 09:07:48|politica|Gobierno asegura que se dará un incremento real del 2,67%, a pesar de que el crecimiento nominal sería 0% Responsabilidad caería en el próximo Congreso Leonardo Sánchez, ministro de Educación Pública, anunció en que, tras negociar con las universidades públicas, el Gobierno decidió no aumentar el Fondo Especial para la Educación Superior (FEES). Sin embargo, las instituciones educativas rechazaron la propuesta, por lo que el jerarca señaló que, si no alcanzan un consenso, enviarán el tema a la Asamblea Legislativa. «Si no llegamos a un acuerdo entre las partes esto definitivamente va para la Asamblea Legislativa, como usted bien lo indica por temas de tiempo, es casi seguro que quien lo defina sea la próxima, es matemática simple, estamos a menos de un mes», respondió Sánchez a La Reacción. Cabe recordar que el próximo plenario contará con 31 diputados del oficialismo. Por esta razón, el Congreso podría aprobar la propuesta presupuestaria tal como el Gobierno la presentó este martes, en caso de que el tema llegue a Cuesta de Moras. El jerarca señaló que a pesar de que el crecimiento nominal sería 0% se estaría dando un incremento real, esto debido a que la inflación del país se ha mantenido en negativo «Por varios años el crecimiento de la inflación se ha mantenido en cero o negativa, es por ello que basado a esto hicimos esta oferta (…) Es importante señalar que cuando nosotros ponemos sobre la mesa un crecimiento nominal de 0%, en un contexto de inflación negativa, el aumento real que se está asignando es de 2,7% lo que equivale a ₡16 mil millones» puntualizó Jorge Herrera, presidente del Consejo Nacional de Rectores (CONARE), señaló que a pesar de que dieron por conocida la propuesta, se negaron a aceptarla, puesto que no obedecería a la realidad. «Consideramos que esto no obedece a la realidad, de la Universidades, primero porque estamos hablando de la negociación para el próximo año, y es de saber que tenemos una crisís geopolítica ,que hará que los niveles de inflación se disparen, pero además creemos que la inflación no es un dato real para calcular el FEES», ya que nosotros compramos equipo cientifico tecnológico» finalizó Herrera La principal molestia surge porque el Gobierno aún no transfiere el 2% adicional del FEES correspondiente a 2025, pese a que la Asamblea Legislativa lo aprobó. El monto, superior a ₡11.500 millones, es uno de los principales puntos de discusión, ya que las universidades señalan que su ausencia afecta la planificación financiera y la ejecución de programas institucionales. La Comisión de Asuntos Hacendarios del Congreso aprobó este presupuesto en 2024, luego de que la Comisión de Enlace no lograra un acuerdo sobre el porcentaje de incremento.|es|Campo obligatorio nulo: publication_date
lareaccioncr|https://lareaccioncr.com/2026/03/25/diputados-electos-de-oposicion-destacan-que-no-daran-el-brazo-a-torcer-en-materia-agricola/|Diputados electos de oposición destacan que no darán el brazo a torcer en materia agrícola||2026-05-16 09:07:48|tendencias|Los jefes de fracción de la próxima Asamblea Legislativa de dos partidos aseguraron que, durante los próximos cuatro años, defenderán los derechos de los agricultores y productores costarricenses. Estas promesas surgieron durante el Conversatorio por la Seguridad y Soberanía Alimentaria Costarricense, realizado en el Centro Agrícola Cantonal de Escazú. Entre los futuros congresistas participaron Álvaro Ramírez, Rafael Vargas, , Janice Sandí, Ronald Campos y Marco Badilla del Partido Liberación Nacional así como José María Villalta, del Frente Amplio. Según se informó, Claudia Dobles se disculpó por no poder asistir; sin embargo, confirmaron que firmará el pacto agropecuario, cuyos principales puntos incluyen: Enfrentar el cambio climático Potenciar los impactos sociales y los aportes culturales ligados a la agricultura Fortalecer el mercado nacional agropecuario Impulsar una política integral de seguros agropecuarios Promover una actividad agropecuaria en sinergia con el ambiente Establecer una política de planificación territorial José María Villalta, quien a partir del primero de mayo regresará a Cuesta de Moras, destacó la importancia de fortalecer la seguridad alimentaria y respaldar a los agricultores. “De parte de la fracción del Frente Amplio quiero decirles que estos cuatro años serán de lucha contra cualquier iniciativa que busque ampliar la apertura de tratados de libre comercio en el ámbito agrícola. Sabemos que no será fácil. Debemos mantenernos firmes y ojalá impulsar proyectos de ley para fortalecer la agricultura; sin embargo, entendemos que en ocasiones no será posible, por lo que debemos estar preparados para salir a la calle y denunciar actos ilegales”, puntualizó Villalta. Por su parte, el jefe de fracción del PLN afirmó que el sector agropecuario es estratégico para el desarrollo del país. “Estamos convencidos de la importancia estratégica del agro en Costa Rica. Debemos recuperar nuestra identidad ligada al campo. Muchos de estos tratados de libre comercio se basaron en ideologías que no se cumplieron. Un ejemplo fue la pandemia, cuando se cerraron los mercados y, gracias a los agricultores costarricenses, no faltó comida en nuestras mesas”, señaló. Antes de iniciar el evento, Álvaro Ramos, excandidato presidencial del Partido Liberación Nacional, se hizo presente y aseguró que la fracción legislativa del PLN garantizará el acompañamiento y apoyo al sector agropecuario. “Yo siempre acompañé a los agricultores. Tenía un compromiso muy fuerte durante la campaña, porque estoy convencido de que uno de los motores del desarrollo debe ser la agroindustria. Tenemos muchos diputados de la fracción entrante que comparten esta visión”, afirmó Ramos. Entre las principales peticiones de los agricultores es evitar la firma de la alianza del pacifico, y otros proyectos que puedan afectar el sector agropecuario.|es|Campo obligatorio nulo: publication_date
lareaccioncr|https://lareaccioncr.com/2026/03/23/se-encomendo-a-la-santisima-trinidad-y-se-lanzo-del-vagon/|Se encomendó a la Santísima Trinidad y se lanzó del vagón||2026-05-16 09:07:48|protagonistas|Mariano Oreamuno, hijo de Alicia Oreamuno -una de las sobrevivientes de la tragedia del Virilla- relató que, según le contó su madre, en el momento de la colisión se encomendó a la Santísima Trinidad y saltó del tren. “Mi madre tenía 15 años. Venía desde Alajuela junto a una muchacha en el vagón 26, que tras el accidente quedó colgando. Sin embargo, las personas que estaban abajo gritaban que la unidad iba a caer. Entonces ella calculó caer en un montazal, se encomendó a la Santísima Trinidad y se lanzó”, recordó Oreamuno. No obstante, la mujer que viajaba a su lado no corrió con la misma suerte, pues el impacto la expulsó por la ventana. Recordaron a las víctimas La Municipalidad de Santo Domingo de Heredia conmemoró el centenario de la tragedia del Virilla, considerada una de las mayores catástrofes en la historia del país. El acto se realizó en el andén del tren de Santo Domingo y contó con la presencia de autoridades municipales, diputados de la Asamblea Legislativa y representantes de los cuerpos de emergencia, quienes recordaron a las 248 víctimas que dejó la colisión del vagón número 26 contra la estructura del puente. Durante la actividad, a las 8:20 de la mañana (hora en que ocurrió el accidente) sonaron las sirenas y campanas del Cuerpo de Bomberos, en memoria del momento exacto de la tragedia. Al finalizar la ceremonia, las autoridades inauguraron las obras realizadas en el andén, que incluyen una plaza conmemorativa y una pintura que se exhibirá en la municipalidad. El alcalde de Santo Domingo, Jorge Fonseca, destacó las mejoras efectuadas en el lugar. En convenio con el Incofer realizamos mejoras en el andén. Por ejemplo, instalamos mejor señalización para los usuarios, con horarios y otra información relevante. Además, colocamos imágenes para recordar ese fatídico día”, explicó. ¿Qué pasó con el tren? Según relatan los registros históricos, un grupo de personas viajaba hacia Cartago, en su mayoría con destino a la Basílica de los Ángeles. El viaje tenía como objetivo recaudar fondos para la construcción del Asilo de la Vejez. Sin embargo, sobrevivientes señalaron en su momento que el tren viajaba sobrecargado y a gran velocidad. Incluso indicaron que no se detuvo en la estación de Santo Domingo, lo que provocó molestia entre quienes esperaban abordar. Minutos después ocurrió la tragedia. También se cuenta que, en medio de una misa, un sacerdote pidió a los feligreses abandonar el templo para acudir al rescate de los heridos y colaborar en la recuperación de los cuerpos. Durante horas e incluso días, los cuerpos de emergencia trabajaron en las labores de rescate y recuperación de las víctimas. El Director del Cuerpo de Bomberos, Héctor Chaves, se refirió a qué ha cambiado en el tema de la atención de emergencias de este tipo en 100 años y contestó a la interrogante de si Costa Rica estaría preparada para una emergencia similiar a la de esta magnitug. En la actividad tambien estuvieron presentes tanto diputados actuales de la Asamblea Legislativa como electos para el periodo 2026-2030, por lo que desde La Reacción conversamos con Gilberto Campos, del partido Liberal Progresista, y con la diputada electa por Pueblo Soberano, Marta Esquivel.|es|Campo obligatorio nulo: publication_date
lareaccioncr|https://lareaccioncr.com/2026/03/16/dia-mundial-del-consumidor-se-celebro-con-foro-sobre-ley-23-908/|Consumidores financieros quedan a la espera de una firma del Presidente Chaves para celebrar nueva legislación||2026-05-16 09:07:48|politica|Tras el día internacional del consumidor celebrado el 15 de marzo, cinco organizaciones se unieron para realizar un foro, no solo para festejar dicho día, sino, para reflexionar sobre la importancia de la aprobación en segundo debate por parte de la Plena Tercera de la ley de Ley de Protección a las Personas Consumidoras en la Custodia de su Dinero (23.908). El plan obliga a los bancos a dar una respuesta ágil y rápida a las personas víctimas de estafas informáticas. La Reacción moderó la actividad que contó con la participación de La Asociación Pro-Defensa del Consumidor Financiero (Aprodeco), el Observatorio del Mercado y los Derechos del Consumidor (OMERCON), el Movimiento Gente Estafada en Bancos de Costa Rica, el despacho del diputado de la república Oscar Izquierdo Sandí, quien fue uno de los promotores de dicha ley. El congresista aseguró en su primera intervención, que una de las características que lo impulsó a ayudar al grupo fue la indignación de saber que en muchas de las estafas los bancos solicitaban demostrar que no existía una responsabilidad por parte del usuario, incluso destacó que en ocasiones las mujeres tenían que demostrar que mientras estaban en labores de parto que no se entregó el dinero. «Este fue un proyecto de ley que nació de un grupo de personas estafadas, que se han organizado de manera excelente en una cobertura nacional. Existe una parte muy importante y es el rostro humano que está detrás de una ley, esa gente que realmente ha sufrido, situaciones que me han conmovido, porque son muy lamentables, frente a esa parte humana, nunca hemos visto una reacción importante de los bancos para enfrentar la situación, nosotros lo que quisiéramos en resumen es que no haya estafas en ningún banco ni público ni privado», señaló Izquierdo. ¿Cómo nace el movimiento? Uno de los actores importantes es el Movimiento Gente Estafada en Bancos de Costa Rica, Carmen Rojas quien es una de las propulsoras de este movimiento explicó cómo nace dicha iniciativa. «Cuando yo fui estafada, recuerdo que cuando yo le di el testimonio a un medio de comunicación, me levante y dije; debería existir una organización de víctimas, y tal vez por mi experiencia personal entendí que si se quería demandar soluciones debíamos crear una organización. Yo ahí mismo le pedí a esa periodista que si me podía dar nombres de personas que fueron estafadas, sin embargo, me dijo que no podía porque todas habían sido bajo identidad protegida, es por ello que empezamos a alzar la bandera de que no debíamos escondernos», añadió Rojas El momento emotivo de la celebración vino cuando una de las personas estafadas, Cristina, agradeció a la abogada Adriana Rojas por aceptar llevar casos en la modalidad de cuota litis. (El pacto de cuota litis es un contrato entre abogado y cliente donde los honorarios se fijan como un porcentaje (usualmente 20-30%) del resultado económico obtenido en el litigio. El abogado solo cobra si gana, asumiendo el riesgo de no recibir pago si pierde. Se utiliza frecuentemente para facilitar el acceso a la) El evento de celebración contó con dos bloques. En la primera el panel de invitados destacó la importancia de los derechos de los consumodores financieros y cómo la nueva ley viene a emparejar la cancha con las entidades financieras. En la segunda mitad del programa especial los invitados repasaron cómo fue el proceso hasta lograr construir una ley y que se aprobara en la Asamblea Legislativa. Al plan para indemnizar a las víctimas solo le resta la firma del presidente Rodrigo Chaves para entrar a regir puesto que la misma no requerirá la elaboración de un reglamento.|es|Campo obligatorio nulo: publication_date
lareaccioncr|https://lareaccioncr.com/2026/03/14/expresidente-del-tse-niega-ofrecimiento-de-candidatura-a-la-presidencia/|Expresidente del TSE niega ofrecimiento de candidatura a la presidencia||2026-05-16 09:07:48|politica|El Doctor Luis Antonio Sobrado participó en un programa de Inteligencia Electoral de La Reacción. ¿Qué cargos admite que le tentaría ejercer? El expresidente del Tribunal Supremo de Elecciones, el Doctor Luis Antonio Sobrado González, conversó con La Reacción, en el programa Inteligencia Electoral, y una de las consultas durante la la entrevista fue acerca de un supuesto ofrecimiento durante el último proceso electoral para ser candidato presidencial. También se le consultó si a futuro contemplaría aspirar a este puesto, pero el ahora pensionado (y no «de lujo», como aclaró durante el mismo programa) respondió con contundencia. «A mí nadie se me acercó a pedirme eso, pero si alguien lo hiciera tendría que decirle que no, primero porque no me siento capacitado para gobernar el país, porque para eso se requiere de un conocimiento en áreas como la economía, segundo porque se necesita tener carisma político que claramente no lo tengo y tercero pero no menos importante, porque me mata mi esposa», comentó entre risas el exmagistrado. No obstante su rotundo «no» a una aspiración presidencial, Sobrado reconoció que, en este momento de su vida, solo lo tienta ocupar alguno de los siguientes tres cargos públicos: ser Juez de la Corte Interamericana de Derechos Humanos, diputado de una Asamblea Constituyente (aunque dice que espera que nunca se convoque) o ser responsable de Asuntos Culturales de Costa Rica en España. Ante el cuestionamiento de si en caso de un retroceso electoral analizaría la posibilidad de estar inmerso en la política, sostuvo que prefiere mantenerse fuera de la primera línea de respuesta a uno de estos escenarios, no obstante si podría brindar un servicio a la patria. «No estaría dispuesto a dar el paso desde la posición de candidato presidencial ni diputado, pero si se llega a ese nivel, yo no podría negar el asesorar a cualquier persona, grupo o gobierno que se me acerque, claramente ad honorem. Creo que llegados a ese punto esa sería mi posición de acompañar u orientar pero no estár en el primer nivel», reiteró. Sobrado indicó que, en las recientes elecciones nacionales, aunque la población tiene razones para enojarse con la política tradicional, no debe dinamitar la democracia como venganza. «El deterioro de la calidad de vida de la clase media, permite estar enojados, pero esta como otras emociones debe de manejarse de manera productiva y no destructiva, porque dinamitar la democracia, como una clase política es tan perjudicial como escupir para arriba, dinamitar o erosionar la democracia no solo no resuelve los problemas (como no los ha resuelto don Rodrígo Chaves en cuatro años) sino que los agrava», denunció. El exmagistrado enfatizó que, él como ciudadano espera notar un cambio en la forma de gobernar de la presidenta electa Laura Fernandéz, pues considera que Chaves ha tenido una forma tosca de gobierno. «Con respecto a los ataques hacía el TSE, esto nacen cuando el órgano electoral debe de procesar denuncias por beligerancia política (…) desde ese momento cambia el tono del presidente, quien alababa la gestión del Tribunal, es el momento en que empiezan las descalificaciones. (…) Mi temor es que ese tipo de reconocimiento que se hace al Tribunal Supremo de Elecciones y a Costa Rica como democracia plena, las estemos poniendo en peligro si persiste el estilo y forma de gobernar que ha tenido el presidente Chaves. Sin embargo, todos tenemos que darle el beneficio de la duda a doña Laura Férnandez», puntualizó. Tras la consulta , sobre qué opina de que la diputa Pilar Cisneros ahora niegue a los diputados de Pueblo Soberano a pesar del apoyo que la congresista les brindó durante la campaña electoral, el exmagistrado indicó que él no puede creerse ese cuento. «Existe una responsabilidad política que los lideres de los movimientos como es el caso de doña Pilar, deben de reconocer y apechugar. El rostro y verbo de doña Pilar cosecharon una cantidad impresionante de votos para don Rodrigo, y todavía en estas elecciones veíamos la cara de doña Pilar a la par de candidatos a diputados que ahora no le gustan mucho. Yo no me puedo creer ese cuento de que podemos meternos en política y salirnos luego sin uno que otro abollón en nuestro automóvil», enfatizó. Apariciones recientes El exmagistrado ha tenido algunas apariciones recientes hablando abiertamente de política electoral como en la clase magistral de la Escuela de para hablar específicamente si desde su punto de vista como experto en materia electoral, el país vive un declive democrático, como bautizó su disertación clase magistral en la Universidad Estatal a Distancia la mañana del martes 24 de febrero. Asimismo, Sobrado relató que las votaciones estuvieron antecedidas por un proceso electoral inusual. Según indicó, las maniobras de desinformación fueron más intensas que nunca y las elecciones se polarizaron en torno a la continuidad o no del legad Además, señaló abiertamente su temor, porque Costa Rica sea consumida por el populismo, y su reacción al enterarse del primer corte de las elecciones del primero de febrero. «Muchos y me incluyo, alimentábamos la esperanza de un despertar de última hora en las urnas, el anunció del primer corte de resultados, que dio mi buena amiga, la magistrada Zamora, fue un verdadero valde de agua fría, luego por lo menos para mí vinieron días de resaca política, producto de la decisión de la mayoría del pueblo costarricense, que por imperativo democrático debe respetarse, de dar continuidad al tenebroso rumbo populista y a las apuestas autoritarias del actual gobierno», describió. En el siguiente extracto, el Doctor Luis Antonio Sobrado se refirió a la posibilidad de postularse como candidato presidencial. Si desea ver la entrevista completa puede hacerlo en el siguiente enlace:|es|Campo obligatorio nulo: publication_date
lareaccioncr|https://lareaccioncr.com/2026/01/31/tse-y-justicia-enfrentados-por-cedulas-de-privados-de-libertad/|TSE y Justicia enfrentados por cédulas de privados de libertad||2026-05-16 09:07:48|politica|Máximo órgano electoral ordenó la reimpresión de dos mil cédulas de identidad de personas recluidas en Centros de Atención Institucional (CAI), pero además declaró con lugar doce recursos de amparo electoral presentados por los privados. Denuncia habló de destrucción de documentos y retiro de información relativa a candidaturas El Tribunal Supremo de Elecciones (TSE) declaró con lugar alrededor de 12 recursos de amparo electoral en favor de personas privadas de libertad, información confirmada este sábado mediante un comunicado de prensa emitido por el máximo órgano electoral. Esta información según aclara la comunicación oficial se da como rectificación a las informaciones brindadas este viernes durante la conferencia de prensa última previo a la jornada electoral de este domingo 1° de febrero, cuando varios medios consultaron sobre la denuncia de que a varios privados de libertad se les habría destruido su documento de identidad. De forma inicial la magistrada presidente del Tribunal, Eugenia Zamora confirmó un grado de reimpresión de documentos de identidad, pero además enfatizó los derechos de los privados de libertad del ejercicio de sus derechos ciudadanos. “Estas resoluciones del Tribunal han procurado garantizar y garantizar el derecho de las personas privadas de libertad de ejercer el sufragio. Recordemos que en Costa Rica salvo determinación de un juez penal aparte de la pena principal agrega la pena de inhabilitación de derechos políticos, solo en ese caso una persona privada de libertad dejaría de votar. De lo contrario tiene el derecho”, expresó. Zamora recordó que de la propia administración penitenciaria se recibió la información de que 2 mil personas requirieron la reimpresión de su documento de identidad, en especial los reos recluidos en la unidad de Alta Contención del CAI Jorge Arturo Montero conocido como “La Reforma”. Sin embargo cuando La Reacción consultó a las autoridades de Justicia sobre este particular negaron en un inicio que hubiese existido un decomiso o destrucción de dicha documentación, incluida información enviada por el propio órgano electoral, pero negaron dicha información. “Es importante aclarar lo siguiente: este proceso electoral ha sido debidamente coordinado por parte del Ministerio de Justicia por la Dirección General de Adaptación Social y nuestra Policía Penitenciaria para el buen transcurrir de su proceso electoral. Al respecto del material electoral y el sonido a través de podcast y otras informaciones de los candidatos presidenciales está siendo escuchado por los privados de libertad. Es falso, totalmente falso que se les ha quitado o destruido cédulas de identidad”, apuntó Nils Ching; director de la Policía Penitenciaria. La denuncia surgió en las últimas horas procedente de un generador de contenido en las redes sociales. De este modo el Tribunal Supremo de Elecciones tomó 4 acciones lo primero fue recabar información, reimprimir las cédulas, designar funcionarios para que entreguen las cédulas este domingo tras comprobar la identidad, pero además realizar una investigación de oficio. Vea las declaraciones de las autoridades implicadas a continuación|es|Campo obligatorio nulo: publication_date
lareaccioncr|https://lareaccioncr.com/2026/01/26/pensiones-pobreza-y-seguridad-genera-enfrentamiento-entre-candidatos-presidenciales/|Pensiones, pobreza y seguridad genera enfrentamiento entre candidatos presidenciales||2026-05-16 09:07:48|politica|Durante el debate Costa Rica Elige 2026 de la Universidad Latina y Cadena de Emisoras Columbia Las pensiones, la pobreza y la seguridad ciudadana fueron el primer tema que generó las diferencias de criterio y algunos ataques entre los candidatos a la presidencia que participan del debate organizado por la cadena de emisoras Columbia y la Universidad Latina. El primer bloque diseñado por los organizadores del debate fue una conversación con respecto a la recuperación y rediseño del tejido social, sin embargo fue en la segunda parte cuando los candidatos podían tener un espacio libre de 4 minutos por cada candidato para hablar de los temas específicos. El primer señalamiento directo entre los candidatos vino de la aspirante oficialista, Laura Fernández; quién aludió al candidato de Liberación Nacional, Álvaro Ramos sobre su postura para incrementar la edad de retiro cuando este fungió como superitendente de pensiones (Supen). Aunque el verdiblanco no respondió directamente, eso abrió el espacio para señalamientos directos entre los aspirantes. A continuación vino el primer señalamiento del candidato del Frente Amplio, Ariel Robles sobre la situación de seguridad. “Hasta el momento no se ha planteado que este gobierno ha sido completamente ineficaz en plantear soluciones en materia de seguridad, por el contrario algo que promueve doña Laura a quién aludo directamente es suspender garantías individuales, y esto que alguien esté en su casa podría terminar en la cárcel”, expuso. Fue dónde le planteó a la oficialista sobre por qué se propone la suspensión de garantías en lugar de verdaderas estrategias en contra de la seguridad. Sin embargo Fernández Delgado prefirió no referirse al tema. A continuación la aspirante de la Coalición Agenda Ciudadana, Claudia Dobles cuestionó la reducción de la pobreza de la presente administración, sobre la base de los diagnósticos del informe del Estado de la Nación. “Cuando se revisan esos números encuentran que muchas personas sí subieron de la línea de la pobreza nos encontramos algo preocupante, y es que la pobreza no está bajando por más inversión social, esta administración recortó inversión social; no está bajando porque estén encontrando trabajo formal: no; baja por dos razones por un aumento de la informalidad y la segunda más preocupante de fuentes no registradas”, apuntó. Mientras tanto Fabricio señaló a Fernández por su oposición al proyecto de pensiones para los policías judiciales, y recordó como pese a la posición de la mayoría de fracciones legislativas, y por eso afirma es que él crea que este gobierno se pelea con todos excepto contra el crimen organizado. En la dinámica del presente debate habrá 4 bloques temáticos diferentes, y el segundo consiste en el ámbito de la defensa del sistema democrático.|es|Campo obligatorio nulo: publication_date
lareaccioncr|https://lareaccioncr.com/2026/01/21/pueblo-soberano-podria-barrer-con-diputaciones-en-algunas-provincias/|Pueblo Soberano podría barrer con diputaciones en algunas provincias||2026-05-16 09:07:48|politica|Con los resultados del CIEP de este miércoles, al menos la representación legislativa del Liberal Progresista y Progreso Social Democrático tienen alta posibilidad de desaparecer El Partido Pueblo Soberano (PPSO) tendría muy altas probabilidades de que en el proceso de elecciones legislativas y en algunas de las provincias “haga mesa gallega” con los escaños disponibles, esta fue una de las lecturas que realizó el analista político Daniel Calvo en el espacio “Inteligencia Electoral” de La Reacción. Este miércoles 21 de enero el Centro de Investigación y Estudios en Política (CIEP) dio a conocer los resultados de su más reciente encuesta con miras al proceso electoral del 2026 a celebrarse el próximo 1° de febrero. Como parte de los resultados se constató que en materia de elecciones legislativas el grupo oficialista cobijado por el Partido Pueblo Soberano recibiría un 29% de las intenciones de voto, y por debajo se encuentran Liberación Nacional con 9%, Frente Amplio con un 7% y muy por abajo Nueva República, Coalición Agenda Ciudadana y Avanza con un 1% de las intenciones de voto en la papeleta diputadil. Este comportamiento es por lo cual Calvo considera que la repartición de las curules podría no generar tanta diáspora de partidos políticos de cara a la Asamblea Legislativa del 2026 al 2030, y la meta de los 40 diputados no estar tan lejos de la realidad. “Diría que si bien es difícil de que lo puedan alcanzar en algunos casos creo que puedan acercarse y digo peligrosamente porque me parece que esto supondría una erosión en el sistema de pesos y contrapesos propio de cualquier democracia, ¿por qué? Porque te lo he venido señalando minutos atrás hay una enorme diferencia entre el primer y segundo lugar que hará que muy pocos partidos puedan superar la barrera del subcosciente en las provincias que es lo que permite entrar y acceder al reparto de las diputaciones. Muy posiblemente en algunas provincias sean solo Pueblo Soberano y posiblemente Liberación Nacional quienes vayan a tener la posibilidad de repartirse esos diputados”, manifestó Calvo. Para el invitado en “Inteligencia Electoral” si bien es cierto que la cifra de 40 diputados nunca en la historia de Costa Rica fue posible, lo cierto del caso es que en las provincias con mayor subcociente no es del todo descartable que solo Pueblo Soberano sea el único que supere la barrera, y con ello podría quedarse con la totalidad de lugares en disputa por cada provincia. En la nueva composición de la Asamblea Legislativa de acuerdo con Calvo es probable que ya se pueda avisorar la desaparición de algunas fracciones que en la actualidad están en en el Congreso. “Diría que es muy difícil las posibilidades de que el Partido Liberal Progresista logre mantener una representación, en todo caso podrían apostar a San José, pero aún es difícil. Claramente el Partido Progreso Social Democrático está en una situación difícil, y que será sustituida por la nueva bandera que tomó el oficialismo que será Pueblo Soberano”, añadió. Además Calvo advirtió que aunque ciertas candidaturas como Claudia Dobles o José Aguilar muestran un crecimiento, eso no necesariamente se transformaría en un apoyo horizontal a los diputados de esas agrupaciones, es decir que Dobles o Aguilar podría recibir una cantidad importante de votos para presidentes, pero en materia de diputados no tener ni de cerca esa cantidad de votos para diputados. En criterio del analista otro aspecto muy interesante de la actual campaña política es la dispersión de los recursos, aspectos que puede repasar a continuación.|es|Campo obligatorio nulo: publication_date
lareaccioncr|https://lareaccioncr.com/2026/01/16/costa-rica-podria-ingresar-2-mil-millones-anuales-por-explorar-combustibles-fosiles/|Costa Rica podría ingresar $2 mil millones anuales por explorar combustibles fósiles||2026-05-16 09:07:48|protagonistas|Esta es parte de las propuestas que el aspirante presidencial de Integración Nacional, Luis Amador tiene como eje de su plan de gobierno. Costa Rica tendría capacidad de ingresar a sus arcas alrededor de $2 mil millones de dólares en caso de que avanzase en la idea de exploración de combustibles fósiles, así se desprende de una serie de estudios que se hicieron en el pasado reciente en nuestro país. A partir de esta serie de documentos es como el aspirante presidencial del Partido Integración Nacional; Luis Amador Jiménez pretende costear una serie de proyectos de infraestructura, que de otro modo permitirían al país tener un cierre en positivo en sus presupuestos anuales. Amador expuso estas ideas durante su participación en el espacio “Inteligencia Electoral” de La Reacción este viernes, y enfatizó que todos estos son proyectos de previo conocidos y con estudios que respaldan la posibilidad de explotar dichos recursos. “Hay estudios desde 1915, este es el resumen de los proyectos y hay más de cien años de estudios en Costa Rica, ejemplo de quienes hicieron estos estudios fueron Sinclair Oil entre 1915 y 1924, Union Oil and Gulf Oil de 1951 a 1963, Pemex con Recope entre 1980 y 1990 con proyecto incluso del Banco Mundial; y ahí están todos los puntos donde se ha perforado y en esos puntos se ha intentado si hay o no hay, pero hay muestras de lo que hemos encontrado”, explicó el aspirante. Amador advirtió que el papel de entidades estatales como el Instituto Costarricense de Electricidad (ICE) y la Refinadora Costarricense de Petróleo (Recope) ya es conocido para trabajar en la orientación de este tipo de proyectos. “Cuando se hizo la exploración de los años ochentas y noventas fue Recope en un convenio con el ICE la que estuvo perforando hasta 4 kilómetros de profundidad y la que sacó esas muestras de petróleo o de gas que ya están certificadas existen. Recope es la refinadora costarricense de petróleo; por ende tiene toda la capacidad de hacerlo. Entendamos una cosa costarricenses: ¿a usted le gusta el precio que paga por la gasolina o preferiría pagar la mitad? Porque si ustedes se van a Qatar, Emiratos Arabes o Arabia Saudita; el precio es ridículo, ¿qué significa eso? Que la electricidad con la que cocinamos y mantenemos todos los negocios bajaría, y de ese modo logramos que el país sea más competitivo”, explicó. Amador además afirma que la certificación de que se posean recursos naturales permitiría que el país pueda negociar a tasas de interés menos agresivas por los efectos de la deuda externa, aspecto que Amador reitera provoca que en este momentos el país tenga cierres en sus presupuestos negativos. Por eso el ex ministro de Obras Públicas y Transportes durante la presente administración afirma que si en este momento se destina 40% del presupuesto en pagar los intereses de la deuda, si se lograra bajar la tasa de interés a la mitad, también lograría bajar a la mitad la deuda, gracias a ello se liberaría una presión considerable en los flujos de caja en el presupuesto nacional. Amador afirma que con proyectos de concesión con una regalía del 15% se lograría sacar en un año los contratos, con una adjudicación a dos años y para el tercer año tendría ya ingresos frescos al fisco costarricense. El aspirante reiteró que proyectos bien llevados no tienen porque ocasionar destrucción ambiental, pero sí permitiría contar con recursos frescos para desarrollar una serie de obras de infraestructura para finalmente desarrollar al país, La Reacción procurará tener este tipo de encuentros con los veinte aspirantes presidenciales, el próximo miércoles 21 de enero estará en horas de la tarde el aspirante del Partido Liberación Nacional, Álvaro Ramos.|es|Campo obligatorio nulo: publication_date
lareaccioncr|https://lareaccioncr.com/2026/01/14/cacco-estara-vacio-mientras-las-leyes-no-sean-cambiadas-advierte-rodrigo-chaves/|Cacco estará vacío mientras las leyes no sean cambiadas advierte Rodrigo Chaves||2026-05-16 09:07:48|politica|Mandatario visitó junto con su homólogo de El Salvador, Nayib Bukele el espacio donde ya se hace la remoción de tierra para la construcción de nuevo centro penitenciario El futuro Centro de Alta Contención contra el Crimen Organizado (Cacco) no será utilizado si antes no ocurre una modificación en las leyes nacionales, en particular lo concerniente a la ley penal y al Código Procesal Penal. Así lo advirtió el mandatario de la República, Rodrigo Chaves como parte de su intercambio de respuestas con los medios de comunicación durante la visita que realizó con su homólogo de la hermana República de El Salvador, Nayib Bukele del área donde se construirá el nuevo centro penitenciario, ubicado siempre dentro de las instalaciones del Centro de Atención Institucional (CAI) Jorge Arturo Montero, conocido como “La Reforma”. “Aquí estamos construyendo paredes que estarán ociosas hasta que se den esos otros dos cambios, yo sospecho don Nayib que el Cecot estaría vacío si usted no hubiera logrado que el pueblo le diera un mandato a la asamblea legislativa y a usted para poder mejorar el Poder Judicial y lograr encarcelar a estos criminales nefastos”, manifestó Chaves. Durante esta comparecencia con los medios de comunicación trascendió que el Gobierno de la República envió un nuevo expediente legislativo para conocimiento de los diputados con miras a atender la situación del crimen organizado, y cuyos protagonistas son preciso el objetivo de quienes ocuparían este espacio geográfico aún en desarrollo. El Cacco igualará un modelo de gestión, operación y diseño con el Centro de Confinamiento del Terrorismo (Cecot) de El Salvador, pues incluso en una primera visita a El Salvador, el ministro de Justicia y Paz, Gerald Campos anunció la traída de los diseños del Cecot para implementarlos en la nueva cárcel. En ese sentido el mandatario Bukele explicó cuáles son ajustes y manejos no negociables para garantizar la correcta operación de ese mismo espacio, como por ejemplo el tema de la neutralización absoluta de la señal celular o la impenetrabilidad de ese centro penitenciario. “Para eso se requiere una infraestructura que esté diseñada especialmente para cubrir toda posibilidad, un área entre un muro y otro, sitios de control específico, trampas de acceso. No pueden entrar aparatos electrónicos. Debe haber redundancia en que si falla un mecanismo, el otro logre mantener el resguardo de seguridad de estos trabajos”, explicó el mandatario visitante. Bukele sentenció que en el caso del Cecot en su país los criminales que están ingresados en esos espacios no tienen posibilidad de reinsertarse a la sociedad, pues los crímenes que cometieron hacen que no son seres capaces de vivir en sociedad. El nuevo Cacco tendrá un valor de $35 millones, que fueron otorgados por los diputados en la Asamblea Legislativa con la aprobación de un presupuesto de carácter extraordinario el año anterior, se espera que tenga un total de 5 módulos y se espera tenga una capacidad de 5100 personas recluidas. Durante el acto con ambos mandatarios el de Costa Rica criticó con vehemencia las intenciones que pretendían impedir la visita de Bukele; donde hasta el Tribunal Supremo de Elecciones estudió un recurso de amparo electoral que pretendía impedir el ingreso del presidente salvadoreño a territorio nacional. Repase a continuación la transmisión especial de La Reacción desde La Reforma con la puesta en marcha de los trabajos del Cacco|es|Campo obligatorio nulo: publication_date
lareaccioncr|https://lareaccioncr.com/2025/12/28/pais-acumula-712-millones-asignados-como-errores-en-balanza-de-pagos/|País acumula $712 millones asignados como “errores” en Balanza de Pagos||2026-05-16 09:07:48|mercados|Expresidente del Banco Central, Rodrigo Cubero; pidió prestar atención a la estadística que con excepción del 2024 dejó cifras de varios millones “sin explicación aparente” En el cierre de las estadísticas económicas nacionales del 2025 con corte al pasado mes de setiembre u octubre hay $712 millones que fueron clasificados en el libro de la Balanza de Pagos como “errores u omisiones”. Es decir fueron fondos de los cuales no se pudo comprobar su origen y por ende no se pudo clasificar dentro de las otras categorías de dicho indicador. La balanza de pagos es la estadística económica que explica las relaciones internacionales en materia económica entre un país y el resto del mundo, y contempla entre otros los ingresos por monedas extranjeras que se dan hacia una economía. En cuanto al apartado de “errores u omisiones” según explicó el expresidente del Banco Central, Rodrigo Cubero de forma histórica entre el año 2000 y el 2020 la cifra se mantuvo muy cercana a cero. Sin embargo a partir del 2021 las cifras empezó a arrojar datos positivos de varios cientos de millones de dólares, con excepción de 2024. Así las cosas, en el 2021 el dato arrojó un balance positivo de 867 millones de dólares, para 2022 fueron 870 millones, 965 millones en el 2023, -128 millones en el 2024 y los 712 millones ya comentados durante este 2025 hasta donde existen datos disponibles. Cubero externó que puede perfectamente existir el temor de que haya dinero del crimen organizado involucrado. “Algunos analistas apuntan que esto podría deberse al crimen organizado, es difícil determinar en qué medida eso es así, pero ciertamente no se puede descartar dicha hipótesis. Por lo tanto lo que yo sugeriría es que sigamos monitoreando de cerca cómo se está comportando esa línea de errores y omisiones que podría indicar actividades no bien clasificadas que generan ingresos de divisas para el país”, apuntó. El especialista en economía y derecho, quién además presidió la Junta Directiva del Banco Central entre el 2018 y el 2022, fue el invitado especial de Coopenae en su acto de cierre de año con un análisis de las perspectivas económicas para Costa Rica y el entorno internacional durante el 2026. “Lo que tenemos con excepción del 2024 son flujos de ingresos de dólares que no están clasificados, y eso sugiere que hay llegada de dólares que no está bien explicada porque son recursos que ingresan sin que se explique su origen”, amplió. Aunque la teoría del crimen organizado es atractiva, el especialista recomienda ser cauto en cuanto a los señalamientos, y más bien asegura que las explicaciones pueden ser múltiples desde esa como una posible fuente, asuntos de índole tributario, aspectos de origen arancelario, entre muchos otros. El expresidente del Central volvió a insistir en la necesidad de una política monetaria de carácter expansivo en Costa Rica, y menos restrictiva; toda vez que el Banco Central decidió el pasado 18 de diciembre una reducción de 25 puntos base en la Tasa de la Política Monetaria para ubicarla en 3.25% anual es todavía una cifra muy alta para la realidad económica de nuestro país. Repase la conversación con Cubero a continuación.|es|Campo obligatorio nulo: publication_date
lareaccioncr|https://lareaccioncr.com/2025/12/17/pensar-en-una-pension-debe-ser-un-tema-personal-afirma-gerente-de-la-caja/|Pensar en una pensión debe ser un tema personal afirma gerente de la Caja||2026-05-16 09:07:48|mercados|Jaime Barrantes conversó con La Reacción al cierre de conferencia donde autoridades insisten en la sólidez de un sistema fundamentado en dos pilares que incluye al ROP Para el gerente de pensiones de la Caja Costarricense de Seguro Social, Jaime Barrantes; pensar en el tema de una futura pensión para los ciudadanos costarricenses es algo que debe pasar por un tema de convicción personal, y de proyección individual. Lo anterior según el funcionario debería hacer que las personas más piensen más profundamente en el tema sin esperar una acción necesariamente proveniente del Estado. “Hay un reto importante en el sector formal de la economía que se hablan como por ejemplo el establecimiento de una pensión universal, es decir que las personas independientemente estén en la formalidad o no reciban una pensión al final de sus días, hay otros elementos de cómo flexibilizar las formas de cotización, hay que ver planes voluntarios y que las personas puedan construir su pensión sin esperar que haga o no el Estado”, fue parte de las declaraciones que brindó en una entrevista especial con La Reacción. A partir del próximo 1° de enero de 2026, las cuotas obrero patronales de la Caja Costarricense de Seguro Social (CCSS) incrementarán en un 0.5% de acuerdo a la distribución en el tiempo de lo acordado por la Junta Directiva de la institución en el año 2005. A este momento de ese acuerdo quedan dos ajustes pendientes, el del 2026 y uno último en el año 2029 que según Barrantes junto a otras medidas extendería la vida útil de la reserva del fondo del Régimen de Invalidez, Vejez y Muerte (IVM) por hasta al menos el año 2047. Barrantes rechaza la prerrogativa presente en buena parte de la población de que las pensiones son un “mito urbano”, y más bien defiende que toda la población tendrá pensión. Incluso afirmó que la primer idea la encuentran incluso en quienes son parte de la economía formal. Jaime Barrantes, gerente de pensiones de la Caja Costarricense de Seguro Social reconoce que el régimen del IVM es insuficiente para hablar de garantía de una pensión.(Foto La Reacción) “Este es un mensaje muy peligroso porque al igual que hay personas que tienen pensión, hay quienes no la tienen. Probablemente quienes tienen pensión es porque cotizaron por alguna de las vías existentes, y otros que por ahorros o una pensión del régimen no contributivo o tienen un apartamento que viven del alquiler. El mensaje que queremos enviar es que debemos preocuparnos por la pensión porque independientemente de dónde se esté la vejez va a llegar, y cuando eso llega va a necesitar una pensión que debe pensarse desde los 18, los 23 o la edad que sea”, apuntó Barrantes. Sobre el manejo de la temática de las pensiones y el posicionamiento del tema incluso en la discusión país, el gerente de la Caja Costarricense de Seguro Social afirma que si bien hay temas importantes por atender ya es hora que este tema tome la preponderancia respectiva. De acuerdo con el Instituto Nacional de Estadística y Censos (INEC), 48% de la población adulta mayor en Costa Rica en este momento no cuenta con un ingreso mediante una denominada pensión. Puede repasar la conversación que el gerente de pensiones tuvo con La Reacción en el siguiente video:|es|Campo obligatorio nulo: publication_date
lareaccioncr|https://lareaccioncr.com/2025/12/15/autoridades-notificaron-hasta-personas-fallecidas-sobre-propiedades-en-sacramento/|Autoridades notificaron hasta personas fallecidas sobre propiedades en Sacramento||2026-05-16 09:07:48|politica|Además en el año 2015, en seguimiento de las disposiciones de la Sala Constitucional representantes del Gobierno intentaron colocar mojones en las propiedades sin autorización de los vecinos de la comunidad Los vecinos de Sacramento en Barva de Heredia como le contamos en nuestra primera entrega tienen 200 años de historia entre generaciones en una lucha por lograr el reconocimiento de las autoridades, y con ello se respete que sus tierras son de posesión legítima antes de la emisión de la famosa ley 65 de 1888. En ese proceso la presente generación tiene 20 años de estar en pugna con las autoridades donde experimentaron y vivieron situaciones tales como procesos de notificaciones mal realizadas, personas a las cuales se les emitieron resoluciones y están estas ya fallecidas y hasta invasión de sus propiedades para colocar mojones para “delimitar” las zonas donde deben desafectar para hacer cumplir la ley. Como les contamos en nuestra primera entrega, los hoy residentes de Sacramento todos obtuvieron sus documentos de posesión de anteriores dueños que en la revisión de documentación histórica los lleva hasta 1832 cuando el ciudadano inglés John Hale recibió la autorización del Supremo Gobierno de la incipiente nación recién independizada de España para adquirir 70 caballerías de terreno, una antigua medida colonial equivalente a 35 o 40 hectáreas del presente. La Reacción conversó durante este trabajo también con el asesor de la Asociación de Desarrollo de Sacramento, Mauricio Méndez; un estudioso como pocos de la historia, los documentos y el entendimiento de la polémica ley 65 que hoy genera todos los problemas para esta comunidad enclavada en las montañas del volcán Barva. TRES CERROS, Y UNO EXTRAVIADO Como le contamos en nuestra primera entrega una de las acciones que genera más cuestionantes por parte de los vecinos de Sacramento es el hecho de que las investigaciones propias realizadas por ellos permite determinar que la identificación de lo que sería la zona inalienable del parque nacional Braulio Carrillo, sector volcán Barva; es que las autoridades se fundamentan en un mapa incompleto. Méndez explica que la correcta aplicación de la ley requiere conocer en profundidad cuáles eran los puntos de referencia, y en esa orientación habían dos de los puntos de referencia claramente identificados: el cerro Zurquí y la cima del volcán Barva; el problema venía con la zona denominada Concordia. “El cerro Concordia está mapeado e identificado desde la época, forma parte del diccionario geográfico de Costa Rica de 1893 aproximadamente donde está hasta registrada su altitud. Pero esa investigación las autoridades no lo hicieron, pero hay mapas que nosotros logramos rastrear en el Archivo Nacional donde señalan una elevación de lo que se conoce como Cerro Concordia que es un punto que está y aún se mantiene en la división administrativa que separa los cantones de Santa Barbara y Alajuela, y coincide con la localización que entonces se dio y con un criterio fundamental para delimitar la zona que es la unión de las diversas crestas en lo que hoy se conoce como la “divisoria de aguas”, y ese punto que se conoce como Concordia coincide con esa divisoria de aguas”, explicó. Sin embargo, al tomar las autoridades del Sinac-Minae como verdad absoluta los mapas incompletos diseñados por Moises Rodríguez; el agrimensor que en 1898 entregó a las autoridades el trabajo para el que se le había contratado en ese documento la divisoria de aguas no estaba bien señalizada y solo la cima del Zurquí y dibujada el punto alto del volcán Barva. Fue el propio Rodríguez el que confesó que su trabajo no estaba finalizado, pues así consta en los documentos en posesión hoy del Archivo Nacional. Incluso Méndez acá es enfático en que sí se trata de aplicar la ley en interpretación auténtica (lo cual la Asamblea Legislativa de Costa Rica no ha realizado desde la fecha de promulgación del cuestionado documento) el artículo 2 define que la ampliación de la zona inalienable ha de hacerse mediante la instauración de una Comisión Científica, y en el caso de Moises Rodríguez no tenía esas facultades. “Fue contratado por la gobernación de Heredia para elaborar el mapa con el fin de poder dilucidar en aquel entonces una serie muy importante de nuncios que se estaban haciendo para inscribir propiedades, y dado que sí se conocía la existencia de la ley quisieron intentar su delimitación para intentar resolver las solicitudes”, amplió nuestro entrevistado. El asesor de los vecinos de Sacramento es enfático en que sus procesos de investigación propia les permitió concluir que en efecto fue hasta 1903 que se logró la verdadera delimitación de la zona inalienable con el trabajo del ingeniero Manuel Benavides; quién si bien es cierto tomó como antecedente los trabajos de Rodríguez no fue el oficial por obvias razones. NOTIFICACIONES INCOMPLETAS En todo este tema por supuesto, y como en cada proceso donde existen leyes de por medio debe de existir un proceso de notificación sobre las acciones que se van a tomar por parte de la administración o de la justicia, Sin embargo, hasta en ese propósito según el testimonio del propio Méndez con el detalle compartido por los vecinos de Sacramento existieron errores. Posterior al acogimiento y condena por parte de la Sala Constitucional hacia el Ministerio de Ambiente y Energía (Minae) para que en espacio de 7 meses se delimitara la zona inalienable es que entró en escena el Área de Conservación Central del Sistema Nacional de Áreas de Conservación. Sin embargo esta dependencia acogió como oficial como ya se dijo un plano incompleto. “Hay un oficio del Instituto Geográfico Nacional, como ente competente en materia cartográfica que hizo el análisis del mapa y ellos mismas identifican las deficiencias que tienen, los puntos referenciales que faltan, y de alguna manera para poder cerrar todos los límites de los dos kilómetros tuvieron que interceptar y cerrar a la fuerza el plano porque este está incompleto”, explica Méndez. Sin embargo, en este tema según cuenta el asesor, el Área de Conservación Central aceptó en 2010 que los vecinos enviaran la documentación de sus expedientes, aunque no estuvieran completos y así procedieron los vecinos de Sacramento. Un mes después una resolución del entonces ministro del Minae, Teófilo de la Torre; indicó que no se notificaría o emitirían resoluciones hasta tanto no existiera un pronunciamiento de la Procuraduría General de la República, Según Méndez, a pesar de que el criterio de la Procuraduría existente en 2014 emitía consideraciones importantes sobre los derechos de posesión de las personas residentes de Sacramento; en el 2020 la propia Área de Conservación emitió resoluciones varias. “Por no existir suficiente información para notificar se empezó a actuar de una manera distinta por parte del Área de Conservación, pidiendo al Registro Nacional que hiciera los estudios, aunque ellos mismos habían manifestado estar impedidos de hacer los estudios completos, y a pesar de eso emitieron resoluciones en el Registro Nacional al indicar que no se pudo determinar la correcta titulación de las propiedades en Sacramento”, manifestó. Con base en los errores de procedimiento es como Méndez sabe de fincas notificadas que están fuera de la zona inalienable, personas que supuestamente fueron notificadas sin darse cuenta que fallecieron hace varios años y resoluciones donde los propietarios no fueron notificados. Es por todo lo anterior que Méndez, y los vecinos de Sacramento no quieren avanzar en procesos de juicios ante el Tribunal Contencioso Administrativo para defender sus derechos de las actuaciones irregulares de las autoridades, algo que parece inevitable ante la emisión de resoluciones que cerraría el proceso en la vía administrativa. La segunda parte de este trabajo especial a continuación|es|Campo obligatorio nulo: publication_date
lareaccioncr|https://lareaccioncr.com/2025/12/13/sacramento-un-pueblo-200-anos-luchando-por-reconocimiento/|Sacramento: un pueblo 200 años luchando por reconocimiento||2026-05-16 09:07:48|politica|De forma más reciente los vecinos de esta comunidad en clavada en las montañas de volcán Barva enfrentan las amenazas del Ministerio de Ambiente y Energía, así como del Sistema Nacional de Áreas de Conservación por sacarlos de propiedades que el Estado dice necesita resguardar Un grupo compuesto por alrededor de 70 familias residentes en algunos casos por décadas, o incluso que nacieron en un pequeño pueblo denominado Sacramento, enclavado en las montañas del cantón de Barva de Heredia sufren en estos momentos lo que ellos denominan la desatención de las autoridades del Ministerio de Ambiente y Energía (Minae), y del Sistema Nacional de Áreas de Conservación (Sinac) y la amenaza de perder sus propiedades, según las autoridades en atención a instrucciones de la Sala Constitucional por preservar y resguardar la zona inalienable del Parque Nacional Braulio Carrillo en el sector del volcán Barva. La Reacción viajó hasta esta zona, un pequeño santuario situado a no más de media hora de San José para conversar con sus vecinos y dar a conocer su parte de una historia que tiene doscientos años de lucha por lograr el reconocimiento de las autoridades y que se respete la propiedad privada, y que en las generaciones actuales reinició en el 2008 con un voto de la Sala Constitucional porque se respete una antiquísima ley que data de 1888: la polémica ley 65. UN INGLÉS, UNA LEY Y UN PRINCIPIO LIBERAL CLÁSICO Para contar esta historia, sin embargo hay que retroceder muchos calendarios en el tiempo, a momentos en los que incluso no existía más que fotos antiguas, algunos documentos escritos y piezas que atestiguan una historia que está hasta en los documentos históricos del Archivo Nacional. En el año 1888, el Congreso Constitucional de Costa Rica emitió una sencilla ley de apenas dos artículos que, entre otros ordenaba la protección de la zona inalienable en el parque nacional Braulio Carrillo del sector volcań Barva delimitado por dos kilómetros de ancho a uno y otro costado del denominado macizo y hasta lo que se conoce como Concordia. Y en dicho primer artículo se advierte que la orden abarcaría los territorios municipales y/o estatales, en ningún momento se mencionó nada de la propiedad privada. Es probable que se piense en aquellas condiciones del siglo XIX nadie tendría la valentía de ir a abrir trecho y derecho de propiedad en medio de las montañas, pero la historia ubica a un ciudadano inglés denominado John Hale que en el año de 1832 recibió la autorización por parte del Supremo Gobierno para comprar 70 caballerías de terreno; la caballería era una antigua medida de la América colonial que equivalía aproximadamente a 40 hectáreas, es decir Hale compró en Costa Rica más o menos 2800 hectáreas. Por su determinación Hale escogió las montañas de Heredia para la fundación de un pueblo que esperaba ocupar con sus coterráneos, los cuales rechazaron la posibilidad de venirse a vivir a la incipiente república independiente de la corona española. Sin embargo, las tierras quedaron tituladas, aunque sin inscripciones; posterior a que Hale dejó territorio nacional empezó la venta de las propiedades en pequeños lotes o fincas a personas de Heredia o cercanías a los cuales se les terminó por denominar de forma popular «los comuneros del inglés». Doña Elvia Mejía Víquez es hoy una adulta mayor residente en Sacramento, pero acá nació, y fue su abuelo paterno Alejo Mejía quién para el año 1890 le compró a uno de los comuneros un total de 4 fincas; que ya habían pasado por varios propietarios, pero que en esencia tenían derechos de propiedad antes de 1855; año en que quedó en firme la polémica ley del momento. La Costa Rica de los 1800 estuvo caracterizada por gobiernos y sistemas de gobiernos de amplio pensamiento liberal, y como uno de los vértices de esta concepción de la humanidad está el hecho de que la propiedad privada es inviolable. Sin embargo, Mejía Víquez, y muchos de los pobladores acá viven con el temor desde el 2008 en que la Sala Constitucional acogió y declaró con lugar un recurso de amparo de ser sacados de propiedades que legítimamente les pertenecen por ley, en supuesto amparo de la zona protegida en torno al parque nacional Braulio Carrillo. Lo anterior porque en esencia, las autoridades del Minae se niegan a recibir la nueva documentación y los hallazgos históricos de los vecinos. Sin embargo la lucha por la determinación territorial no empezó reciente en el año 2008. «Esta gente tuvo una lucha de cincuenta años más o menos, desde 1835 que fue cuando se remataron las tierras hasta 1885 cuando ya terminó prácticamente de segregar y se terminaron de inscribir las tierras; porque al principio todo se mantuvo en un solo paquete. Lo que el inglés compró no había sido medido, entonces se llevaron mucho tiempo, entonces para mi concepto Sacramento tiene una historia como pocos pueblos de Costa Rica porque esta es muy antigua y con todos esos años de lucha», contó doña Elvia a los micrófonos de La Reacción. DECISIONES CON BASE EN UN MAPA INCOMPLETO La gran pregunta que a muchos les surge en este punto es: ¿cómo las autoridades del Minae están tan seguras que el pueblo de Sacramento y las tierras de sus hoy pobladores forman parte de esos dos kilómetros a lo ancho desde la cúspide del volcán Barva y hasta la zona de Concordia? De acuerdo con las investigaciones documentales que por años llevan en realización los vecinos de esta comunidad, lo cierto del caso es que las autoridades tomaron como base un mapa incompleto de la zona. La famosa y polémica ley 65 daba la orden a las autoridades respectivas a tener que hacer la medición de los terrenos y para eso se debía nombrar una Comisión Científica, fuera para ampliar o mantener las delimitaciones del parque nacional ya mencionado. Entre la prueba documental que los vecinos de Sacramento tienen está el hecho de que entre 1888 y 1903 hubo el nombramiento de cuatro comunidades científicas que tenían como labor medir los terrenos para poder aplicar de forma correcta la ley sancionada por la Asamblea Legislativa de la época. Sin embargo, fue hasta el año 1903 que el ingeniero Manuel Benavides Rodríguez; ingeniero civil licenciado en Bélgica terminó por hacer las mediciones de los terrenos y colocó mojones para delimitar hasta dónde llegaban los famosos «dos kilómetros a lo ancho de la cima del volcán Barva». No obstante en las disputas actuales las autoridades no usan las documentaciones de Benavides Rodríguez, si no de un agrimensor llamado Moisés Rodríguez; quien en 1898 realizó un mapa provisional, mapa que, sin embargo, no fue terminado. Rodríguez entregó a las autoridades Heredia su trabajo incompleto, y aunque en la leyenda del mapa se lee 1898, alguna persona hizo una corrección muy evidente para que parezca dice 1888 y que es el mapa original desde que la ley entró en vigencia. Pero eso no resulta toda la historia de esta polémica, porque Mejía afirma que en los títulos de propiedad con que cuenta de dónde vive está escrita la historia del pueblo de dónde hoy quieren sacarlos. «Lo que hicieron al traer de vuelta la ley es arruinar nos porque hemos tenido zozobra y han llegado las municipalidades a decir porque están desinformadas que ni una ventana podía corregiré en la casa si uno tenía casa y construir menos, porque supuestamente estas son tierras del Estado, pero obviaron y siguen obviando los derechos que se tiene sobre propiedades inscritas; acá no hay ni un solo propietario que esté ilegal como han querido decir», manifestó Mejía. El mapa usado como referencia y elaborado por Moisés Rodríguez tenía tantas deficiencias que el Minae mandó a certificar dicho documento al Instituto Geográfico Nacional; ente autorizado en materia cartográfica, pero ni siquiera estos pudieron validar qué la información ahí descrita fuera la oficial. En dicho mapa se ubica el punto denominado Concordia en una zona que lo que en realidad existe es el cerro Guararí, y con esa inclinación incluyeron el pueblo de Sacramento dentro de la declaración de la zona inalienable. PUEBLO DE SUBSISTENCIA Si usted se pregunta de qué vive la gente que vive en Sacramento le contaré que es un pueblo con actividades económicas de subsistencia, si bien es cierto existen pequeñas plantaciones y ganaderías, ninguna actividad es de carácter extensivo si no más bien quienes las desarrollan afirman qué tienen claro el principio de conservación ambiental. Por ello es que ante la prerrogativa de las autoridades del Minae y del Área de Conservación Central del Sinac qué deben sacar a los vecinos de estas comunidades para preservar el ecosistema en torno al parque nacional Braulio Carrillo es que los vecinos de esta comunidad dudan de esa declaración. Jorge Mora es de profesión biólogo y residente en Sacramento desde 1986 donde siembra flores. En su perspectiva los residentes de esta pequeña comunidad saben más, mucho más de conservación de las tierras que representan un bosque nuboso; ecosistemas sumamente escasos en Costa Rica. «Desde que yo vivo aquí ha habido un incremento consistente de biodiversidad, siempre ha existido y parte del pueblo el hecho de que se hable de animalitos que puedan bajar de la zona del volcán Barva, pero en estos cuarenta años ha incrementado esa posibilidad. Por ejemplo en mi jardín llega una danta, pájaros desde pequeños hasta quetzales», comentó con La Reacción. Mora es claro que, aunque Sacramento no tiene un incentivo alrededor del turismo por conservar el bosque nuboso siempre ha sido parte de la identidad del pueblo el deseo de conservación, y es con base en esto que dudan de los criterios del Sinac-Minae para sacar a las personas de estas propiedades. Para este productor de flores hay una realidad innegable, Sacramento se perdería como la joyita qué es, si a ellos los sacan de la zona. «Las personas para poder acceder a un lugar debe existir una vía para llegar, y si Sacramento desaparece probablemente haya un poco más de árboles. Pero mi punto es que Sacramento, parque nacional y conservación son tres unidades del mismo ecosistema, si las personas quieren venir a ver pájaros necesitan cierta infraestructura básica, yo veo una sinergia entre la conservación, el desarrollo de gentes como nosotros que tenemos cientos de años de estar acá y el disfrute que personas de otras zonas puedan venir y disfrutar lo que tenemos aquí. La conservación es un asunto de varias líneas, no de una sola», explicó. Sin embargo ese espíritu de coservación que los vecinos de esta comunidad tienen para con su propio entorno, y que las autoridades según ellos no entienden ha impedido al pueblo tener un desarrollo y un crecimiento como comunidad. También en nuestra visita conversamos con Asdrubal Hidalgo, un adulto mayor de 78 años; quién toda su vida ha vivido en Sacramento y Jorge Mejía, es presidente de la Asociación de Desarrollo de Sacramento. En el primer caso afirman que en todos sus años el pueblo literal no ha cambiado nada. «De los 78 años que yo tengo aquí, y este pueblito es como una fotografía no ha cambiado nada, y es poco lo que hemos variado. No es que hemos venido a desbaratar el pueblo, a urbanizar y situaciones similares; no es justo lo que quieren hacernos porque son años que llevamos en esta lucha y pedimos ser escuchados», manifestó. Por su parte Mejía sostiene que el desarrollo es algo que no han podido lograr con la comunidad. «Los proyectos acá son de emprendedores para que las personas que viven acá se desarrollen de ahí mismo con ventas en el camino o similar, pero con este problema en el volcán no nos dan permisos de la escuela hacia arriba. La verdad uno se siente mal que no lo atienden e ignoran nuestras peticiones o reclamos», manifestó Mejía. La polémica ley 65 de 1888 se redactó y promulgó con el fin de proteger las fuentes de agua que abastecen a Heredia y Alajuela, aunque en realidad al día de hoy no hay nacientes que abastecen a Alajuela, pero tampoco a los vecinos de Sacramento. La verdad sobre el recurso es que las nacientes existentes en la zona son hoy propiedad de la Empresa de Servicios Públicos de Heredia (ESPH), y de forma muy particular no hay agua en una buena parte de las propiedades de la comunidad de Sacramento. «La casa de los guardaparques no tiene agua potable, tienen que subir el agua para la sodita que hay ahí. La poca agua que había hace alrededor de 30 años en el tiempo de Oscar Arias se vendió o regaló a la Empresa de Servicios Públicos; porque esa sí es una buena naciente la que tenía la finca de Edgar Sánchez; tío de Oscar Arias. La Empresa de Servicios Públicos se llevó toda el agua, no le dejó a Sacramento ni una gota, solo de la escuela para abajo tienen agua. Desde ahí y hasta el volcán hay como 25 fincas que no tienen agua y no dan el servicio», explicó doña Elvia Víquez. En la segunda parte de estos reportajes le contamos sobre los alegatos legales, y como los vecinos de Sacramento continúan en la lucha por su determinación territorial. Puede observar este reportaje especial de La Reacción a continuación.|es|Campo obligatorio nulo: publication_date
lareaccioncr|https://lareaccioncr.com/2025/12/12/pueblo-soberano-inscribio-mas-de-9-mil-miembros-de-mesa/|Pueblo Soberano inscribió más de 9 mil miembros de mesa||2026-05-16 09:07:48|politica|Tribunal Supremo de Elecciones dio a conocer este viernes la conformación de las Juntas Receptoras de Votos, que conforme al calendario debían estar oficializadas antes del 13 de diciembre El Partido Pueblo Soberano (PPSO) logró inscribir un total de 9480 personas que fungirán como miembros de mesa o auxiliares electorales durante el proceso electoral a desarrollarse el próximo 1º de febrero del 2026. Dicho monto es absolutamente superior, y no tiene siquiera comparación con los montos oficializados por parte de otras agrupaciones políticas participantes del proceso. El segundo partido que logró más suscripciones fue Liberación Nacional quién acumuló 1737 personas inscritas, y de seguido la Unidad Social Cristiana que tiene 921 personas inscritas para este proceso. Quienes cierran dichas cifras son además Justicia Social Costarricense con 517 personas, el Liberal Progresista 25 personas y Unidos Podemos con apenas 2 personas inscritas. El martes anterior La Reacción informó que en el caso del Partido Liberación Nacional decían contar con 2 mil personas auxiliares o fiscales del proceso electoral, lo que no está tan lejano de las cifras dadas este viernes por el órgano electoral. Sin embargo, de acuerdo con las mismas autoridades del órgano electoral la cantidad registrada por el partido oficialista es aún una muestra de la pérdida de interés de los propios ciudadanos por estar inmersos en el proceso. «El auxiliar electoral es un aseguramiento de que la jornada electoral va a iniciar a las 6 de la mañana de ese primer domingo de febrero de 2026, y durante 12 horas de forma ininterrumpida los ciudadanos que están empadronados podrán ir a hacer el ejercicio del voto», explicó el director de registro electoral y financiamiento de los partidos políticos del Tribunal Supremo de Elecciones, Gerardo Abarca. Abarca incluso descartó que esa cantidad de auxiliares llegue hasta el último día para el acometimiento de sus labores, pues es natural que quienes empiezan el proceso no lo completen y salgan o incluso el mismo «Día E» no se presenten a la realización del trabajo. De acuerdo a estas cifras, y siendo que el total de Juntas Receptoras de Votos oficializadas por el Tribunal Supremo de Elecciones es de 7063 juntas es un hecho que la agrupación representante del oficialismo y de la tendencia del actual presidente Rodrigo Chaves tendrá gente asistente del proceso electoral casi en todas las juntas con al menos un representante. La distribución oficializada es 313 juntas tendrán tres o más partidos representados, 1157 tendrán representación de dos partidos, 4541 juntas con representación de un partido y 1052 sin representantes de partidos políticos. Estos y más detalles fueron revelados en la conferencia de prensa que La Reacción transmitió este viernes desde el Tribunal Supremo de Elecciones.|es|Campo obligatorio nulo: publication_date
lareaccioncr|https://lareaccioncr.com/2025/12/05/vario-el-colegio-de-abogados-la-nota-de-incorporacion-de-forma-ilegal/|¿Varió el Colegio de Abogados la nota de incorporación de forma ilegal?||2026-05-16 09:07:48|destacados|Auditoría interna evidenció que la práctica adoptada por la Junta Directiva habría sido ilegal. Sin embargo, tampoco accionó ante las autoridades respectivas. El Colegio de Abogados y Abogadas de Costa Rica habría variado de forma ilegal y en contraposición a la normativa interna de la organización la nota mínima de incorporación para los nuevos profesionales del derecho en nuestro país, que de forma original estaba en 80 puntos, para colocarlo en una nota mínima de 70. Así consta en un documento de auditoría interna, del cual La Reacción tiene copia digital, donde el auditor interno del Colegio de Abogados, José Guillermo Silesky Mata, confirma tras la inspección realizada que las formas de variación de las notas de incorporación no siguieron el procedimiento adecuado. El artículo 17 del Código de Deontología Jurídica y Vigilancia Académica establece que: “…Con base fundamento en los artículos supra citados, es que el Colegio tiene la obligación de establecer la calificación mínima, para aprobar el examen de Excelencia Académica en un 80 sobre 100. Ahora bien, es a través de la modificación reglamentaria que podría variarse dicho parámetro. Sin embargo ello está sujeto a cuestiones de oportunidad y conveniencia que, en primera instancia le corresponde valorar a la Junta Directiva. Si esta determina la necesidad de ello, entonces debe convocar a una asamblea general extraordinaria para modificar el texto legal” (el subrayado y la negrita son propios) Sin embargo dentro de la misma auditoría en las evidencias aportadas por el documento se encuentra que en la sesión de Junta Directiva con número de acta 45-24 del 19 de noviembre del 2024 queda plasmado como el directivo John Tapia Salazar solicitó de forma expresa que la Dirección Legal del Colegio que emita un criterio que “indique si la Junta Directiva cuenta con la potestad para bajar la nota a 70 sin necesidad de someterlo a una Asamblea Extraordinaria. La Reacción tiene muestras de conversaciones en chats de Whatsapp donde el propio Tapia Salazar se compromete con abogados que no han podido incorporarse al colegio (y que por consiguiente no podían trabajar) a realizar e impulsar las modificaciones a lo interno para que se lograra dicha modificación. ¿CUÁNDO SE ADOPTÓ EL CAMBIO? En el documento de la auditoría suscrito por Silesky se deja entrever que pese a las constantes advertencias de los Comités de Excelencia Académica en el año 2024 y para el 2025, además de las observaciones sobre la Dirección Legal del Colegio de Abogados, fue el 04 de febrero del 2025 cuando la Junta Directiva tomó el acuerdo para variar la nota de incorporación al Colegio de Abogados y Abogadas, al rebajarlo de 80 a 70; sin que mediara la Asamblea General mencionada como requisito. La licenciada Marylin Arias Mesén, incorporada al Colegio de Abogados y Abogadas desde el año 2014 y con número de carnet 24669 fue contactada por La Reacción, pues en el documento de auditoría es justo quién solicita la investigación respecto del tema en cuestión. Arias contó a nuestros micrófonos como su tesis es que estas modificaciones se realizaron con absoluto criterio político electoral, pues el Colegio de Abogados tiene proceso de elección de Junta Directiva este 6 de diciembre, y el directivo John Tapia Salazar; el mismo que solicitó variar la nota de incorporación sin que existiera Asamblea General Extraordinaria figura como el candidato a la presidencia por el grupo Innovación. “Hay un claro interés, yo trato siempre de revisar las actas para ver que acuerdos se toma en la Junta Directiva y dentro del mismo informe de auditoría se desprende que todas estas solicitudes se dan a nombre de John Tapia; y es quién intercede por los recién graduados para que se puedan incorporar con un mecanismo retroactivo. Justo el mes pasado cuando se anunciaron las papeletas venía él encabezando la papeleta del partido Innovación. Entonces claro que a uno le entra cierto temor y desconfianza si esto se hizo con fines políticos porque ahora parece que los recién incorporados le deben a él la incorporación, creen que él lo hizo por ayudarlos y no saben que él ha estado en la junta por muchos años”, alegó. Este es parte de los mensajes y pruebas que La Reacción tiene del papel que habrían tenido miembros actuales de la Junta Directiva para cambiar los criterios de incorporación al Colegio de Abogados Gracias a esta modificación, según Arias, un aproximado de 3 mil profesionales lograron ser incorporados a la organización gremial, números que servirían para que Tapia y su grupo logren el control en las decisiones del Colegio por un periodo más, mismo en el que llevan más de 15 años de control y administración de los intereses del gremio. Esta conversación demostraría como en efecto Tapia habría cambiado los parámetros de incorporación por beneficiar a nuevos graduados, los cuales agradecen su intervención. Estos serían votos seguros para el sábado 6 de diciembre Por normativa de la Ley de Control Interno, los auditores internos o externos de las distintas entidades públicas responde por su labor ante la Contraloría General de la República, sin embargo posterior a los hallazgos de la auditoría elaborada por el auditor del Colegio de Abogados no habrían existido acciones ante las autoridades competentes. Así lo manifestó la denunciante Marylin Arias. “Del informe de auditoría no se desprenden recomendaciones o acciones porque eso es parte de este tipo de documentos. Yo sabía que iba a ser difícil que él actuara bajo las competencias de él, yo interpuse las denuncias ante la Contraloría General de la República y la Procuraduría de la Ética Pública. En la Contraloría solo me hicieron un documento donde me dijeron que esto no nos corresponde a nosotros, si no que debe ir el agremiado ante la Fiscalía, considero que no era mi deber hacerlo y cuando lo reenvío a la Procuraduría me contestaron que ellos no podían investigar sobre otra investigación”, explicó la denunciante. La Reacción consultó sobre este particular a la Contraloría General de la República, y a través de la oficina de prensa nos remitieron respuestas concretas alrededor de las funciones, atribuciones y obligaciones de los auditores. “Cuando una auditoría interna identifica hechos que podrían constituir posibles irregularidades, debe emitir los productos que correspondan dentro de sus competencias legales, conforme a la Ley General de Control Interno, n.° 8292. Dichos productos pueden ser dirigidos a la Administración Activa, al Ministerio Público o a otras autoridades competentes, según la naturaleza del hecho. La responsabilidad de instaurar procedimientos administrativos o disciplinarios corresponde exclusivamente al jerarca institucional y a la autoridad competente dentro del respectivo ente u órgano, de acuerdo con el régimen jurídico aplicable. En materia penal, la valoración y eventual apertura de causas corresponde al Ministerio Público, conforme a la ley”, reza la respuesta en correo electrónico. Arias Mesén reiteró al auditor de apellido Silesky, que se defendió con el argumento de que la Contraloría no lo obligaba a él a presentar las denuncias respectivas, aunque a la denunciante la Procuraduría de la Ética Püblica le manifestó que sí era responsabilidad del auditor presentar las respectivas denuncias. Posterior a los cambios contrarios a la ley y la normativa interna, varios agremiados recibieron la notificación de que en una asamblea express intentarían aprobar los cambios como dicta el artículo 17 del Código Deontológico del Colegio de Abogados y Abogadas de Costa Rica. Este sábado 6 de diciembre, a partir de las 9 de la mañana y hasta las 5 de la tarde las oficinas centrales y regionales del gremio a saber Alajuela, Guápiles, Limón, Puntarenas, Pérez Zeledón y San Carlos; además de Ciudad Neilly, Heredia y Cartago. En esta ocasión se disputan la presidencia el partido Innovación, con John Tapia Salazar como candidato a la presidencia, y el grupo opositor Integra Iuris; quienes buscan sacar de la administración al grupo que por espacio de quince años ha representado los intereses del colegio. Desde el pasado 11 de noviembre, La Reacción envió el siguiente correo al departamento de Comunicación del Colegio de Abogados con una solicitud expresa de respuesta ante el informe de auditoría, base y fundamento de esta información. Sin embargo no recibimos respuesta previo a esta publicación, así tampoco don Francisco Cruz; presidente actual de la Junta Directiva a quién intentamos contactar para una posición al respecto, pero no hubo respuesta efectiva. Este correo fue escrito el pasado 11 de noviembre, sin que tuviéramos respuesta al respecto El presidente del Colegio de Abogados, Francisco Cruz; tampoco respondió a las dudas ni tampoco nos acercó a John Tapia; señalado por propiciar los cambios en las notas del examen de incorporación El reporte especial en torno a este tema a continuación.|es|Campo obligatorio nulo: publication_date
lareaccioncr|https://lareaccioncr.com/2025/11/25/conare-lanza-plataforma-para-desarrollar-soluciones-concretas-a-retos-pais/|Conare lanza plataforma para desarrollar soluciones concretas a retos país||2026-05-16 09:07:48|protagonistas|El Laboratorio de Innovación busca trabajará temas como movilidad y transporte urbano, gestión ambiental y cambio climático, educación, salud pública y tiempos de espera, seguridad ciudadana, entre otros. El Consejo Nacional de Rectores (Conare) dio a conocer este martes la plataforma del Laboratorio de Innovación; una herramienta permanente que se complementa con el trabajo del Estado de la Nación; mediante el cual buscan elaborar soluciones concretas a distintos retos del país. Entre las temáticas que se plantean trabajar están: movilidad y transporte urbano, gestión ambiental y cambio climático, educación, salud pública y tiempos de espera, seguridad ciudadana y otros. Será con la colaboración y aporte de las universidades estatales, instituciones públicas, empresas, organizaciones sociales y organismos internacionales desde donde se recolecten investigaciones para generar una transformación hacia proyectos prácticos, medibles y/o escalables a la realidad nacional. Con el uso de metodologías para experimentar, diseñar, probar y escalar soluciones innovadoras entre ellas diseños centrados en las personas, experimentación y prototipado, además de enfoques basados en evidencia, trabajo colaborativo y multisectorial es la forma en cómo trabajará esta herramienta. “Necesitamos nuevas formas de pensar, colaborar y actuar. Esta herramienta nace con la idea principal de unir las capacidades de distintos actores, y probar ideas con evidencia y rigor. Como universidades estatales ponemos a disposición del país un servicio técnico, neutral e independiente para experimentar con aquello que mejore la calidad de vida de las personas”, explicó María Estrada; rectora del Instituto Tecnológico de Costa Rica (TEC) y presidente del Conare. El Laboratorio de Innovación (LabIn) fue presentado este martes en las instalaciones del Consejo Nacional de Rectores (Conare) (Foto Cortesía Conare) La gobernanza del laboratorio funcionará con una alianza público-privada entre el Conare y la Fundación Caricaco; y los aportes iniciales vendrán de las universidades y el Conare. Desde la fundación externaron que en efecto los problemas del país son complejos, y que requieren un abordaje en muchas ocasiones multiplataforma e interinstitucional. “Es posible progresar cuando todos los actores están en la misma mesa, y se buscan puntos de acuerdo para encontrar soluciones basadas en evidencia, aprendizaje continuo y sostenibilidad. Este laboratorio permite que esto deje de ser una idea, y sea una práctica sostenida con impacto real”, así lo explicó Mauricio Miranda, presidente de la fundación Caricaco. Con el laboratorio se conectarán sectores y recursos para la búsqueda de soluciones a pequeña escala y aprender rápidamente como funciona.|es|Campo obligatorio nulo: publication_date
lareaccioncr|https://lareaccioncr.com/2025/11/25/pais-incrementa-ciudades-que-velan-cuidan-y-dignifican-ciudadanos-vulnerables/|(Transmisión) País incrementa ciudades que velan, cuidan y dignifican ciudadanos vulnerables||2026-05-16 09:07:48|municipales|El modelo se fundamenta en fundación New Health en España y cuenta con acompañamiento de Wink-Coopenae Mediante la certificación a ocho nuevos cantones como “Ciudades Compasivas” es como Costa Rica avanza en la implementación de un modelo que vela, cuida y dignifica a los ciudadanos en condiciones de vulnerabilidad, enfermedades avanzadas o en condición terminal. Los cantones cartagineses de Alvarado, Oreamuno, Paraíso, Turrialba y Jiménez; el cantón josefino de Curridabat, el alajuelense de Upala y San Rafael en Heredia fueron condecorados en esta segunda fase del proyecto, en una primera oportunidad fue el cantón central de Cartago el condecorado. El programa ciudades compasivas tiene como objetivo primordial enmarcar a las comunidades en un compromiso de atención comunitari y colaborativa en un esquema que une a municipalidades, sistemas de salud, organizaciones sociales, educadores, voluntarios y comunidades enteras al propósito común: que ninguna persona enfrente el sufrimiento o la enfermedad en soledad. El acto de entrega de los reconocimientos fue dado por en unión de Mental Health con Coopenae en Costa Rica. “Lo que nosotros hacemos es articular con las diferentes autoridades y buscar espacios donde trabajar de forma conjunta en un rol de integrador y cooperación para llevar a todos los entes posibles la capacitación en las comunidades y poder atender a las personas que presentan alguna vulnerabilidad”, explicó Grace Badilla, presidente del Consejo de Administración de Coopenae sobre el papel que la entidad financiera cumplió en este particular. Durante el acto también se condecoró a Cartago como la primer provincia compasiva en un esfuerzo que pretende llevar este proyecto a la totalidad del territorio nacional. Ericka Arroyo fue la representante del cantón de Alvarado que recogió la condecoración a este pueblo cartaginés. El alcalde de Oreamuno, Erick Jiménez rescató el valor de esta certificación. “Como ciudades asumimos un compromiso con el bienestar social en igualdad de condiciones en nuestro cantón incluidos adultos mayores, personas enfermas y que merecen vivir sus días finales con dignidad, y ese es el compromiso que nosotros asumimos como municipalidad donde creemos esos espacios y buscar que sean de respeto y dignidad, donde además podamos desde la municipalidad con la atención que las personas pudiesen necesitar”, explicó el funcionario. Los datos especifican que 19 mil personas en Costa Rica requieren cuidados paliativos, y una mayoría no padecen cáncer, y son justo las provincias de San José, Alajuela, Heredia y Cartago donde se presenta la mayor necesidad de atenciones y cuidados paliativos. De cara hacia el 2026 los cantones de Belén, Desamparados, Flores y Barva se muestran interesados en formar parte del proyecto y sumarse a los 9 territorios que en este momento tienen la denominada certificación como ciudades compasivas. Puede repasar la entrega de los premios y la transmisión especial de La Reacción en este enlace:|es|Campo obligatorio nulo: publication_date
lareaccioncr|https://lareaccioncr.com/2025/11/21/plataforma-antimercados-distorsionados-alerta-sobre-endeudamiento-de-los-hogares/|Plataforma antimercados distorsionados alerta sobre endeudamiento de los hogares||2026-05-16 09:07:48|mercados|Exdiputado y exministro Welmer Ramos junto a grupo de economistas fundan Omercom. Con el pleno convencimiento de que los mercados privados que comercializan bienes y servicios en Costa Rica tienen serias deficiencias de funcionamiento es como el ex diputado y ex ministro de Economía, Industria y Comercio, Welmer Ramos junto a un grupo de académicos fundaron el Observatorio del Mercado y Derechos del Consumidor. Ramos González habló con La Reacción sobre esta plataforma y afirmó que en su convencimiento una sociedad capitalista como la costarricense presenta distorsiones según las cuales pequeños grupos de poder concentran la comercialización de distintos bienes y/o productos con lo cual afectan a los consumidores. En su momento Ramos, junto al diputado David Gourzong Cerdas de Liberación Nacional impulsaron la denominada “Ley de Usura” que estableció topes a las tasas de interés en productos como tarjetas de crédito y créditos. Esta legislación recibió fuertes críticas de un sector económico y organizaciones, al considerar que desplazó a un número considerable de ciudadanos a los productos informales de crédito. Sin embargo, el ex titular del MEIC reiteró en el foro realizado en el Colegio de Abogados y Abogadas de Costa Rica, en Zapote, sus beneficios. “En lo absoluto nosotros no hablamos de regulación de precios, usted vaya al Cenada y ahí hay una red de frío que de ¿quién es? Del Estado y vaya a ver si un agricultor la puede usar, no la puede usar; está alquilada a grandes consorcios que entonces son los que terminan por poner el precio que les da la gana al agricultor ¿qué tal si un agricultor llega a vender mamón chino y se lo pagan a 400 colones, pero dos meses después vale mil colones perfectamente debería tener acceso a esa infraestructura que le mejoraría las condiciones”, explicó el también economista. Ramos González está plenamente convencido de que los problemas vienen de la mano de la operación de los mercados. “Es un problema de operación de los mercados, de aplicar leyes, falta de estudios y defender al consumidor, por ende eso alguien tiene que defenderlo y decirlo; de forma generalizada y no en la defensa de un caso específico”, apuntó. Omercom se centrará en aspectos generales y específicos de temas como la banca, el comercio agrícola, el mercado de los medicamentos, entre muchos otros donde se vislumbran esos desequilibrios del mercado. Puede observar la entrevista a continuación:|es|Campo obligatorio nulo: publication_date
lareaccioncr|https://lareaccioncr.com/2025/11/20/juan-jose-andrade-afirma-que-crisis-de-seguridad-no-es-por-falta-de-recursos/|Juan José Andrade afirma que crisis de seguridad no es por falta de recursos||2026-05-16 09:07:48|protagonistas|Ex director de la Fuerza Pública fue presentado este jueves como el coordinador del equipo de seguridad del Partido Unidos Podemos, con Natalia Díaz como candidata presidencial El ex director de la Fuerza Pública y ex viceministro de Seguridad, Juan José Andrade Morales está firmemente convencido de que la crisis de seguridad que atraviesa Costa Rica, y de la cual las encuestas de opinión pública ubican como la principal preocupación social; no pasa por un tema de falta de recursos económicos si no de gestión y dirección. Andrade fue presentado este jueves como el coordinador del equipo de seguridad de la tendencia política del Partido Unidos Podemos de la candidata presidencial Natalia Díaz Quintana, donde ofreció su visión de lo que considera es la forma de atender la problemática. Andrade quién estuvo en la función pública por espacio de veinte años, y que desde el año 2017 trabaja de forma liberal el derecho y las consultorías en materia de seguridad es enfático en que la actual administración abandonó ciertas acciones en materia de prevención, y manifestó que los recursos policiales, operativos y humanos están en el propio Ministerio de Seguridad, y que por ende su compromiso está en regresar la policía a las calles. Ante el cuestionamiento que le planteó La Reacción sobre el denominado fenómeno de las «puertas giratorias» en el cual las fuerzas policiales realizan la labor de investigación, detención y presentación de sospechosos ante las instancias judiciales, Andrade manifestó que alegar que esas parte de las causas del problema es repartir culpas, pero adelantó que en efecto deberá realizarse una revisión de los procedimientos actuales. «Hoy tenemos una academia nacional de policías, y cuando yo hablaba de que hemos abandonado la capacitación de nuestras policías me refería justamente a eso, tenemos que en efecto revisar los procedimientos, mejorar la capacitación de los asesores legales de las policías para acompañarnos con los fiscales, porque si los procesos de recabamiento de pruebas o testimonios son endebles los jueces no tendrán otro camino que no sea liberar a los sospechosos», apuntó. La candidata presidencial de Unidos Podemos, Natalia Díaz estuvo acompañada de sus candidatos a las vicepresidencias y de Juan José Andrade en el Hotel Crowne Plaza, Corobicí . Foto La Reacción Mientras tanto Díaz Quintana manifestó que en cuanto a reformas legales, que no son necesariamente el paso más necesario e inmediato una eventual administración de la agrupación retomaría iniciativas como la política de la prisión preventiva, entre otros; pero enfatizó que muchos de los textos legislativos previamente presentados ya no se apegan a la actualidad. La aspirante dejó completamente claro que el Ministerio de Seguridad en una eventual administración suya sería asumida por la figura de Andrade Morales.|es|Campo obligatorio nulo: publication_date
lareaccioncr|https://lareaccioncr.com/2025/11/17/nueva-generacion-y-nueva-republica-tienen-los-mejores-planes-de-gobierno/|Nueva Generación y Nueva República tendrían los mejores planes de Gobierno||2026-05-16 09:07:48|politica|La Reacción realiza ejercicio con el uso de la inteligencia artificial para descomponer y analizar los 20 documentos presentados al TSE Los planes de Gobierno de las agrupaciones Nueva Generación, Nueva República, Centro Democrático y Social y de la Coalición Agenda Ciudadana se proyectarían como los mejores documentos en cuanto a la planificación de sus metas y acciones propuestas. Lo anterior hecho mediante un análisis elaborado por la plataforma de la Inteligencia Artificial Chat GPT con una serie de indicaciones dadas por la guía humana en la cual se solicitó que la valoración se hiciera con base en indicadores cuantitativos y no con base en elementos cualitativos. Así las cosas, la metodología aplicada por la Inteligencia Artificial (IA) ordenó los mejores planes de Gobierno fundamentado en una serie de variables como la extensión en páginas, la aparición de elementos de presupuesto y costeo de las acciones, la existencia de metas e indicadores cuantificados, la existencia de un cronograma u horizonte temporal en las acciones, la existencia de metodología de monitoreo y rendición de cuentas, y finalmente la aparición de referencias y bibliografía. Las ponderaciones colocadas por la inteligencia artificial dotaron de puntuación por cada uno de estos eslabones a los veinte planes de Gobierno. FUENTES DE FINANCIAMIENTO La sabiduría popular, sin embargo dicta que por más que un documento tenga gran extensión, referencias bibliográficas, entre otros; en la administración pública la disposición y existencia de fuentes de financiamiento claramente identificadas es fundamental. Es por ello que al llevar este ejercicio hacia algo más profundo le solicitamos a la inteligencia artificial realizara un análisis fiscal, y detectar con base en la presencia de elementos como cifras, metas cuantificadas, referencias, cronograma y extensión del documento la ubicación de cada plan de Gobierno. En esta ocasión nuevamente el documento presentado por Nueva Generación, Pueblo Soberano, Esperanza y Libertad y Esperanza Nacional se ubican como los cinco planes con un escenario de fuentes de financiamiento bien identificado junto a las otras variables. El aspirante presidencial de Nueva Generación, Fernando Zamora defendió en bastantes oportunidades ser el primer aspirante presidencial en presentar su plan de Gobierno ¿CONSERVADORES, MODERADOS O AMBICIOSOS? ¿Son los planes de Gobierno de los 20 aspirantes a la presidencia documentos que apuestan por políticas y acciones enmarcadas en lo conservador o más bien son moderados o por el contrario son ambiciosos? Este fue el tercero de los ejercicios, donde evaluamos los 20 planes de Gobierno para entender dentro del escenario fiscal y de financiamiento de sus acciones sí sus pretensiones en caso de llegar a la Presidencia de la República corresponden a uno u otro escenario. En este caso la inteligencia artificial generó una comparativa de todos los documentos, y muestra que Nueva República, Nueva Generación, Coalición Agenda Ciudadana, Liberal Progresista, Esperanza Nacional, Partido de la Clase Trabajadora, Centro Democrático y Social, Unidos Podemos, Liberación Nacional y la Unidad Social Cristiana generaron documentos con perspectiva ambiciosa. Fabricio Alvarado, y Nueva República luce como la agrupación política con el plan de Gobierno más ambicioso de acuerdo al ejercicio aplicado En cuanto al perfil moderado acá se ubican: Unión Costarricense Democrática, Esperanza y Libertad, Frente Amplio, Integración Nacional, Costa Rica Primero y Aquí Costa Rica Manda. Finalmente en el perfil conservador están los planes de Justicia Social Costarricense, Avanza, Pueblo Soberano. De acuerdo a las valoraciones dadas por la herramienta un perfil ambicioso es uno que cuenta con altos montos estimados, muchas cifras monetarias explícitas, planes de grandes obras públicas en infraestructura o proyectos estructurales. Entretanto un plan moderado evidencia montos intermedios, cifras presentes, pero no excesivas, combinación de ajustes administrativos con algunos proyectos de administración. Laura Fernández, y Pueblo Soberano se muestran como una agrupación con un plan conservador y que no aventura con altas inversiones monetarias, y más enfocado a reformas administrativas En el caso de los perfiles conservadores son de bajos montos estimados, pocas cifras monetarias declaradas, foco en reformas administrativas más que en grandes inversiones y con bajo riesgo en el financiamiento. Los planes de Gobierno pueden ser ubicados en la siguiente dirección electrónica: https://tse.go.cr/2026/planesgobierno.html|es|Campo obligatorio nulo: publication_date
lareaccioncr|https://lareaccioncr.com/2025/11/14/rodrigo-chaves-comparece-ante-asamblea-por-denuncias-de-beligerancia-politica/|(EN VIVO) Rodrigo Chaves comparece ante Asamblea por denuncias de beligerancia||2026-05-16 09:07:48|protagonistas|Tribunal contabiliza 15 denuncias por beligerancia política en contra de Chaves El presidente de la República, Rodrigo Chaves comparece la mañana de este 14 de noviembre en las instalaciones de la Asamblea Legislativa para ejercer su espacio de defensa ante la comisión legislativa especial que estudia el levantamiento de su fuero de protección solicitado por el Tribunal Supremo de Elecciones en la investigación que se le sigue ante la presunción de que el Mandatario cometiera el delito de beligerancia política. La comisión especial es compuesta por los legisladores Alejandra Larios del Partido Liberación Nacional, Rocío Alfaro del Partido Frente Amplio, y Daniel Vargas en representación del oficialismo. Esta se convierte en la segunda ocasión en que el Mandatario Chaves Robles comparece ante una comisión de esta naturaleza, luego de que el pasado 22 de agosto se diera ese primer espacio en el cual al presidente se le seguía un procedimiento por el aparente delito de concusión que la Fiscalía General tramitaba en su contra por el caso de los dineros donados por el Banco Centroamericano de Integración Económica. Puede seguir la comparecencia en vivo a través de nuestro canal de YouTube|es|Campo obligatorio nulo: publication_date
lareaccioncr|https://lareaccioncr.com/2025/11/12/entrevista-eli-feinzaig-afirma-que-no-desperdiciara-su-tercera-oportunidad-de-vida/|(Entrevista) Eli Feinzaig afirma que no desperdiciará su tercera oportunidad de vida||2026-05-16 09:07:48|protagonistas|Candidato del PLP realizó primer aparición pública tras aparatoso y mortal accidente. El aspirante presidencial y diputado por el Partido Liberal Progresista, Eliécer Feinzaig Mintz, hizo su primera aparición pública este miércoles luego del aparatoso y mortal accidente sufrido el pasado 24 de octubre; donde lamentablemente perdió la vida su asistente personal y candidata a diputada Ericka Benavides. Feinzaig estuvo entre los 15 aspirantes presidenciales que asistieron al llamado realizado por la Junta de Pensiones del Magisterio Nacional (Jupema) para la realización de un debate donde el tema del sistema de pensiones era el eje central de discusión, propuestas y presentación de alternativas. Posterior al evento La Reacción abordó al político para conocer sus primeras impresiones luego del lamentable evento, donde al inició confirmó que el accidente le dejó cuatro costillas rotas y una cirugía en la zona del esternón, que obligó a una segunda intervención quirúrgica posterior al accidente. Con perspectiva de reflexión, Feinzaing Mintz afirma que la lección del accidente más relevante es que esta tercera oportunidad de vida no piensa desaprovecharla. “Uno no necesariamente entiende los designios de Dios, pero por algo estoy aquí y no pienso desaprovechar esta tercera oportunidad que me da porque yo tuve un cáncer algunos años y lo pude superar; y no planeo desaprovechar la oportunidad, vamos a seguir luchando con la fuerza que tenemos por recuperar la democracia costarricense”, reflexionó el aspirante. Durante su participación en el evento, Feinzaig reconoció entre otros que su participación en el acto tendría que considerar algunas limitaciones físicas presentes en su proceso de recuperación. Sobre su papel en los siguientes meses de campaña, el liberal reconoció que van a continuar y él se involucrará nada más que un poco más lento en razón de su proceso de recuperación. “La voy a llevar un poquito más despacio que antes del accidente porque mi recuperación así lo requiere, pero voy a estar presente en todo y no me lo voy a perder. Si algo me cambio este accidente es reafirmar el compromiso que tengo con Costa Rica”, puntualizó. Feinzaig reconoció en su equipo y sus candidatos a las vicepresidencias el papel de sustitución y participaciones que han tenido en foros, debates y conversatorios a lo largo de las dos semanas de incapacidad que tuvo a raíz del percance. El aspirante reconoció finalmente que el conductor del vehículo donde viajaba se mantiene delicado, pero en proceso de recuperación. Repase la entrevista completa con La Reacción a continuación:|es|Campo obligatorio nulo: publication_date
lareaccioncr|https://lareaccioncr.com/2025/11/12/video-mario-saldivar-advierte-que-elecciones-se-roban-al-deslegitimar-autoridades/|(VIDEO) Mario Saldivar advierte que elecciones se roban al deslegitimar autoridades||2026-05-16 09:07:48|protagonistas|Especialista de origen salvadoreño estuvo en Costa Rica como parte de celebraciones del Día de la Democracia El director regional para Latinoamerica y el Caribe de la Fundación Internacional para los Sistemas Electorales, Mario Saldivar sostiene y afirma que el mayor peligro para las democracias modernas no está en quienes intentan robarse los distintos comicios con intentos de fraude, si no en quienes deslegitiman los sistemas electorales. Saldivar; de origen salvadoreño estuvo en Costa Rica la semana anterior como parte de los actos conmemorativos del “Día de la Democracia Costarricense” desarrollados en el Tribunal Supremo de Elecciones, y participó con un discurso en el acto que otorgó el premio “Cátedra de la Democracia” a la Biblioteca Nacional. De acuerdo con Saldivar los procesos electorales en América Latina pasados evidencian como los ataques contra las autoridades electorales fue la estrategia para deslegitimar algunos comicios, y puso de ejemplos a Brasil con Jair Bolsonaro o México con Andrés Manuel López Obrador. Los ciclos electorales entre el año 2021 y 2024 en la región tal es el caso de Brasil, Colombia, Perú o México empezaron a evidenciar ataques contra los órganos electorales que empezaron por señalar debilidades técnicas, como en el caso de Brasil con el voto electrónico; y posterior a eso vienen los ataques personales a las autoridades electorales advirtió Saldivar. “Al recapitular los casos de México o Brasil creo que es una manera ingrata de utilizar las instituciones que existen para llegar al poder, pero luego en caso de existir un desacuerdo con esas instituciones para garantizar un proceso de transición legítima para el cual están ahí empieza el descontento contra esa institución que como ya no es útil, y puede serle a alguien que no es de tu agrado, sobreviene el ataque con la institución”, explicó. Saldivar explicó que es muy fácil confundir esos ataques con una retórica política, con lo cual parte de la población no interprete o sienta que se ataca a los órganos electorales o a los funcionarios encargados de brindar transparencia al proceso electoral. “Creo que muchas veces más allá se trata de romper esa confianza que el ciudadano tiene para con esa institución, romperle la legitimidad e independencia que tiene ese organismo, así que eso lo hemos visto en algunos países y hay que tener mucho cuidado”, advirtió en entrevista especial con La Reacción. En cuanto al mayor riesgo que tienen los países que permitieron o dieron paso al cuestionamiento de las autoridades electorales de acuerdo con el delegado internacional es “la coptación de dichas instituciones mediante la deslegitimación a las autoridades en funciones, cuestionar lo técnico y lo personal y accionar de esos funcionarios electorales, para luego pedir un cambio de autoridades”, manifestó. De forma reciente el presidente de la República, Rodrigo Chaves Robles, y las autoridades del Tribunal Supremo de Elecciones, en especial la figura de las magistradas Eugenia Zamora y Zetty Bou se ven enfrascadas en cruces de palabras sobrevenidos en su mayoría desde Zapote, luego de la aplicación del artículo 142 del Código Electoral que impidió al Gobierno continuar con la difusión de logros gubernamentales mediante páginas institucionales, así como la transmisión en los canales digitales de Presidencia de la conferencia de prensa semanal; así como la solicitud del órgano electoral por levantar el fuero de protección del que goza el Mandatario para investigar casos y acusaciones relacionadas con beligerancia política que pesan sobre Chaves Robles. Repase la entrevista a continuación|es|Campo obligatorio nulo: publication_date
lareaccioncr|https://lareaccioncr.com/2025/11/12/transmisiones-candidatos-presidenciales-debaten-sobre-el-futuro-de-las-pensiones/|(Transmisiones) Candidatos presidenciales debaten sobre el futuro de las pensiones||2026-05-16 09:07:48|mercados|15 de los 20 candidatos presidenciales inscritos formalmente ante el Tribunal Supremo de Elecciones (TSE) toman la palestra este miércoles durante el debate Decisiones País 20230: Compromisos en Pensiones. Justo es el amplio y cómodo auditorio de la Junta de Pensiones del Magisterio Nacional (Jupema) el que alberga el acto en el cual se dividen los bloques de los candidatos en dos grupos. En horas de la mañana el encuentro enfrenta las ideas y planteamientos de Douglas Caamaño del Partido Alianza Costa Rica Primero, Claudio Alpízar del Partido Esperanza Nacional, Claudia Dobles de la Coalición Agenda Ciudadana, Boris Molina del Partido Unión Costarricense Democrática, Ariel Robles del Frente Amplio, Ana Virginia Calzada del Partido Centro Democrático y Social y Alvaro Ramos del Partido Liberación Nacional. A segunda hora la palestra brindará el espacio para la exposición de las ideas de los candidatos José Aguilar de Avanza, Eliecer Feinzaig del Liberal Progresista, Juan Carlos Hidalgo de la Unidad Social Cristiana, Ronny Castillo de Aquí Costa Rica Manda, Fernando Zamora de Nueva Generación, Luz Mary Alpizar de Progreso Social Democrático, Marco Badilla de Esperanza y Libertad y Walter Hernández de Justicia Social Costarricense. Los ausentes al encuentro son la candidata del Partido Pueblo Soberano, Laura Fernández; Natalia Díaz del Partido Unidos Podemos, Luis Amador del Partido Integración Nacional, Fabricio Alvarado de Nueva República y David Hernández del Partido de la Clase Trabajadora. Entre los temas que se tocan durante el encuentro están la solvencia financiera del Régimen de Invalidez, Vejez y Muerte (IVM de la CCSS), el fondeo de proyectos de infraestructura con los dineros de los fondos de pensiones y temáticas asociadas al Régimen Obligatorio de Pensiones. En el siguiente enlace puede ver el debate del primer bloque de candidatos. A esta hora se desarrolla la segunda parte del debate Decisiones País 20230: Compromisos en Pensiones. Noticia en desarrollo.|es|Campo obligatorio nulo: publication_date
lareaccioncr|https://lareaccioncr.com/2025/10/21/entrevista-banco-nacional-sobre-sentencia-judicial-de-fraude-cibernetico-los-sistemas-informaticos-del-banco-nunca-fueron-vulnerados/|(Entrevista) Banco Nacional sobre sentencia judicial de fraude cibernético: «Los sistemas informáticos del banco nunca fueron vulnerados»||2026-05-16 09:07:48|mercados|«Los hechos delictivos ocurrieron como consecuencia de una fuga de información por parte de la propia víctima, inducida mediante engaño», asegura la Dirección Jurídica de la entidad bancaria. El Banco Nacional brindó explicaciones en torno al caso de un cliente adulto mayor que sufrió un crimen cibernético y que logró una sentencia favorable que condujo a que el banco le pagara todo lo que le fue robado. El caso se remonta al año 2020 cuando al señor le extrayeron dinero de sus cuentas, tanto en dólares como colones. El adulto mayor recibió dos llamadas telefónicas presuntamente desde la central telefónica del Banco Nacional. Las mismas luego se descubrieron que fueron clonadas y también recibió dos correos electrónicos también supuestamente del dominio del Banco Nacional de Costa Rica. Ante estas contactaciones, de quien el cliente creyó que eran de «su banco», él atendió una llamada y quien lo atiende «le ayuda» a hacer una Actualización. Durante la llamada el ciberdelincuente hace que el señor, sin querer, revele información de acceso a sus dispositivos de seguridad. Mientras están en la llamada el equipo de cibercriminales va haciendo modificaciones en correos, cuentas y accesos de seguridad. Según la sentencia, todo ocurrió en menos de 5 minutos. Por ejemplo, cambiaron la cantidad máxima para transferencias diarias a ¢7 millones y reparten dinero por medio de transferencia en varias cuentas que se prestaron para recibir los fondos. El caso lo reveló La Reacción el pasado martes 14 de octubre a través de la abogada Adriana Rojas Rivero, de la Asociación Prodefensa del Consumidor Financiero (APRODECO), quien representó al cliente bancario. Tras la publicación de la información de la sentencia en su última instancia, La Reacción gestionó la versión de la entidad financiera. Aquí completa su versión de los hechos: «Por medio del presente, nos referimos a su solicitud de conocer la posición del Banco Nacional de Costa Rica en relación con el voto 001355-A-S1-2025, dictado el 30 de setiemblre deo 2025r por la Sala Primera de la Corte Suprema de Justicia, mediante el cual se rechazó de plano el recurso de casación interpuesto por esta instituciórn contra la sentencia número 2023006618, emitida a las 13:37 horas del 21 de diciembre de 2023 por el Tribunal Contencioso Administrativo y mCivil de Hacienda. Este caso se relaciona con una demanda presentada por un cliente que alegó haber sido víctima de una estafa cibernética que resultó en la sustracción de fondos de sus cuentas bancarias. La Sala Primera confirmó la sentencia recurrida, que declaró con lugar la demanda y condenó al Banco Nacional a restituir las sumas sustraídas, más intereses legales y costas procesales. El Banco Nacional reitera su respeto por las resoluciones judiciales y reafirma su compromiso con los derechos de los consumidores financieros, así como con el fortalecimiento de la comunicación clara y oportuna con sus clientes. En particular, la institución promueve la concientización sobre la debida diligencia en la protección de la información sensible, especialmente en lo relativo a los mecanismos de seguridad y autenticación requeridos para el acceso a los servicios de banca electrónica, con el fin de prevenir acciones delictivas por parte de terceros. Es importante destacar que tanto el Tribunal como la Sala Primera concluyeron que los sistemas informáticos del Banco no fueron vulnerados, y que los hechos delictivos ocurrieron como consecuencia de una fuga de información por parte de la propia víctima, inducida mediante engaño. En este sentido, el Banco Nacional reafirma la robustez y confiabilidad de su plataforma tecnológica, y aprovecha la ocasión para recordar a sus clientes que nunca solicitará información sensible ni credenciales de acceso por ningún medio. Ante cualquier solicitud de este tipo, se recomienda no proporcionar información y reportar de inmediato el incidente a través de los canales oficiales del Banco«. En el siguiente enlace puede ver la entrevista concedida por la representante legal del consumidor financiero, Adriana Rojas, a La Reacción. Nota: Por protección del cliente, tanto su representante legal como la entidad bancaria omiten mencionar el nombre del consumidor financiero.|es|Campo obligatorio nulo: publication_date
lareaccioncr|https://lareaccioncr.com/2025/10/|1 de octubre de 2025||2026-05-16 09:07:48|politica|"(Entrevista) Banco Nacional sobre sentencia judicial de fraude cibernético: «Los sistemas informáticos del banco nunca fueron vulnerados» ""Los hechos delictivos ocurrieron como consecuencia de una fuga de información por parte de la propia víctima, inducida mediante engaño"", asegura la Dirección Jurídica de la entidad bancaria. El Banco Nacional brindó explicaciones en torno al caso de un cliente adulto mayor que sufrió un"|es|Campo obligatorio nulo: publication_date
lareaccioncr|https://lareaccioncr.com/2025/08/19/el-ina-lleva-la-empresarialidad-al-pacifico-central/|El INA lleva la empresarialidad al Pacífico Central||2026-05-16 09:07:48|mercados|Más de 20 personas propietarias de empresas del Pacífico Central comenzaron a recibir asesorías para sus emprendimientos o pymes y se espera por año atender a 180 personas interesadas. Gracias a su formación en un CDE, Henry López fundó su propia empresa Taller y Motorepuestos LyL. Las autoridades del Instituto Nacional de Aprendizaje inauguraron el nuevo Centro de Desarrollo Empresarial (CDE) del INA, ubicado en Puntarenas. Este nuevo CDE se suma al de Limón, Pérez Zeledón, San Ramón, Ciudad Quesada, Liberia y Cartago, y abrió sus puertas el jueves 14 de agosto. Los CDE brindan asesorías personalizadas y gratuitas a pymes y emprendimientos. La intención es impulsar a las empresas locales mediante herramientas de alto nivel ofrecidas por personas asesoras destacadas en temas de gestión empresarial como finanzas, mercadeo, plan de negocios y redes sociales, entre otros. “Con este nuevo CDE abrimos un espacio dedicado al impulso del talento local, fomentando la innovación y dinamizando la economía de Puntarenas. Nuestro compromiso es apoyar el desarrollo de las pymes con herramientas prácticas y actualizadas; así lo estamos haciendo en todos los territorios del país” señaló Christian Rucavado Leandro, Presidente Ejecutivo de la institución. Henry López es egresado del INA y gracias a los conocimientos adquiridos en la institución, hace 11 años fundó su propia empresa: Taller y Motorepuestos LyL. Ahora es cliente del Centro de Desarrollo Empresarial, de Pacífico Central. “Somos siete personas las que se benefician con el negocio y las que trabajamos en la empresa. Ha sido una gran experiencia con el Centro, ya que me han orientado en temas de manejo de redes sociales y control del personal, entre otros temas”, manifestó. El CDE en Puntarenas cuenta con amplio parqueo en San Isidro de Chacarita, Puntarenas, 150 metros este del antiguo Hospital Monseñor Sanabria. El horario de atención es de lunes a viernes, de 8 a.m. a 6 p. m. Los sábados el horario se extiende de 8 a. m. a 12 mediodía. ¿Qué requisitos debo cumplir para recibir este servicio? Tener un emprendimiento con oportunidad de crecimiento Para optar por los servicios de un CDE, lo primero que tiene que hacer la persona interesada es llamar al número de teléfono del CDE más cercano. Luego, una persona asesora le realizará un diagnóstico de la empresa o emprendimiento para, posteriormente, dar inicio a un plan de asesoría de, máximo, ocho sesiones, ágil y oportuno, de acuerdo con las necesidades específicas de cada unidad productiva. El jerarca de la institución, Christian Rucavado, y el Jefe de la Unidad para el Fomento y Desarrollo Empresarial, Fernando Sánchez, ampliaron en torno a los beneficios del nuevo CDE para la Región Pacífico Central.|es|Campo obligatorio nulo: publication_date
lareaccioncr|https://lareaccioncr.com/2025/08/|19 de agosto de 2025||2026-05-16 09:07:48|mercados|"El INA lleva la empresarialidad al Pacífico Central Más de 20 personas propietarias de empresas del Pacífico Central comenzaron a recibir asesorías para sus emprendimientos o pymes y se espera por año atender a 180 personas interesadas. [caption id=""attachment_1238"" align=""alignright"" width=""399""] Gracias a su formación en un CDE, Henry López fundó su propia empresa"|es|Campo obligatorio nulo: publication_date
lareaccioncr|https://lareaccioncr.com/2025/06/26/video-costa-rica-y-china-alcanzan-la-mayoria-de-edad-en-sus-relaciones-diplomaticas/|(Video) Costa Rica y China alcanzan la «mayoría de edad» en sus relaciones diplomáticas||2026-05-16 09:07:48|geopolitica|Tres exmandatarios participaron en el acto efectuado en el Auditorio Nacional del Museo de Los Niños el pasado martes 3 de junio. «En los últimos 18 años China y Costa Rica han escrito juntos un capítulo amistoso de respeto mutuo, beneficio recíproco y desarrollo conjunto», dijo la Embajadora de China en Costa Rica, Wang Xiaoyao. La Embajadora Wang Xiaoyao dijo que Costa Rica y China son como dos compañeros en un mismo bote, para realizar el desarrollo conjunto, necesitamos la solidaridad y la cooperación. Fue el primero de junio del 2007 cuando se firmó en Beijing el histórico acuerdo que puso fin al reconocimiento de Costa Rica a Taiwán y dio paso a una nueva era diplomática con el gigante asiático, la segunda economía del mundo y cuya infraestructura maravilla cada día al mundo. La noche que celebró aquel histórico paso convocó en el Auditorio Nacional del Museo de Los Niños a los viceministros, de Relaciones Exteriores Alejandro Solano Ortiz y de Juventud Miguel Arrieta Berrocal, los expresidentes de La República, Óscar Arias Sánchez, José María Figueres Olsen y Luis Guillermo Solís Rivera, y el presidente de la Asamblea Legislativa, Rodrigo Arias Sánchez. Además, participaron como invitados los diputados Alejandro Pacheco y Francisco Nicolás, y exlegisladores como Ottón Solís Fallas, miembros del Cuerpo Diplomático acreditado en Costa Rica y representantes de organismos internacionales. También asistieron como invitadas la Presidenta Ejecutiva del Sistema Nacional de Radio y Televisión (SINART), Esmirna Sánchez Salmerón y la Defensora de Los Habitantes, Angie Cruickshank Lambert. Además representantes de la comunidad china, de empresas chinas y de profesores de enseñanza de mandarín como el Director del Instituto Confucio de la Universidad de Costa Rica (UCR), Jimmy Chao Chao. Además de la celebración por los 18 años de vínculos diplomáticos, el acto sirvió para dejar inaugurada la exposición «Nexos culturales entre China y Costa Rica», que conmemora el 170º aniversario de la llegada de los chinos a Costa Rica. «Más que como un buen socio, (vemos a China como) un buen amigo», dijo la Viceministra de Relaciones Exteriores y Culto, Lydia Peralta Cordero. La Viceministra de Relaciones Exteriores y Culto, Lydia Peralta Cordero, señaló que «para todo costarricense llegar a los 18 años es un motivo de celebración y de reflexión que implica llegar a la madurez. Es una fecha especial e inolvidable». La viceministra recordó que Costa Rica fue el primer país de Centroamérica que reconoció oficialmente a China en el 2007 «tras una oportuna decisión de nuestro país que reconoció la vertiginosa transformación de China en una superpotencia económica y política». Peralta destacó el «legado milenario» a Costa Rica de prominentes hombres y mujeres de origen chino como Hilda Chen Apuy, Alfredo Cob Jiménez, Isidro Con Wong y Franklin Chang Díaz. Por su parte, la Embajadora de China en Costa Rica, Wang Xiaoyao, recordó que el año pasado, el volumen total de comercio entre ambos países llegó a 7,776 millones de dólares, con un crecimiento interanual de 36%, batiendo un récord desde el establecimiento de relaciones exteriores. «La exportación de Costa Rica a China llegó a 4,380 millones de dólares, creciendo un 50%. De enero a abril de este año, a pesar de que el comercio mundial sigue bajo presión, el comercio entre China y Costa Rica sigue creciendo. Las dos partes hemos venido liberando potenciales de cooperación en áreas como la energía limpia, el desarrollo verde y las tecnología agriculturales. Este año, sobre la base de celebrar exitosamente los cursos bilaterales sobre agricultura y energía nuevas, vamos a inaugurar los cursos bilaterales en materia de extinción en edificios altos y nuevos tipos de profesión» «En el nuevo punto de partida del establecimiento de relaciones exteriores entre China y Costa Rica, China está dispuesta a trabajar con Costa Rica para seguir consolidando la confianza política mutua, fortaleciendo el alineamiento de estrategia de desarrollo y explorando la potencialidad de cooperación práctica. En la trayectoria de modernización de cada uno, vamos juntos a escribir el nuevo capítulo de asociación estratégica China-Costa Rica». El mensaje completo de la Embajadora de China, Wang Xiaoyao, lo puede ver en el siguiente enlace. La celebración de los 18 años de relaciones diplomáticas concluyó con tres presentaciones artísticas.|es|Campo obligatorio nulo: publication_date
lareaccioncr|https://lareaccioncr.com/2025/06/|26 de junio de 2025||2026-05-16 09:07:48|geopolitica|"(Video) Costa Rica y China alcanzan la «mayoría de edad» en sus relaciones diplomáticas Tres exmandatarios participaron en el acto efectuado en el Auditorio Nacional del Museo de Los Niños el pasado martes 3 de junio. ""En los últimos 18 años China y Costa Rica han escrito juntos un capítulo amistoso de respeto mutuo, beneficio recíproco y desarrollo conjunto"", dijo"|es|Campo obligatorio nulo: publication_date
lareaccioncr|https://lareaccioncr.com/2025/05/13/luis-amador-y-el-caso-de-la-pista-daniel-oduber-yo-no-contrate-ni-debo-absolutamente-nada/|Luis Amador y el caso de la pista Daniel Oduber: «Yo no contraté absolutamente nada»||2026-05-16 09:07:48|protagonistas|Durante un Desafío Político con La Reacción la semana anterior, el exministro respondió desde Doha, Qatar, consultas acerca de la investigación que hoy derivó en cuatro detenciones y 23 allanamientos. La conversación con el exjerarca de Obras y Transportes fue replicada por varios medios de comunicación. El caso judicial Pista Oscura provocó un terremoto la mañana de este martes. La Fiscalía Adjunta de Probidad, Transparencia y Anticorrupción (FAPTA) desarrolló 23 allanamientos como parte de una investigación por los presuntos delitos de tráfico de influencias, influencia contra la Hacienda Pública y malversación de fondos. https://inforame.com/luis-amador-confirma-acuerdo-con-partido-para-2026-y-sugiere-que-es-con-el-exgrupo-de-chaves/0 https://www.nacion.com/el-pais/luis-amador-sera-candidato-a-la-presidencia-de-la/ZUWEI2IX3FEN3HIHHMXGPXTUDY/story/ www.larepublica.net/noticia/luis-amador-seria-candidato-de-progreso-social www.monumental.co.cr/2025/05/06/exministro-luis-amador-confirma-conversaciones-avanzadas-con-partido-politico-de-cara-a-elecciones/ www.crhoy.com/nacionales/luis-amador-anuncia-que-sera-candidato-a-la-presidencia-para-2026/ https://www.instagram.com/p/DJXqAtbIyqx/?img_index=2&igsh=MWdubW92cjZ4bzNvNQ== 7. https://fb.watch/zzR4cL4sip/ 8. https://www.facebook.com/share/1CsBNC1u6i/ Don Luis Vamos a ver, en paralelo hay una causa que se está siguiendo en contra suya, no solo en contra suya, por el tema de la pista de rodamiento del aeropuerto internacional Daniel Oduber, en Liberia, Guanacaste. ¿A usted no le preocupa que, en algún momento del proceso electoral, eh vamos aquí ustedes no lo han querido decir, pero también cuidado ahí si usted puede convertirse en una figura más bien de la fiscalía, más que más que investigado. En esto las figuras jurídicas pueden variar, pero que algo salte en el tema judicial en el proceso que le altere sus planes electorales de aquí a febrero 2026? «No, absolutamente no, Danilo, absolutamente no. Y es que hay que ser enfático. Yo no contraté absolutamente nada. O sea, ya todas esas explicaciones se las he dado a la fiscalía. Ya yo pedí la cita, estuve el año pasado, me senté con ellos, aporté al expediente toda la documentación, todas las explicaciones. Hubo un proceso como de 3 horas en las cuales revisamos todo. Ellos hicieron todas las preguntas que ocupaban y querían hacer. Yo di todas las aclaraciones del caso, fuimos uno por uno viendo todos los elementos. Ahora, aquí hay otros imputados, ¿verdad? El Presidente, la Ministra de la Presidencia de aquel momento y pueden haber otros más en toda esa lista. Yo no puedo por ese sentido referirme más ni dar más detalles, porque entonces estaría exponiendo a una fiscalía que está haciendo una investigación y podría sonar la alarma para otras personas que están dentro de esa investigación, ¿verdad? Por eso es que costarricenses yo no puedo entrar a dar un nivel de detalle más allá. A la Asamblea Legislativa ya fui y di las explicaciones y mucha gente se perdió de esas explicaciones. Yo les pediría que vayan y las escuchen para que ustedes se enteren de lo que efectivamente estaba pasando. Ahí logré aclarar un poco más hasta donde logré estirar la cobija de lo que legalmente yo podía decir sin comprometer la investigación. Ahí revelé cosas que muchos no saben y que es un modus operandi y que la gente debería de ir y saber». ¿Pero entonces Don Luis usted confía que si hubiera alguna resolución en esta materia será favorable a usted, que más bien aclarará judicialmente el panorama?, ¿Eso es lo que usted vislumbra en el caso? Ya sabemos que los tiempos jurídicos son muy lentos en nuestro país y no sabemos cuándo se va a dar, pero que si se diera, más bien será a su favor. lo que ocurre aquí a febrero? «Absolutamente, absolutamente y ya ustedes lo van a ver. Así es como se va a resolver. Sin embargo, de eh como hay otros imputados, la fiscalía eh de acusará a ciertas personas y por ese motivo varios de ellos tienen inmunidad. En este momento, la Fiscalía evidentemente tiene que esperar hasta que ellos la pierdan. El procedimiento posiblemente lo están sosteniendo para ese momento mientras hacen su labor. A ver, Danilo, yo ya no quisiera tal vez referirme más, porque no quiero decir algo que los pueda comprometer a ellos, pero en mi caso, en el mío personal, ya yo di todas las aclaraciones y ya demostré ampliamente que yo no tengo ni acto ni parte, eh, yo no tengo vela en ese entierro y así lo veremos. Dios primero que se resuelva en su momento. En este momento la concentración es con la conciencia tranquila después de haber dado las explicaciones a la fiscalía en privado y en la Asamblea Legislativa con la grabación que ustedes pueden ir a ver, es con la cual yo estoy intentando regresar a mi país, al que amo». Este fue el extracto del Desafío Político en La Reacción sostenido el lunes 5 de mayo en el que Amador respondió las consultas acerca de la investigación que este martes derivó en varias acciones judiciales. En el plano electoral hacia febrero del 2026 el nombre de Luis Amador Jiménez ha estado presente en la esfera pública prácticamente desde el día siguiente de su destitución, el martes 12 de marzo del 2024. En la conferencia de prensa semanal del Presidente de La República, Rodrigo Chaves, del miércoles 13 de marzo, La Reacción destapó que, probablemente, las intenciones electorales de exjerarca del MOPT habrían sido la verdadera razón para que el mandatario sacara a su ministro más popular del gabinete. La tarde de este martes se realizan las indagatorias del presidente ejecutivo de la Comisión Nacional de Emergencias (CNE), Alejandro Picado; del exministro de Obras Públicas y Transportes, Mauricio Batalla; del Director de Aviación Civil, Marcos Castillo y otro funcionario de la CNE.|es|Campo obligatorio nulo: publication_date
lareaccioncr|https://lareaccioncr.com/2025/05/|13 de mayo de 2025||2026-05-16 09:07:48|protagonistas|Luis Amador y el caso de la pista Daniel Oduber: «Yo no contraté absolutamente nada» Durante un Desafío Político con La Reacción la semana anterior, el exministro respondió desde Doha, Qatar, consultas acerca de la investigación que hoy derivó en cuatro detenciones y 23 allanamientos. La conversación con el exjerarca de Obras y Transportes fue replicada por varios medios de comunicación. El|es|Campo obligatorio nulo: publication_date
lareaccioncr|https://lareaccioncr.com/2025/05/09/videos-apurese-un-credito-verde-del-banco-nacional-lo-espera/|(Videos) ¡Apúrese! Un crédito verde del Banco Nacional lo espera||2026-05-16 09:07:48|mercados|Pura Verde es el nuevo programa de financiamiento sostenible del Banco Nacional, único en Costa Rica y diseñado para impulsar proyectos sostenibles en diversos sectores productivos. En un contexto global que exige acciones urgentes contra el cambio climático, el Banco Nacional (BN) lanza Pura Verde, una plataforma de financiamiento única en el país, diseñada para contribuir al desarrollo sostenible, impulsando la inversión en proyectos enfocados en el crecimiento y descarbonización de la economía, así como la reducción de las desigualdades del país. Adrián Salazar, Subegerente de Banca Comercial del Banco Nacional y Guillermo Carazo, Director Ejecutivo del Colegio Federado de Ingenieros y Arquitectos. Esta es una iniciativa desarrollada en cooperación técnica con la Agencia Francesa de Desarrollo (AFD) y la Unión Europea (UE) y se ajusta a estándares internacionales y la taxomía de finanzas sostenibles de Costa Rica. Pura Verde promueve inversiones amigables con el ambiente, mediante productos financieros que apoyan la mitigación y adaptación al cambio climático en sectores clave de la economía costarricense. Los proyectos elegibles a financiar deben cumplir con requisitos técnicos medibles y demostrar un impacto positivo al medio ambiente para acceder a condiciones de crédito preferenciales. Los clientes empresariales podrán acceder a condiciones financieras preferenciales para desarrollar proyectos que promuevan la sostenibilidad en actividades como: energía, construcción, transporte, agricultura, reducción de emisiones de efecto invernadero y agua. Es decir, se podrán adquirir, por ejemplo: paneles solares, vehículos eléctricos, así como para la construcción de viviendas bajo estándares de eficiencia energética. El programa Pura Verde cuenta con condiciones crediticias atractivas tanto en colones como en dólares, adaptadas al perfil del solicitante y el tipo de proyecto. Silvia Chaves, Directora de Experiencia de Marca y Relaciones Corporativas de Banco Nacional. Con esta iniciativa el Banco Nacional (BN) contribuye de manera directa al cumplimiento de la meta país de carbono neutralidad y al fortalecimiento de la resiliencia climática de hogares, empresas y sectores estratégicos. “Nuestro país es líder en conservación ambiental. No en vano, en tan solo 51.100 km² albergamos más del 5 % de la biodiversidad del planeta. Por eso, como el principal banco de Costa Rica, nos corresponde ser consecuentes y dar el ejemplo de que es posible progresar con absoluto respeto por el ambiente. Nuestra riqueza natural debe permanecer intacta mientras trabajamos por la riqueza económica, aquella que genera empleo y oportunidades de crecimiento, entendiendo que todas las actividades productivas deben orientarse hacia la sostenibilidad”, indicó Rosaysella Ulloa Villalobos, Gerente General del Banco Nacional. Alianzas para un mejor planeta Alexia Lavesque, Directora regional para México, América Central y Cuba de la Agencia Francesa de Desarrollo; José Antonio Vásquez, Director de Finanzas del Banco Nacional; Silvia Chaves, Directora de Experiencia de Marca y Relaciones Corporativas de Banco Nacional; Jean Philippe Berthelemy, Representante de la Agencia Francesa de Desarrollo (AFD) en Costa Rica; Rosaysella Ulloa, Gerente General del Banco Nacional y Matteo Banti, Jefe de Cooperación de la Unión Europea. El Programa Pura Verde surge de la cooperación estratégica entre el Banco Nacional, la Agencia Francesa de Desarrollo (AFD) y la Unión Europea, en una alianza que busca transformar el panorama financiero costarricense mediante mecanismos que faciliten inversiones sostenibles, replicables y con impacto a largo plazo. Una parte fundamental para implementar el programa son las alianzas estratégicas que se han establecido con diferentes actores claves en Costa Rica, es así como en el marco del evento se firmó un convenio con el Colegio Federado de Ingenieros y de Arquitectos (CFIA). “Este convenio de cooperación entra ambas organizaciones permitirá coordinar entre sí la capacitación en temas como construcción sostenible y educación financiera para profesionales de ingenierías, de arquitectura y empresas del sector. Además, es un impulso muy importante en materia del galardón de Bandera Azul Ecológica – Categoría Construcción Sostenible”, expresó la ingeniera Rita Arce Láscarez, Presidencia de Junta Directiva del CFIA. Estas alianzas permitirán ejecutar el programa a gran escala y maximizar su impacto para llevarlo a los diferentes sectores de la economía. La Directora de Sostenibilidad y Gerente en Experiencia de Marca y Relaciones Corporativas del Banco Nacional, Silvia Chaves, amplió a La Reacción las características de los creditos Pura Verde. El Gerente General de la Compañía Nacional de Fuerza y Luz (CNFL), Luis Fernando Andrés, vislumbró que gran cantidad de iniciativas que han venido estado esperando se podrán desarrollar con la nueva línea crediticia que abrió el Banco Nacional. Alexia Lavesque, Directora regional para México, América Central y Cuba de la Agencia Francesa de Desarrollo (AFD), explió por qué el cambio climático es una prioridad para su país. Las personas o empresas interesadas pueden obtener más información de las condiciones de Pura Verde en el sitio web www.bncr.fi.cr, al teléfono 2212-2000 o en cualquiera de las 152 oficinas del BN en todo el país.|es|Campo obligatorio nulo: publication_date
lareaccioncr|https://lareaccioncr.com/2025/03/18/documental-ines-chaves-la-nina-que-nos-enseno-a-amar-la-marimba/|(Documental) Inés Chaves: La Niña que nos enseñó a amar la marimba||2026-05-16 09:07:48|protagonistas|Un año después de su partida, el folclor nacional la sigue extrañando y los reconocimientos a su legado artístico no cesan. ¿Por qué en su familia la bautizaron “Nechita”?, ¿Cuáles fueron sus gustos y músicos favoritos? Su jefe y director durante muchos años en el Colegio México, Elmer Villalobos, aseguró que Inesita transformó el concepto de la enseñanza de la música. En el Día Nacional de La Marimba, la UNED y su familia organizaron el evento los aportes de “La Niña” Inés Chaves desde las aulas para la enseñanza del instrumento nacional. La niña Inés representó muchas veces al Colegio México en el Festival Estudiantil de la Artes (FEA). En esta oportunidad su hermana Ileana y su compañera del Napoleón Quesada, Alicia Maldonado, integraron el jurado. Las acompañó su hermano, Jorge. Podría ser ahora la medianoche y ella aún estaría ensayando las canciones que incluiría el “chivo” (presentación en el argot artístico) del día siguiente. Bien sabía que tendría que levantarse a las 5 am, porque daba clases a las 7 am, fuera en su querida Unidad Pedagógica República de México (Escuela y Colegio) o durante algunos años en el Liceo José Joaquín Vargas Calvo, en donde décadas antes había sacado la secundaria. Eligió como su instrumento quizá uno de los de mayor dimensión y complicados de proteger y trasladar a otro país, pero si hubiera tenido oportunidad de tocar en el último confín del planeta, hasta allí hubiera llevado su pasión por la marimba, símbolo de la riqueza tradicional costarricense y también conocido como el piano de América. Con sus hermanos y padres. En la primera fila Eduardo, Jorge y Paul. Abajo Inesita, Mario, Inés madre, Jorge padre, Danilo e Ileana. Pero del famoso poema de Julián Marchena, Inesita solo quiso la mitad que hablaba de la vida, porque hasta sus últimas horas todo lo hizo con intensidad y sin descanso: viajes, giras, talleres, ensayos, paseos familiares, citas médicas, clases de idiomas y cocina y hasta hacer un poco de política, actividad que solo en su época de juventud le llamó un tiempo la atención. En su agenda del 2024 estaban giras a Bulgaria, Belgrado (Serbia), Lituania, Estonia y Letonia. Eso al menos hasta el 24 de febrero, día en que el Rey Celestial la convocó para que emprendiera el Vuelo Supremo y mostrara en el cielo su tenacidad y don artístico. En este artículo, La Reacción rinde homenaje a una querida artista popular que sembró en sus cientos de estudiantes la pasión por el instrumento musical costarricense, al cual siempre le agradeció haberle permitido conocer el mundo y servir al país desde las aulas o en los escenarios internacionales a donde la invitaron a mostrar su talento. Con su amada hermana Ileana el día de su graduación de Administración Educativa en la ULICORI. Se graduó con honores. Inés Sofía Chaves Cambronero nació el 19 de octubre de 1962, en Puerto Limón, tierra que siempre amó y que la llenaba volver por cualquier motivo, aunque fuera sin más compañía física que la brisa caribeña. Pese a recorrer casi todos los continentes, no hubo momento que disfrutara más que meterse al mar junto a su hermana, Ileana, en las playas de Puerto Viejo o Cahuita. Sus padres fueron Inés Cambronero Arce y Jorge Chaves Prado, en un hogar con seis hermanos más: Jorge, Mario, Ileana, Eduardo, Paul y Danilo. Ella fue la quinta de los siete y desde la partida física de sus padres, pasó a ocupar ese rol en un hogar de quien se preocupa todo el tiempo de si sus hermanos (y luego sus sobrinos y cuñadas) estaban bien o si sufrían algún problema. Además de la marimba, a Inesita le encantaba aprender y practicar instrumentos de todas las familias. Dice su sobrino Pablo que «Tía» (Nechita para sus hermanos) adoptaba a toda persona que llegara a la familia y se ganara su amistad. Su inclinación por la música fue evidente desde muy joven, al punto de que, según relató su hermano Mario Alberto Chaves durante un homenaje que le organizó la Municipalidad de Montes de Oca, una vez en el colegio participó en un concurso de canto convocado por Radio Casino y que se realizó en el famoso Black Star Line, en el corazón de Puerto Limón. La futura marimbista alcanzó el primer lugar con el tema Eres tú, del grupo español Mocedades, quizá su grupo internacional preferido a lo largo de la vida. Durante sus últimos años Inesita desarrolló un cariño especial por el bajo. Nadie de la familia supo que ella se había inscrito hasta que retornó con el trofeo como ganadora, así como con un LP (Long Play) del vocalista y líder del grupo nacional Vía Libre, Fernando Castro, quien al cabo de los años se constituyó en uno de sus artistas nacionales favoritos. Nadie de la familia supo que ella se había inscrito hasta que retornó con el trofeo como ganadora, así como con un LP (Long Play) del vocalista y líder del grupo nacional Vía Libre, Fernando Castro, quien al cabo de los años se constituyó en uno de sus artistas nacionales favoritos. Cuando la familia se trasladó a San José (Lourdes de Montes de Oca), ingresó a la Escuela de Artes Musicales de la Universidad de Costa Rica y alcanzó dos bachilleratos, uno en Ciencias Musicales y otro en Educación Musical. Fue también presidenta de la Asociación de Estudiantes de Artes Musicales. Por su talento, pero más por su humildad, Inesita se ganó en las giras el cariño de sus colegas artistas. Ya trabajando como docente en la Escuela México, con festivales (como el Festival Estudiantil de Las Artes), clubes, talleres, ensayos y actos cívicos, y con giras y festivales en el exterior, Inesita amplió sus estudios con una licenciatura en la Universidad Nacional, con un Trabajo Final de Graduación acerca de las versiones históricas de la entrada de la marimba a Costa Rica. Quien escribe entregó la versión final de su investigación a la Escuela de Música, en Heredia, mientras ella representada orgullosamente al país en algún festival internacional. En el 2017 afrontó una delicada operación del corazón, pero su disciplina por el estudio no encontró freno y, ya jubilada, se graduó con honores de Administración Educativa, en la Universidad Libre de Costa Rica, ULICORI, a pesar de que por un tiempo debió poner en pausa los estudios por la pandemia. El expresidente de la república, Luis Guillermo Solís, acompañó a la familia en la misa de recordación por el octavo mes de partida de Inesita. Es posible que por su sólida formación universitaria, Inesita llegara a ser la más académica de las marimbistas del país, aunque ella repetía que “músico es el que toca”, para expresar que músico no era la persona que profería un discurso sobre cómo leer música, interpretar o componer, sino el que sabía responder, rápidamente, a las circunstancias de la ejecución instrumental o del canto. Entró a trabajar muy joven, en 1987, con el apoyo del director de la Escuela México, Elmer Villalobos Yannarella, quien vislumbró en ella un enorme potencial y una profesional que él mismo calificó como “infatigable e inclaudicable hasta lograr sus metas”. En la tierra que amó, Puerto Limón, junto a su hermano menor, Danilo. A pesar de las miles de “millas extras” en las aulas, un día tuvo que afrontar la mala noticia del cierre de sus grupos en el que, hasta entonces, había sido su único trabajo: la Escuela México. Angustiada, pero siempre buscando soluciones, en el año 2009, empezó a trabajar en el Liceo José Joaquín Vargas Calvo, donde su paso fue corto, porque dos años después retornó a su querida Escuela México. A ella, finalmente, le dedicó cerca de 25 años de su vida. Prácticamente desde sus inicios, su vida de docente la combinó con la participación en muchos grupos musicales, durante mucho tiempo de manera simultánea. Con su amigo Peter Chinchilla Quesada, Director de Inspiraciones Costarricenses, durante una gira a Japón. Su compañera de La Cuadrilla, Doña Hilda Gómez, fue una de las amigas más cercanas de Inesita , tanto en lo personal como en lo artístico. La lista incluye, al menos. dieciocho agrupaciones: La Cuadrilla (su grupo), Asociación de Cultura Popular Costarricense, Guipipía, Grupo Boca Calles, Siwó Agrupación Folclórica, Grupo de Proyección Folclórica Batsù, Nachivirí, Organización Folclórica Kamuk, Grupo Raíces Ticas, Orquesta Folclórica de Costa Rica, Alegórico Paraiseño, Compañía de Danza Folclórica Chirripó, Compañía Folclórica Guaitil, Grupo Folclórico Pacuare Duchí, Marimba Flor Josefina, Las ticas del swing, Los brujos del sabor, Orquesta Descarga Latina, Mi Linda Costa Rica e Inspiraciones Costarricenses. Las composiciones de Inesita son frecuentemente interpretados por otros grupos de folclor, incluso en giras internacionales. Su legado artístico quedó plasmado en varias producciones. Inició en 1993 con un casete llamado Marimba y un año después con otro denominado Mi linda Costa Rica. Luego, hasta el año 2021, publicó cinco discos compactos, siempre enfocados en resaltar la identidad y el folclor nacional. El último, con su agrupación La Cuadrilla, Suena Marimba, estuvo nominado para los premios Asociación de Compositores y Autores Musicales de Costa Rica (ACAM). Con sus amigas e integrantes de La Cuadrilla Ligia Sanabrua y Lilliana Steiner. Siempre tuvo claro que su instrumento predilecto era la marimba, pero en los últimos años desarrolló un disfrute especial por la ejecución del bajo eléctrico, con el cual incursionó en ritmos como la salsa y el swing en agrupaciones con mucha proyección, como Descarga Latina, Los Brujos del Sabor, Agrupación APÚ y Las Ticas del Swing, éste último integrado solo por mujeres. Junto a uno de sus máximos amigos artistas, Juan Morán. Entre sus composiciones originales más importantes destacan Tambito de Agua (con frecuencia interpretaba por varios grupos), Pasillo Doña Inés (dedicado a su mamá) y Remembranzas de Limón. Su casa siempre estuvo llena de música e instrumentos y “su salón” fue un espacio en donde solían reunirse los miembros de los grupos a ensayar y luego a compartir un café. Nunca le negó el préstamo de un instrumento a un colega que lo requiriera, sin pensar en su valor ni en el riesgo de que pudiera no devolverlo. Con sus sobrinos Mathew, Amanda y James, hijos de su hermano Paul. Con ellos su cuñada, Guiselle. Más allá de lo artístico, Inesita fue una persona que se prodigó en afecto y amor por los demás, y en particular hacia su familia. No era de hablar mucho ni de aceptar muchas bromas, pero sí de mucha determinación y cuando algo la conseguía hacer reír, solía darle un mal de risa que le duraba un gran rato. A través de los años, se forjó como una mujer estudiosa, disciplinada, luchadora, previsora y solidaria. Aunque no tuvo hijos biológicos, sus alumnos y sobrinos fueron sus hijos. De hecho, aunque trabajó con músicos “ya hechos”, con quienes más amó tocar fue con niños, en quienes volcaba su vocación, servicio y amor. Su hermano mayor, el periodista Jorge Luis Chaves, dijo que los principales atributos que reconocía en ella eran su sencillez y su humildad. Además destacó otras características como la disciplina, el orden, el humanismo y su vocación por la música. El expresidente de la República, Luis Guillermo Solís, la recuerda con mucho sentimiento, como una importante investigadora de la marimba y aseguró que “el legado de Inés trasciende su presencia física y su aporte a Costa Rica es imperecedero”. Durante el gobierno de Solís Rivera la marimba fue declarado el instrumento musical nacional mediante la Ley 9419 y se estableció el 30 de noviembre para celebrarlo. Inés profesó una gran admiración por el cantante y líder del conjunto Vía Libre, Fernando Castro Sandí. Otros músicos y amistades del mundo artístico se refieren a ella con profunda admiración, cariño y respeto. Jorge Retana, bajista estelar en La Cuadrilla, la consideraba su alma gemela por la cantidad de aspectos que tenían en común, incluido que compartían la fecha de nacimiento. Para este artista “el folclor nacional quedó diezmado con su pérdida”. Como una amiga leal y dispuesta, siempre, la calificó Lilliana Steiner, quien agregó que la admiraba por su gran versatilidad para acoplarse a diversos ritmos y agrupaciones. Igual criterio manifestó su querido Maxito (Max Hernández), quien además resaltó la paciencia y energía que Inés transmitía y su enorme capacidad para mediar en los grupos en situaciones de conflicto. En gustos siempre fue muy definida: su color favorito era el negro y en lo deportivo le gustaba nadar, jugar tennis de mesa y fútbol. Muy creyente, tanto en Dios como en La Virgen de Los Angeles y durante muchos años realizó La Romería a Cartago. Era seguidora de Argentina (particularmente de Diego Armando Maradona y luego de Leonel Messi) y en el país, además de La Sele, era feliz con cualquier triunfo de Limón y Herediano, aunque irónicamente sus jugadores favoritos fueron dos saprissistas: Eva (Evaristo) Coronado y Hernán Medford. Siempre admiró a la atleta rumana Nadia Comaneci, primera gimnasta en obtener la puntuación perfecta (10), en unos Juegos Olímpicos (Montreal, 1976) con apenas 14 años. En Puerto Vallarta, en mayo delo 2023, durante una de sus giras a México. Es probable que en esa admiración descanse una anécdota familiar que explica cómo y por qué se le llegó a llamar «Nechita». En español, el nombre de la rumana suena como «Nadie como Nechi» y tanta fue la fascinación de Inesita por la gimnasta, que en casa se le bautizó «Nechi». Sin embargo, en el hogar Nechi sonó muy tosco y seco, de manera tal que, por cariño, mejor se le acuñó el «Nechita». Entre sus músicos favoritos, en la composición estuvieron los grandes clásicos Mozart (Wolfgang Amadeus) y Beethoven (Ludwin van) y en el canto lírico, los cantantes Luciano Pavarotti y Andrea Bocelli. En música popular, en su corazón indiscutiblemente estuvieron Mocedades (grupo bilbaíno, España, con cuyos integrantes compartió en el camerino de la Discoteca Leonardo´s, en Paseo Colón, en 1980), el cuarteto sueco Abba y las bandas rockeras The Rolling Stones y The Doors. Aunque de Estados Unidos le atrajo el estilo desenfrenado de Cyndi Lauper y la melodía de The Carpenters, y de Inglaterra la voz de Rod Stewart, por mucho, Elvis Presley fue su locura y de Sudamérica la sedujo la música, la voz y el mensaje de la argentina Mercedes Sosa. Antes de partir hacia la eternidad, solía cantar “Hoy lo vi pasar”, de la española Rocío Durcal. De los artistas nacionales, indiscutiblemente, Marfil y Gaviota fueron sus favoritos y solía repetir que admiraba muchísimo el talento de colegas del campo del folclor como su gran amigo, Freddito (Freddy) Calvo. Con su sobrina Silvia Helena, a quien cariñosamente llamamos Piva. En un sentido más amplio, a Nechita siempre le llamó la atención el arte, la creatividad y el conocimiento, así fuera la pintura, la arquitectura o el dibujo, el cual también cultivó durante un tiempo. Cuando le confirmaban una gira, parte de su preparación era investigar acerca de la cultura y la historia del país o ciudad por visitar. Los idiomas también le atrajeron y fue así como aprobó cursos de italiano, francés e inglés, aunque éste quizá era el que menos le gustara, pero entendía lo fundamental que resultaba en el mundo actual. Con su sobrino menor, Mathew. Tocó la puerta de la Municipalidad de Montes de Oca varias veces, pero la de Desamparados fue la primera que le permitió impartir un taller de marimba a niños. Finalmente, en el 2023, el cantón que había acogido a la familia que emigró de Limón, la contrató para que descubriera e iniciara talentos musicales entre sus más pequeños vecinos. Un año después de la partida de Inés, el gremio del folclor la sigue extrañando y su familia no cesa de recibir homenajes y saludos de cariño que reconfortan, pero que también nos recuerdan que aunque la vida sigue, sin duda la vida no sigue igual en la casa sin “Nechita”. Homenaje en festival Al Son de Lo Nuestro en setiembre del 2024. Sin que nadie lo reconozca abiertamente, en la familia preferimos pensar que ella pronto volverá de una gira y algún miembro de ella, hermano o sobrino, irá a recogerla al aeropuerto. Semblanza elaborada por Danilo Chaves Cambronero. Revisión filológica, Ileana Chaves Cambronero. Archivo fotográfico de Jorge Chaves Cambronero y Mario Chaves Valerín. Inesita realizó varias giras como marimbista del grupo Inspiraciones Costarricenses. En el día que se recuerda su nacimiento (19 de octubre de 1962), el medio La Reacción (al cual Inesita contribuyó a fundar) le preparó el siguiente homenaje. En El Día de La Marimba Costarricense del 2025 (30 de noviembre), la Universidad Estatal a Distancia (UNED) con el apoyo de su familia organizaron un evento para destacar los aportes de La Niña Inés Chaves desde las aulas para la enseñanza del instrumento nacional. El evento de más de dos horas contó con la presencia de distinguidos invitados, el Coro de la UNED y la agrupación que ella fundó La Cuadrilla. El espectáculo lo puedo disfrutar en el siguiente enlace. También en el marco del Día Nacional de La Marimba 2025, el Grupo de Proyección Folclórica Batsù organizó un evento en la Escuela Central de San Sebastián y en él también se le rindió un honenaje a Inesita Chaves.|es|Campo obligatorio nulo: publication_date
lareaccioncr|https://lareaccioncr.com/2025/03/|18 de marzo de 2025||2026-05-16 09:07:48|protagonistas|(Documental) Inés Chaves: La Niña que nos enseñó a amar la marimba Un año después de su partida, el folclor nacional la sigue extrañando y los reconocimientos a su legado artístico no cesan. ¿Por qué en su familia la bautizaron “Nechita”?, ¿Cuáles fueron sus gustos y músicos favoritos? Su jefe y director durante muchos años en el Colegio México,|es|Campo obligatorio nulo: publication_date
lareaccioncr|https://lareaccioncr.com/2025/03/08/videos-el-tipo-de-cambio-golpea-tambien-la-inversion-extranjera-directa-a-costa-rica-por-que/|(Videos) El tipo de cambio golpea también la Inversión Extranjera Directa a Costa Rica. ¿Por qué?||2026-05-16 09:07:48|mercados|A pesar de un escenario global complejo, durante el 2024 73 nuevos proyectos de inversión apoyados por CINDE arrancaron en el país. Tensiones geopolítcias entre China y Estados Unidos han contribuido a la desaceleración de los flujos de inversión extranjera. Costa Rica logró en el 2024 navegar con éxito en medio de la transformación global de la inversión extranjera directa y mantener su atractivo para atraer empresas multinacionales al país. Así lo refleja el reporte compartido por la Coalición Costarricense de Iniciativas de Desarrollo (CINDE) durante un taller realizado en el Colegio de Periodistas de Costa Rica el martes 25 de febrero. Datos de la Conferencia de las Naciones Unidas sobre Comercio y Desarrollo (UNCTAD) confirman que los flujos globales de IED disminuyeron en un 12%. Sin embargo, Costa Rica ha sabido adaptarse a los cambios y mantener su posicionamiento estratégico mientras se prepara para atender los claros retos por delante y las oportunidades que se abren en el camino, como los que plantea la Administración Trump al frente de la Casa Blanca, desde el 20 de enero. «Si bien seguimos atrayendo inversión, los cambios en la dinámica global nos exigen estar un paso adelante en la formación de nuestro talento humano y la mejora del clima de negocios, son señales de las que CINDE viene elevando la voz desde hace un tiempo. El país requiere tener visión a futuro con luz larga si deseamos mantenernos competitivos y con ello, continuar generando más empleo para los costarricenses. Desde CINDE celebramos continuar aportando al país desde el sector privado, en una coyuntura donde como nunca antes, se requiere trabajar en conjunto”, señaló Marianela Urgellés, Directora General de CINDE. En términos de empresas nuevas, Servicios sigue siendo el sector que más proyectos sumó en el año 2024 con un 67% del total (14). Ciencias de la vida representó el 19% de las empresas atraídas (4) y Manufactura avanzada sumó 2 nuevos actores al sector en el país, al tiempo que Infraestructura Turística –sector reactivo para CINDE- registró un nuevo proyecto. Igualmente, el sector que más reinversiones generó en el año sigue siendo Servicios Corporativos con un total de 33 proyectos. Ciencias de la vida se colocó en segundo lugar con 14 y Manufactura sumó 5. De los proyectos nuevos registrados en el régimen, el 40% fueron atendidos por CINDE y del total de reinversiones reportadas, 78% fueron de empresas igualmente apoyadas por la Coalición. ¿Y la generación de empleo? En términos de empleo, las empresas apoyadas por CINDE generaron 5,482 empleos netos, destacándose ciencias de la vida como el sector con mayor crecimiento en la creación de puestos de trabajo con 2,599 nuevas vacantes. A pesar de estos logros, el crecimiento de la IED en Costa Rica ha mostrado signos de desaceleración en los últimos años. El empleo sigue sin crecer a los niveles de 2020-2022, y apenas se registra alrededor de un 27% del empleo neto generado de ese período lo que demanda un monitoreo cercano del tema. Factores como la competencia de otros países en estrategias de nearshoring y friendshoring, así como los cambios en las políticas industriales de economías clave como Estados Unidos y la Unión Europea, representan desafíos que el país debe abordar con una estrategia integral, la cual debe atender además los retos de competitividad país. Según datos de CINDE, durante el 2024, brindaron apoyo a más de 300 empresas operando en Costa Rica en temas estratégicos para su operación colaborando en su estabilidad y crecimiento del sector productivo costarricense. Al concluir la actividad, La Reacción conversó con Vanessa Gibson, Directora de Clima de Inversión de CINDE, en torno a lo que debe hacer Costa Rica para mantener y mejorar sus fotalezas para la atracción de inversión extranjera. Adversidades externas y locales A las complejidades del panorama global de la inversión, desde el 20 de enero se sumaron las provocadas por las decisiones del presidente de la primera potencia económica del mundo, Estados Unidos, Dónald John Trump. Con astucia, Costa Rica ha seguido aprovechando su estabilidad política, talento humano de alta calidad y un ecosistema empresarial robusto para atraer inversión de alto valor agregado. “Estamos enfrentando retos por delante, uno de ellos tiene que ver con la disponibilidad de talento y que de no atenderlo podría ser un serio cuello de botella para que las empresas que se atraen sigan creciendo o aquellas nuevas llegando al país, dijo Rodrigo Cubero, expresidente del Banco Central y socio de CEFSA. Un segundo reto, según Cubero, obedece a decisiones de política monetaria tomadas durante la presente administración: la revalorización del colón frente al dólar ha vuelto muy costosa la mano de obra costarricense, expresada en dólares, al compararla con otras locaciones tremendamente atractivas y muy cercanas en la región. Sobre estos temas, La Reacción abordó a Cubero al concluir la actividad de CINDE en el Colegio de Periodistas, en Sabana Este.|es|Campo obligatorio nulo: publication_date
lareaccioncr|https://lareaccioncr.com/2025/02/27/computadoras-sin-uso-y-programas-cancelados-el-grave-retroceso-en-educacion-digital-en-ultimos-tres-anos/|Computadoras sin uso y programas cancelados: el grave retroceso en educación digital en últimos tres años||2026-05-16 09:07:48|mercados|Conclusiones del sector educativo ante los diputados confirman retroceso en educación tecnológica. Las expertas coinciden en que el origen del retroceso tecnológico ha estado en el Consejo Superior de Educación. Una comparecencia ante la Comisión Legislativa de Juventud, Niñez y Adolescencia reunió a representantes de prestigio del ámbtio educativo del país. Se trató de Eleonora Badilla, Silvia Chacón y Karla Salguero (exviceministra de Educación durante la administración Chaves Robles), representantes del movimiento Mauro Fernández Acuña, quienes expusieron una serie de preocupaciones sobre la crisis de la educación y el desaaprovechamiento de tecnología en el país. El tema central de la audiencia fue la investigación (expediente 24.593) sobre la no entrega y el desuso de dispositivos electrónicos que estaban destinados a estudiantes. Las expositoras criticaron al Ministerio de Educación Pública (MEP) por almacenar computadoras en bodegas en lugar de entregarlas a los estudiantes, incumpliendo con los objetivos de programas como Hogares Conectados. Según Eleonora Badilla, esta decisión es «agresiva y violenta» contra los derechos de la niñez y la juventud costarricense, pues impide que los estudiantes accedan a herramientas esenciales para su aprendizaje y desarrollo. Cierre de programas y la ruptura con la Fundación Omar Dengo Las comparecientes también señalaron como un retroceso el cierre de programas educativos importantes, como el PRONIE, TecnoAprender, Colegios de Innovación y Robótica, así como la finalización del convenio de más de 30 años con la Fundación Omar Dengo, sin un plan de transición claro. Este convenio había sido fundamental para la integración de la tecnología en la educación costarricense desde una perspectiva construccionista, promoviendo el desarrollo del pensamiento lógico y la creatividad desde edades tempranas. Silvia Chacón advirtió que el cierre de estos programas y la falta de un modelo alternativo han generado un retroceso en el uso de tecnología en la educación del país. A pesar de que el MEP presentó en 2023 el Programa Nacional de Formación Tecnológica (PNFT) con la meta de llegar a todas las instituciones educativas en 2028, las comparecientes criticaron que este nuevo plan adopta un enfoque instruccionista, centrado en la capacitación para el mercado laboral, dejando de lado la creatividad y el pensamiento crítico. «La planificación para que este programa tenga éxito no concuerda con la realidad, pues se ha roto con el paradigma construccionista sin considerar la formación docente ni la coherencia educativa necesaria», explicó Chacón. Decisiones unilaterales de la ex ministra Müller y falta de transparencia La diputada Kattia Rivera Soto expresó su indignación por el manejo administrativo del MEP, señalando que la exministra Katharina Müller ordenó el archivo de la investigación administrativa contra la exdirectora de Recursos Tecnológicos. «Para mí es sumamente molesto, después de conocer el impacto negativo que ha significado este retroceso en la educación con tecnología, ver cómo la ex ministra Müller salva de sanción a la ex jefa de recursos tecnológicos», declaró la legisladora verdiblanca. Según la diputada, esta acción refleja una inoperancia dentro del ministerio que ha frenado el desarrollo tecnológico en las aulas. Además, cuestionó que la exministra justificara la retención de dispositivos bajo el argumento de que evitaría la adicción a la tecnología. «Con estas acciones, queda claro que la visión del MEP bajo su liderazgo era completamente prehistórica», agregó. Eleonora Badilla reforzó esta postura al señalar que el problema no es solo la salida de Müller o de la exdirectora de Recursos Tecnológicos, sino que el verdadero origen del retroceso está en el Consejo Superior de Educación. «Se han ido la ministra, el viceministro y la directora, pero el Consejo sigue ahí. Es el Consejo quien cerró no solo el convenio con la Fundación Omar Dengo, sino también los programas de robótica y los colegios de innovación, sin ningún criterio técnico ni plan de sustitución», afirmó Badilla. Asimismo, criticó que el PNFT, a pesar de mencionar términos como creatividad, inteligencia artificial y pensamiento computacional, en la práctica es un programa «instruccionista y economicista», diseñado únicamente para preparar a los estudiantes para el mercado laboral sin potenciar habilidades cognitivas avanzadas. «Esto nos hace entrar en un círculo vicioso de la pobreza, perpetuándolo en lugar de combatirlo», concluyó. El papel del Consejo Superior de Educación y la falta de rendición de cuentas Los diputados presentes en la audiencia del pasado 18 de febrero también cuestionaron el rol del Consejo Superior de Educación, órgano responsable de orientar el sistema educativo del país. Según las comparecientes, este consejo ha tomado decisiones sin criterios técnicos y sin una visión a largo plazo, afectando negativamente la educación costarricense. «La responsabilidad final recae en el Consejo Superior de Educación, que cerró estos programas sin ninguna planificación ni justificación real. No puede ser que una entidad con tanto poder de decisión actúe de manera improvisada», enfatizó Eleonora Badilla. Llamado a un acceso equitativo a la educación digital Las comparecientes concluyeron que la reducción del presupuesto educativo al 4.9% del PIB, el nivel más bajo en 20 años, junto con las malas decisiones administrativas, están agravando la desigualdad en el acceso a la tecnología educativa. Advirtieron que la falta de acceso a estos recursos está perpetuando los círculos de pobreza y desigualdad social en el país. «Cuándo pobreza y desigualdad se juntan, entonces el desánimo invade a la población y los abordajes institucionales para atenderla se vuelven más lentos y complicados», afirmó Silvia Chacón. Finalmente, el movimiento Mauro Fernández instó a los legisladores a tomar medidas urgentes para garantizar el acceso equitativo a la educación digital, restaurar programas efectivos y asegurar que las futuras políticas educativas sean planificadas con una visión de desarrollo a largo plazo.|es|Campo obligatorio nulo: publication_date
lareaccioncr|https://lareaccioncr.com/2025/02/22/videos-se-vio-afectado-por-las-intervenciones-de-coopeservidores-y-desyfin-esto-le-interesa/|(Videos) ¿Se vio afectado por las intervenciones de Coopeservidores y Desyfin? Esto le interesa.||2026-05-16 09:07:48|mercados|El 6 de marzo expira un plazo para apoyar una acción de Aprodeco contra la Ley del Fondo de Garantía de Depósitos. Cuando la ley fue necesaria de poco sirvió. Ese pareciera ser el caso de La Ley Número 9816 creación del Fondo de Garantía de Depósitos y de Mercanismos de Resolución de los Intermediarios Financieros. Un cliente que recurrió a esa ley para defenderse de las intervenciones de Coopeservidores y el Grupo Financiero Desyfin, presentó una acción de inconstitucionalidad contra la ley de Fondo de Garantía de Depósitos aprobada en el 2021. Tras acoger la acción, la Sala Constitucional habilitó un plazo de 15 días para que las personas afectadas por las debilidades de la ley puedan presentar coadyuvancias o apoyos a los recursos de la Asociación. Un beneficio que implica la presentación de coadyuvancias es que, eventualmente, las personas podrían resultar indemnizadas por daños y perjuicios, si prospera la acción de inconstitucionalidad. El plazo perentorio acaba el jueves 6 de marzo. La especialista en consumo financiero, Adriana Rojas, instó a los clientes afectados por las intervenciones del Consejo Nacional de Supervisión del Sistema Financiero (CONASSIF) sobre ambas entidades a acudir a la Sala Constitucional. Siempre en temas de consumo financiero esta semana la abogada Rojas Rivero dio a conocer la condena (en primera instancia) contra el Banco de Costa Rica en un caso de presentación de un proceso de cobro judicial de forma anticipada a un cliente e irrespetando el periodo de gracia establecido en el contrato de crédito de la casa. A propósito de este caso, el Banco de Costa Rica respondió lo siguiente: «En respuesta a su consulta le informamos que la resolución judicial que motiva la consulta presenta fecha de ayer, razón por la cual, y asumiendo que haya sido notificada formalmente al Banco, corresponde ahora analizar su contenido y valorar la interposición de los remedios procesales (recursos) que brinda el ordenamiento jurídico aplicable. En virtud de lo anterior, por tratarse de una litis aún en curso (sin resolución definitiva firme) y por respeto de la investidura de los Tribunales de Justicia, nos abstenemos de emitir comentario alguno, hasta tanto el proceso judicial concluya absolutamente y lo que se llegue a resolver adquiera firmeza procesal«.|es|Campo obligatorio nulo: publication_date
lareaccioncr|https://lareaccioncr.com/2025/02/16/vuelos-boletos-baratos-a-la-vista-el-sexto-resello-a-un-veto-del-presidente-chaves/|(Videos) Vuelos baratos: ¿A la vista el sexto resello a un veto del Presidente Chaves?||2026-05-16 09:07:48|mercados|El diputado impulsor de la iniciativa, Eli Feinzaig, dice estar seguro de contar con los 38 votos necesarios ´para resellar el plan que abarataría los vuelos dentro del istmo y a República Dominicana. Solo un veto presidencial (de seis) a una ley del presidente Chaves se ha sostenido luego al volver al Congreso. Está cerca de vencer el plazo que otorga la Constitución Política para que un presidente vete una ley que ha recibido los dos debates por parte de los diputados y si bien el presidente Rodrigo Chaves ha adelantado que vetarla es una posibilidad real, también parece posible que los diputados la aprueben de nuevo mediante el recurso parlamentario del resello. Y si bien ya la Administración Chaves Robles rompió el récord tanto de vetos como resellos desde la fundación de la Segunda República, el pulso parece esta vez haber cobrado hasta tintes personales, pues el impulsor de la iniciativa en la Asamblea Legislativa (expediente 24 207) que bajaría el precio de los boletos aéreos entre los países de Centroamérica y República Dominicana, el diputado Eli Feinzaig, es blanco de crítica frecuente por parte de Zapote. En vista de que durante el trámite del proyecto en la Asamblea Legislativa, el presidente Rodrigo Chaves lanzó críticas contra la iniciativa, el miércoles 12 de febrero La Reacción le consultó al mandatario si vetaría el plan o lo firmaría para que rigiese. En su respuesta, el propio presidente parece consciente de que si veta el proyecto de ley, el mismo podría tener los votos necesarios (38 como mínimo) para recibir un resello. De concretarse el sexto veto a una ley en el presente gobierno, sería el primero durante el año 2025. Antes, cuatro vetos se produjeron durante el 2022, uno en el 2023 (del proyecto de ley que reformaría el Impuesto sobre La Renta y que sacaría a Costa Rica de la Lista Negra fiscal de la Unión Europea) y otro en el 2024. Sin embargo, mediante un acuerdo entre el oficialismo y la oposición, este veto (una reforma para la dinamización de la Ley de Banca para el Desarrollo) no fue resellado luego por los diputados. Los cuatro vetos (y resellos) durante el 2022 fueron a la Ley Orgánica del Colegio de Profesionales en Salud Ocupacional, a la Ley de Sostenibilidad del Depósito Libre de Golfito en la Zona Sur y a las excepciones de la regla fiscal que aprobaron los diputados al servicio del Sistema de Emergencias 911 y a la Promotora de Comercio Exterior de Costa Rica (PROCOMER). Luego de escuchar al presidente Chaves admitiéndole a La Reacción que evaluar vetar su plan que pretende a fomentar los negocios de las pymes costarricenses en el área, el legislador del Partido Liberal Progresista (PLP) refutó los argumentos que ha alegado el Ministro de Turismo, William Rodrí guez, para sumarse al rechazo del presidente contra la iniciativa. En torno a la posibilidad de que un nuevo resello recaiga sobre un veto presidencial, el legislador del PLP, Eli Feinzaig Mintz dijo estar seguro de contar con los votos requeridos en el Congreso para lograrlo y que con ello sabe que el presidente Chaves encabeza el gobierno con más vetos y resellos durante la Segunda República. «Supera por mucho a los últimos cinco o seis expresidentes», concluyó el excandidato presidencial. Tras la consulta de La Reacción, el presidente aseguró que al día siguiente –jueves 13 de febrero– sostendría una reunión con su titular de Turismo y tomaría una decisión sobre si vetará la ley o no. Hasta la fecha Casa Presidencial no ha hecho ningún anuncio al respecto.|es|Campo obligatorio nulo: publication_date
lareaccioncr|https://lareaccioncr.com/2025/01/12/la-copa-del-cafe-2025-estara-en-el-ojo-del-mundo-tenistico-por-que/|La Copa del Café 2025 estará en el ojo del mundo tenístico. ¿Por qué?||2026-05-16 09:07:48|protagonistas|Costa Rica será representada por los tenistas costarricenses Julián Garnier y Lucía Gallegos, quienes competirán en la categoría Sub-18. Las entradas van desde los ₡7.000 hasta los ₡12.000. Durante el día el acceso al público es gratuito. Todo está listo para que este lunes 13 de enero arranque la histórica edición #60 de la Copa del Café, uno de los torneos juveniles de tenis más prestigiosos en el mundo. Por primera vez, el evento se jugará en canchas techadas, lo que permitirá vivir una experiencia única tanto a los jugadores como a los aficionados. Este 2025, el país será representado por los tenistas costarricenses Julián Garnier y Lucía Gallegos, quienes competirán en la categoría Sub-18. Adicional a ellos, destacadas figuras internacionales como Kaitlyn Ross, número 20 del ranking mundial, y Dante Pagani, ubicado en el puesto 100, mostrarán su talento en las instalaciones del Costa Rica Country Club, en Escazú. «La Copa del Café se ha consolidado, a través de los años,como un torneo de gran relevancia, gracias a los puntos que otorga para el ranking mundial. Las raquetas participantes lo describen como una experiencia única: jugar frente a un público numeroso, firmar autógrafos en un club de primer nivel y disfrutar de un clima inigualable. Tras muchos años de esfuerzo y como parte de los objetivos de mantenerse como una gran vitrina, este 2025, las instalaciones tienen la renovación de las canchas, que estarán bajo techo«, expresó Luis Esteban Fernández, director de la Copa del Café. En conmemoración de sus 60 años, la Copa del Café también celebrará la inauguración oficial de sus canchas techadas el lunes 13 de enero, a las 7:00 p.m. Este proyecto, iniciado una semana después de la edición #59 el año pasado, representa un gran avance para el torneo, consolidándolo como un referente en la región. El torneo contará con 64 jugadores en competición, en una categoría de menores de 18 años. La organización espera que esta nueva edición continúe consolidándose entre jugadores, entrenadores, familias, amigos y aficionados. “La Copa del Café se ha convertido en un torneo muy relevante y queremos que todos los asistentes se lleven memorias especiales de esta celebración histórica, en la cual muestra la constancia de la organización y la Federación de Tenis, ya que, el único año que no se realizó fue durante la pandemia”, finalizó Fernández. Además de una organización que garantiza el éxito del evento, ¿qué expectativas existen en torno a nuestra primera raqueta, tanto la masculina, JUlián Garnier, como la femenina, Lucía Gallegos? Por su parte, el presidente de la Federación Costarricense de Tennis, Carlos Bravo, resaltó la capacidad de trabajo que ha tenido el Comité Organizador de la Copa del Café durante sus 60 ediciones. Horarios y entradas para ver los partidos Los partidos diurnos comenzarán a las 8:30 a.m. y serán transmitidos vía streaming en las redes sociales oficiales de la Copa del Café. Mientras tanto, los nocturnos se disputarán a partir de las 7:00 p.m. y podrán verse a través del canal TDMAX. Las entradas están disponibles en la plataforma www.eticket.cr, con precios que oscilan entre los ₡7.000 y los ₡12.000. Además, habrá promociones 2×1 en gradería general y gradería este, los lunes, martes y miércoles.|es|Campo obligatorio nulo: publication_date
lareaccioncr|https://lareaccioncr.com/2025/01/|12 de enero de 2025||2026-05-16 09:07:48|protagonistas|La Copa del Café 2025 estará en el ojo del mundo tenístico. ¿Por qué? Costa Rica será representada por los tenistas costarricenses Julián Garnier y Lucía Gallegos, quienes competirán en la categoría Sub-18. Las entradas van desde los ₡7.000 hasta los ₡12.000. Durante el día el acceso al público es gratuito. Todo está listo para que este lunes 13 de enero|es|Campo obligatorio nulo: publication_date
lareaccioncr|https://lareaccioncr.com/2025/01/07/regimen-municipal-se-levanta-contra-plan-de-salud-para-el-manejo-de-la-basura-en-el-gam/|Régimen municipal se levanta contra plan de Salud para el manejo de la basura en el GAM||2026-05-16 09:07:48|mercados|Cuatro organizaciones municipales enviaron una nota al Ministerio de Salud el 20 de diciembre con numerosos cuestionamientos a la propuesta de reglamento para la gestión regionalizada de residuos sólidos ordinarios. «Se percibe una imposición por parte del Ministerio de Salud a la forma de planificar y gestionar los residuos sólidos ordinarios, aunque esta materia es competencia municipal«, alegan en la nota enviada a la jerarca de Salud, Mary Munive. La Red Técnica Ambiental Municipal (RTAM), la Unión Nacional de Gobiernos Locales (UNGL), la Asociación Nacional de Alcaldías e Intendencias (ANAI) y la Federación Metropolitana de Municipalidades (FEMETROM) se pronunciaron en torno a la consulta pública sobre el reglamento para la gestión regionalizada de residuos sólidos ordinarios en el país. Las organizaciones concluyeron que se percibe una imposición por parte del Ministerio de Salud a la forma de planificar y gestionar los residuos sólidos ordinarios, aunque esta materia es competencia municipal. Las cuatro organizaciones consideran que se imponen plazos contrarios a los principios de proporcionalidad y razonabilidad, sin contemplar los costos, procedimientos y tiempos requeridos por ley a lo interno de los gobiernos locales para implementar servicios nuevos. Algunos de esos servicios son la recolección selectiva de residuos orgánicos, radios requeridos para infraestructuras de disposición y transferencia de residuos, infraestructura para el tratamiento de residuos sólidos, plazos de regionalización y plazos para la instalación de parques ambientales. Además, en la propuesta de reglamento del MInisterio de Salud se imponen metas de recuperación de residuos orgánicos sin un sustento técnico ni un estudio de la realidad cantonal y se sugiere que esto se debe acompañar de programas de concienciación, cuando es conocido que los gobiernos centrales no han podido en un plazo de 14 años implementar el Plan Nacional de Educación que es un tema establecido en la Ley GIRS. Además, consideran que el decreto no contempla la diversidad y las condiciones técnicas y económicas que vive cada una de las 84 Municipalidades y los 7 Concejos Municipales de Distrito del país. En el tema de distancias para parques ambientales y estaciones de transferencia, no se considera la distancia real entre cantones fuera de la GAM (Guanacaste, Zona Sur, Zona Norte, Atlántico y Pacífico Central), a menos que se pretenda que cada municipalidad vuelva a los vertederos en cada cantón. Asimismo, no se considera que para la sostenibilidad de estos centros tecnológicos se requiere contar con una economía de escala basada en el tonelaje de residuos que se dispongan. El desarrollo de cualquier Parque Ambiental, independientemente de la tecnología que se adopte, requiere para estudios, trámites y permisos un plazo de al menos 3 años (sin considerar la cadena recursiva de cada trámite), lo que contradice el plazo de un año establecido en el Transitorio II de esta propuesta de reglamento. La Reacción profundizó en los aspectos que preocupan al municipalismo en una entrevista con el Director Ejecutivo de FEMETROM, Gilberto Monge, y la asesora ambiental de la UNGL, Eida Arce, que puede repasar a continuación. En entrevistas de La Reacción duranre el año anterior, tanto la presidenta de la Unión Nacional de Gobiernos Locales, Patricia Porras, como la Ministra de Salud, la Doctora Mary Munive, externaron su preocupación por la disminución acelerada de la vida útil de los rellenos sanitarios ubicados en la Gran Area Metropolitana (GAM). Patricia Porras, también alcaldesa del Cantón de Aserrí en donde funciona el relleno de El Huazo desde el 2007 operado por la empresa EBI, manifestó que dada la urgencia de afrontar el problema, un proyecto de ley no es la solución idónea. Por su parte, la titular de Salud, la Doctora Mary Munive, aseguró que la ley es «clarísima» en cuanto en cuanto a que la gestión de los residuos sólidos es municipal. Nota: Foto de portada del medio.La Potente Radio-TV de Aserrí.|es|Campo obligatorio nulo: publication_date
lareaccioncr|https://lareaccioncr.com/2024/12/31/video-facturas-electronicas-incluiran-dato-clave-a-partir-de-enero-cual-sera/|(Video) Facturas electrónicas incluirán dato clave a partir de enero. ¿Cuál será?||2026-05-16 09:07:48|mercados|El precio de los medicinas ha continuado subiendo durante los últimos tres años. El Gobierno del presidente Rodrigo Chaves continúa tomando medidas para intentar disminuir el precio de las medicinas y para ello el Ministerio de Hacenda tomó una resolución en el mes de noviembre para que las facturas electrónicas incluiyan el código del registro sanitario de los medicamentos que se incluyan en los comprobantes de pago. La medida es un paso previo a que el Ministerio de Economía, Industria y Comercio (MEIC) pueda aplicar una disposición vía decreto que fije márgenes de comercialización en las distintas etapas del tránsito de las medicinas hasta el consumidor de las farmacias privadas. Para ampliar los alcances de esta resolución, La Reacción abordó al jerarca de Hacienda, Nogui Acosta, el miércoles 11 de diciembre en Casa Presidencial. Reducir el precio de los medicamentos fue una promesa de campaña electoral del presidente Rodrigo Chaves, pero al acercarse a su tercer año de mandato, ella no se ha podido concretar. Al respecto, lea también:|es|Campo obligatorio nulo: publication_date
lareaccioncr|https://lareaccioncr.com/2024/12/|29 de diciembre de 2024||2026-05-16 09:07:48|reacciones|(Video) Facturas electrónicas incluirán dato clave a partir de enero. ¿Cuál será? El precio de los medicinas ha continuado subiendo durante los últimos tres años. El Gobierno del presidente Rodrigo Chaves continúa tomando medidas para intentar disminuir el precio de las medicinas y para ello el Ministerio de Hacenda tomó una resolución en el mes de noviembre para|es|Campo obligatorio nulo: publication_date
lareaccioncr|https://lareaccioncr.com/2024/12/29/video-marta-esquivel-a-dirigir-el-mideplan-chaves-contesta/|(Video) ¿Marta Esquivel a dirigir el MIDEPLAN? Chaves contesta||2026-05-16 09:07:48|reacciones|Pese a estar suspendida del cargo de Presidenta de la CCSS, Esquivel no está inhabilitada para ocupar otros cargos públicos. Mientras está suspendida del cargo, Esquivel no cobra salario. Desde que la exdiputada y fundadora del Partido Unidos Podemos, Natalia Díaz Quintana dejara la cartera de la Presidencia el viernes 21 de junio de este año, el Ministerio de Planificación y Política Económica (MIIDEPLAN), no ha tenido jerarca propio, porque el cargo lo comparte con quien fue nombrada en el MInisterio de La Presidencia, Laura Fernández. Han transcurrido más de seis meses sin que el presidente Rodrigo Chaves haya nombrado al reemplazo en MIDEPLAN de Fernández Delgado, quien ha respondido en varias oportunidades que posee ambos sombreros. Durante las últimas semanas circuló la versión de que la presidenta suspendida de la Caja Costarricense del Seguro Social por el Caso Barrenador, Marta Eugenia Esquivel , podría asumir la cartera de MIDEPLAN. Por eso La Reacción trasladó la consulta al Presidente de La República, Rodrigo Chaves, durante la última conferencia de prensa del mandatario por el 2024, el miércoles 18 de diciembre. Esto fue lo que respondió el mandatario. Si bien Esquivel Rodríguez fue suspendida por seis meses como jerarca de la CCSS, como parte de las medidas cautelares dictadas (el 10 de octubre), por el juez Paul Fuentes Sing,del Juzgado Penal de Hacienda del Segundo Circuito Judicial de San José, ella no fue inhabilitada para ocupar otros cargos públicos. A ella, y a otros cuatro investigados en el caso conocido como Barrenador, se les impuso, además, otras medidas cautelares como no tener ningún tipo de contacto, perturbar o molestar a ninguno de los 11 testigos de la causa, ni influir de ninguna manera con la licitación (que adjudicó los servicios de salud de 138 Ebais a varias cooperativas), pero podría ejercer otro cargo, si el Presidente Rodrigo Chaves así lo decidiera. La investigación la abrió la Fiscalía Adjunta de Probidad, Transparencia y Anticorrupción (FAPTA) por los supuestos delitos de influencia contra la Hacienda Pública y tráfico de influencias, seguida contra la Junta Directiva de la Caja Costarricense de Seguro Social del período entre febrero del 2023 y julio del 2024. Por el Caso Barrenador, el 23 de setiembre la FAPTA efectuó 28 allanamientos que condujeron a la detención de ocho altos funcionarios y exfuncionarios de la CCSS, incluida Esquivel. Las personas imputadas fueron trasladadas al II Circuito Judicial de San Jos­é, en Goicoechea. All­­í pasaron una noche y tras una extensa audiencia de medidas cautelares quedaron en libertad. Mientras rige la suspensión del cargo de Esquivel Rodríguez (hasta abril del 2025) ella no cobra salario de la CCSS, por un pronunciamiento de La Dirección Jurídica de la institución.|es|Campo obligatorio nulo: publication_date
lareaccioncr|https://lareaccioncr.com/2024/11/29/gobierno-lanza-nueva-estrategia-para-bajar-los-precios-de-las-medicinas-en-que-consiste/|Gobierno lanza nueva estrategia para bajar los precios de las medicinas. ¿En qué consiste?||2026-05-16 09:07:48|mercados|El plan fue puesto en consulta pública y el MEIC analiza las observaciones. Abaratar el precio de los medivamentos fue una de las principales promesas de campaña electoral del hoy presidente Rodrigo Chaves. Hasta el momento todo ha fallado, pero el Gobierno no afloja en su promesa de lograr que los precios de las medicinas en las farmacias privadas disminuyan. El mes anterior el Ministerio de Economía, Industria y Comerio (MEIC) sometió a consulta pública el proyecto Regulación de Margen Máximo de Comercialización de todos los medicamentos registrados ante el Ministerio de Salud y el mismo forma parte de la baraja de alternativas que evalúa el Gobierno para intentar, de nuevo, disminuir el precio de los medicamentos que venden las farmacias privadas del país. El plan surge luego de que el gobierno del Presidente Rodrigo Chaves reconociera que los decretos de importación paralela y el de homologación de registros sanitarios ante el Ministerio de Salud -firmados el 10 de agosto del 2022- no surtieran efecto y que los precios de los medicamentos hayan continuado aumentando, de acuerdo con datos del Indice de Precios al Consumidor del Instituto Nacional de Estadística y Censos (INEC). También fracasó el plan piloto ejecutado por la Caja Costarricense del Seguro Social (CCSS) para vender 123 medicamentos y productos a usuarios, farmacias y hospitales privados. El aumento en el precio de los medicamentos en el país durante los últimos dos años se ha producido a pesar de una revaluación de la moneda (el colón) frente al dólar en cerca de un 30% . Otro estudio del Centro Internacional de Política Económica para el Desarrollo Sostenible (CINPE) de la Universidad Nacional (UNA) reveló que, por ejemplo, frente a El Salvador en los mismos productos existen diferencias superiores al 50% y hasta del 100%. Todo ello ratifica la urgencia que tiene la población costarricense de que se aplique -y surta efecto- alguna política pública que haga las medicinas que se venden en las farmacias, tanto las de cadena como las independientes, asequibles. En la Asamblea Legislativa varios diputados han presentado al menos diez proyectos de ley durante los últimos 20 años. El último lo impulsan las legisladoras socialcristianas Melina Ajoy y María Marta Carballo, y su iniciativa avanzó al Plenario luego de ser dictaminado en la Comisión Legislativa de Asuntos Económicos. La Reacción conversó con el titular del MEIC, Francisco Gamboa, el miércoles 30 de octubre en torno al nuevo plan que fijaría márgenes máximos de ganancia en la venta de medicamentos. El margen se fija para cada uno de los 42 distintos grupos terapéuticos, agrupación que sigue parámetros internacionalmente utilizados. Para el caso de los mayoristas, los márgenes máximos permitidos oscilan entre un 11% y un 28% (dependiendo del grupo terapéutico del medicamento), mientras que para minoristas oscila entre el 25% y el 43,5%. El análisis completo está disponible en https://www.meic.go.cr/documentos/69q6zw2mr/DAEC-INF-003-24_CPMedica150125.pdf . Sobre el tema de las acciones que el Gobierno ejecuta para cumplir con su promesa de campaña, La Reacción le consultó el 29 de mayo del 2024 al mandatario Rodrigo Chaves en la habitual conferencia semanal de prensa. Antes, durante el año anterior (el miércoles 5 de julio), también el tema de los altos precios de los medicamentos se le planteó al mandatario en Casa Presidencial. Sobre cómo opera el mercado de los medicamentos, sus actores y las causas de sus altos precios , La Reacción conversó el 14 de julio del 2023 con Andrej Badilla, investigador principal de un estudio elaborado por el Centro de Investigación en Cultura y Desarrolllo (CICDE) de la Universidad Estatal a Distancia (UNED).|es|Campo obligatorio nulo: publication_date
lareaccioncr|https://lareaccioncr.com/2024/11/|29 de noviembre de 2024||2026-05-16 09:07:48|mercados|Gobierno lanza nueva estrategia para bajar los precios de las medicinas. ¿En qué consiste? El plan fue puesto en consulta pública y el MEIC analiza las observaciones. Abaratar el precio de los medivamentos fue una de las principales promesas de campaña electoral del hoy presidente Rodrigo Chaves. Hasta el momento todo ha fallado, pero el Gobierno no afloja en su promesa|es|Campo obligatorio nulo: publication_date
lareaccioncr|https://lareaccioncr.com/2024/10/12/pln-abre-asamblea-nacional-con-video-dedicado-al-gobierno-de-chaves/|PLN abre asamblea nacional con video dirigido al Gobierno de Chaves||2026-05-16 09:07:48|politica|Los asambleístas tomarían decisiones en la forma de elegir al aspirante presidencial del 2026, eliminación de puestos vitalicios en el directorio político e inclusión de nuevos sectores en la estructura del partido. Pasadas las 10 de la mañana, con 76 delegados dio inicio la asamblea nacional del Partido Liberación Nacional en el Salón Talamanca 2 del Centro de Convenciones, en Heredia. Para votar sus mociones, la agrupación estrena el voto electrónico desde su celular. En la víspera estaba prevista la discusión de al menos 68 mociones, pero el Secretario General de la agrupación, Miguel Guillén, aseguró que se habían recibido más de 100, pero que se intentarían agrupar para agilizar su discusión y votación. Siga la Asamblea Nacional del PLN en el siguiente enlace. Se estima que la asamblea nacional concluya en las primeras horas de la tarde. Noticia en desarrollo.|es|Campo obligatorio nulo: publication_date
lareaccioncr|https://lareaccioncr.com/2024/10/|12 de octubre de 2024||2026-05-16 09:07:48|politica|PLN abre asamblea nacional con video dirigido al Gobierno de Chaves Los asambleístas tomarían decisiones en la forma de elegir al aspirante presidencial del 2026, eliminación de puestos vitalicios en el directorio político e inclusión de nuevos sectores en la estructura del partido. Pasadas las 10 de la mañana, con 76 delegados dio inicio la asamblea nacional|es|Campo obligatorio nulo: publication_date
lareaccioncr|https://lareaccioncr.com/2024/09/19/pacientes-de-cancer-siguen-sin-poder-aprovechar-equipo-de-punta-que-ofrece-la-ucr/|(Video) Pacientes de cáncer siguen sin poder aprovechar equipo de punta que ofrece la UCR||2026-05-16 09:07:48|mercados|El Laboratorio Ciclotrón PET/CT, de la UCR, tiene listo un nuevo radiofármaco contra el cáncer de próstata, el de mayor incidencia en el país. La CCSS sigue sin resolver una contratación, a pesar de que las especificaciones técnicas están acordadas desde febrero. Cada hora y media algún tipo de cáncer cobra la vida de un costarricense. Pese a ello, la Caja Costarricense del Seguro Social (CCSS) sigue postergando la firma de un convenio entre sujetos de derecho público (la CCSS y la UCR) sin que se tenga claro cuándo será posible echarlo a andar para beneficio de cientos de asegurados que esperan por un diagnóstico y eventual detección de un tumor. El moderno laboratorio ubicado en el Centro de Investigación en Ciencias Atómicas, Nucleares y Moleculares (CICANUM) de la Ciudad de la Investigación de la Universidad de Costa Rica y del que se estiman solo hay 10 en America Latina, podría atender hasta 300 pacientes por mes y hoy solo se atienden a 100 pacientes por mes, en su mayoría referidos de los hospitales Max Peralta (de Cartago), el de Niños y el México. Al propio presidente de la República, Rodrigo Chaves, La Reacción le consultó el pasado miércoles 11 de setiembre ¿por qué no se ha firmado ese convenio?, siendo tan alta las listas de espera de pacientes para obtener estudios altamente precisos con fines de diagnóstico temprano y tratamiento de cáncer. Debido a un compromiso de la jerarca de la CCSS, Marta Esquivel, en el cantón de Puerto Jiménez, el mandatario se hizo apoyar por su Ministra de Salud y Vicepresidenta de La República, Mary Munive, para responder. En entrevista con la colaboradora de La Reacción, Yanory Obando, el físico nuclear Erick Mora recordó los beneficios del moderno laboratorio Ciclotrón PET/CT estrenado por la Universidad de Costa Rica (UCR) el 17 de agosto del 2022. Mora también explicó cuán cerca está el país de producir en el Ciclotrón PET/CT un radiofármaco para combatir el cáncer de próstata, el cual ocupa hoy el primer lugar de incidencia entre todos los tipos de cáncer que afectan a los costarricenses. Guanacaste (25 muertes por cada mil habitantes), Puntarenas (24 muertes por cada mil habitantes) y Heredia (18 muertes por cada mil habitantes) son las provincias de mayor mortandad a causa del cáncer de próstata. El Sindicato Nacional de Enfemería y Afines (SINAE) se sumó a las voces que reprochan que la CCSS retrase la firma del convenio, a pesar de muchas reuniones y solicitudes de información que se han producido entre autoridades de ambas instituciones y de que la Universidad de Costa Rica ha reformulado la oferta por cada estudio clínico en tres ocasiones. El Secretario General dellSINAE, Lenín Hernández, recordó que cada año cerca de 6 mil personas pierden la vida por culpa de un cáncer. No es la primera vez que La Reacción consulta en torno a la falta de acuerdo entre la CCSS y la UCR en Casa Presidencial ya que hace 10 meses el entonces colaborador de este medio, Gustavo Fernández, formuló la misma consulta. Hoy como hace un año, el Gobierno de Rodrigo Chaves mantuvo una negociación consulta para la definición del monto del financiamiento de las universidades estatales para el próximo año, del cual la Universidad de Costa Rica recibe la mayor parte. La inversión en el Ciclotrón PET/CT supera los $15 millones de dólares, que en su mayor parte se financiaron con recursos del Foindo Especial para la Educación Superior (FEES). Colaboró en esta información la periodista Yanory Obaodo Silva.|es|Campo obligatorio nulo: publication_date
lareaccioncr|https://lareaccioncr.com/2024/09/|19 de septiembre de 2024||2026-05-16 09:07:48|mercados|(Video) Pacientes de cáncer siguen sin poder aprovechar equipo de punta que ofrece la UCR El Laboratorio Ciclotrón PET/CT, de la UCR, tiene listo un nuevo radiofármaco contra el cáncer de próstata, el de mayor incidencia en el país. La CCSS sigue sin resolver una contratación, a pesar de que las especificaciones técnicas están acordadas desde febrero. Cada hora y media algún|es|Campo obligatorio nulo: publication_date
lareaccioncr|https://lareaccioncr.com/2024/04/30/videos-listos-para-asumir-sus-cargos-ifam-tiende-la-mano-a-las-nuevas-autoridades-municipales/|(Videos) Listos para asumir sus cargos: IFAM tiende la mano a las nuevas autoridades municipales||2026-05-16 09:07:48|municipales|“Su éxito es nuestro éxito”, les indicó el jerarca del IFAM, Jorge Ocampo, a los alcaldes, vicealcaldes e intendentes que asumen funciones este miércoles 1 de Mayo. Los 84 alcaldes, 84 vicealcaldes uno y dos y los 6 intendentes, electos para el período 2024-2028 el pasado cuatro de febrero quedaron sabidos de la oferta de fomento y asesoría municipal del IFAM luego de una una intensa actividad que se llevó a cabo en el auditorio F5 del Cuerpo de Bomberos en Santo Domingo de Heredia. Con un emotivo discurso de bienvenida, el presidente ejecutivo del IFAM, Jorge Ernesto Ocampo Sánchez, expresó a las autoridades entrantes su compromiso inquebrantable de trabajar hombro a hombro para promover el desarrollo sostenible en las comunidades locales. “En el IFAM, entendemos la importancia y la responsabilidad que conlleva su posición como líderes municipales. Sabemos que enfrentan desafíos diarios y que las nuevas autoridades trabajarán incansablemente para mejorar la calidad de vida de nuestros ciudadanos”, dijo Ocampo. “Por eso, queremos enfatizar que el IFAM está aquí para ustedes. Somos su mayor aliado en esta travesía. Estamos comprometidos a hacerles la vida más fácil, a brindarles el apoyo y la asesoría necesarios para que puedan desempeñar su labor de manera efectiva y exitosa“, explicó el jerarca. El evento de recibimiento reunió a las nuevas autoridades municipales, altos funcionarios del gobienro como los ministros de Planificación y Política Económica (Laura Fernández), de la Presidencia (Natalia Díaz) y de Turismo (William Rodríguez), representantes de organizaciones internacionales y aliados estratégicos del IFAM. Durante el encuentro, se destacó el papel fundamental que desempeña el IFAM como asesor de los gobiernos locales costarricenses, proporcionando apoyo técnico, capacitación, financiamiento, transformación digital y asistencia en áreas clave como planificación urbana, gestión financiera y desarrollo comunitario. Entre los temas abordados se trataron la implementación de la Ley de Desarrollo Regional, el fortalecimiento del enfoque de género en los gobiernos locales, proyectos conjuntos que se trabajan con la cooperación internacional y la promoción del turismo rural como motor de desarrollo económico. “Nosotros en el IFAM entendemos que su éxito es nuestro éxito, y estamos aquí para respaldarles en cada paso del camino. Juntos podemos construir un futuro próspero y vibrante para nuestras comunidades”, afirmó Ocampo. Una de las directivas del IFAM, Jéssica Zeledón, amplió acerca del proceso de capacitación regional que desarrolló la institución.|es|Campo obligatorio nulo: publication_date
lareaccioncr|https://lareaccioncr.com/2024/04/|14 de abril de 2024||2026-05-16 09:07:48|reacciones|(Videos) Listos para asumir sus cargos: IFAM tiende la mano a las nuevas autoridades municipales “Su éxito es nuestro éxito”, les indicó el jerarca del IFAM, Jorge Ocampo, a los alcaldes, vicealcaldes e intendentes que asumen funciones este miércoles 1 de Mayo. Los 84 alcaldes, 84 vicealcaldes uno y dos y los 6 intendentes, electos para el período 2024-2028 el pasado|es|Campo obligatorio nulo: publication_date
lareaccioncr|https://lareaccioncr.com/2024/04/14/videos-aya-ignora-como-financiara-el-proyecto-clave-para-resolver-la-escasez-de-agua/|(Videos) AyA ignora cómo financiará el proyecto clave para resolver la escasez de agua||2026-05-16 09:07:48|reacciones|El jerarca de la institución insiste en que la región pasa por un verano sin precedentes. Luego de pasar por el MOPT, el proyecto de Orosi II deberá ir al Ministerio de Planificación. Ese proyecto se trata de Orosi II y el tercer presidente del actual gobierno, Juan Manuel Quesada, lo califica como la Pomada Canaria para enfrentar la escasez de agua que sufren varios barrios del país, principalmente de los vecinos del sur. La obra se trata de una ampliación del Proyecto de Abastecimiento Metropolitano Quinta Etapa (PAAM) y tiene estudio de factibilidad desde 1989. Consiste en instalar 44.3 kilómetros de tuberías desde Orosi de Cartago (de las cuales 8.6 km son túneles), construir una nueva planta potabilizadora en Patarrá de Desamparados y cuatro tanques de almacenamiento de 10 mil metros cúbicos de cada uno. Según alegó la institución en aquel momento, el proyecto aportaría la solución definitiva al abastecimiento del Área Metropolitana al aportar 2.500 litros por segundo de agua a la capital y zonas aledañas. Beneficiaría a 638 mil personas de manera directa y cerca de 1,4 millones indirectamente. A propósito de la importancia de Orosi II, La Reacción confrontó a Juan Manuel Quesada en torno al vencimiento del plazo de formalización de un préstamo por casi $400 millones de dólares que fue aprobado por el BCIE el 24 de noviembre del 2020. Respecto a la falta de financiamiento que afronta Orosi II y otros temas de la institución, La Reacción también conversó con el Secretario General del Sindicato de Trabajadores del AyA, Mario Rodríguez. https://youtube.com/watch?v=8Gb-DTlwxoc%3Fstart%3D93%26feature%3Doembed Al respecto de lo dicho por Rodríguez, Acueductos y Alcantarillados hizo algunas aclaraciones en La Reacción, principalmente en materia los intereses del préstamo con el BCIE. Los problemas con el agua no son solo de cantidad, sino de calidad, principalmente en las provincias costeras, como Limón y Guanacaste. Respecto a ello también abordamos a Juan Manuel Quesada. Además de varios cambios en los puestos gerenciales (como el de María Gabriela Vallejo, de la Gerencia General), antes de Quesada, Roberto Guzmán Gutiérrez y Alejandro Guillén Guardia ejercieron la presidencia ejecutiva de la institución durante el gobierno de Rodrigo Chaves.|es|Campo obligatorio nulo: publication_date
lareaccioncr|https://lareaccioncr.com/2024/04/09/nuevo-embajador-de-india-desplegara-robusta-agenda-bilateral-con-costa-rica/|Nuevo embajador de India desplegará robusta agenda bilateral con Costa Rica||2026-05-16 09:07:48|protagonistas|El nuevo embajador de ese país asiático, Dr. Sumit Seth, anunció que se otorgarán 25 becas anuales a costarricenses. Dice que le interesa el comercio de medicamentos, pues India los produce con calidad y bajo precio. Si usted es egresado universitario o tiene al menos cuatro años de experiencia laboral y un nivel básico de inglés, quizá le interese postular su nombre para las 25 becas anuales que la embajada de la India dará a costarricenses, que incluyen pasajes, alojamiento y un estipendio. Así lo manifestó el nuevo embajador de ese país asiático, Dr. Sumit Seth, luego de presentar sus credenciales ante el presidente Rodrigo Chaves el pasado jueves 4 de abril. La información se puede buscar en el sitio web https://www.itecgoi.in/index donde también hay opciones de cursos cortos. Asimismo, se puede consultar la página de Instagram de la Embajada, cuya sede está en Panamá, pero también cubre Costa Rica y Nicaragua. Nuevo embajador fortalecería los lazos de cooperación entre La India y Costa Rica. Precios de las medicinas Antes de ser diplomático, el nuevo embajador se desempeñaba como médico y profesor de medicina forense. De allí que el tema de la salud es de su interés. El Doctor Sumit Seth dice que conoce los altos precios de las medicinas en Costa Rica y que desea contribuir a bajar los costos de las salud pública. Además añadió que la India produce medicamentos de excelente calidad y menor costo que otros países, por lo que sería una oportunidad para que Costa Rica los adquiera. Además del tema educativo y el de salud, el nuevo embajador señaló que su planteamiento es potenciar el comercio, el intercambio cultural y la comunicación entre las naciones. Ya en Costa Rica operan 22 empresas de ese país, pero su propuesta es que esa inversión se incremente. Asimismo, desea impulsar la exportación de productos nacionales, pues India es un mercado de 1.400 millones de personas. “La presencia de la india en el mundo está creciendo y nuestra principal virtud es el conocimiento y las destrezas en el tema de la transformación digital”, expresó. El pasado viernes tuvo un encuentro en Alajuela con cerca de 30 empresarios de la India residentes en el país, donde presentó su visión y escuchó propuestas o preocupaciones. Uno de los asistentes fue Kapil Gulati, dueño de restaurantes como Taj Mahal y Naans and Curries, quien dijo que conocía de antemano al Dr. Seth como un gran visionario y que tiene la esperanza de que fortalecerá los lazos entre ambas naciones. Si desea ver el encuentro con empresarios y ciudadanos de La India, que se realizó en San Rafael de Alajuela, ingrese al siguiente enlace.|es|Campo obligatorio nulo: publication_date
lareaccioncr|https://lareaccioncr.com/2023/06/28/videos-fantasma-de-limon-ciudad-puerto-empieza-a-perseguir-el-acumulado-del-canon-de-apm-terminals/|(Videos) Fantasma de Limón Ciudad Puerto empieza a perseguir el “acumulado” del canon de APM Terminals||2026-05-16 09:07:48|mercados|Los alcaldes de la provincia pidieron una serie de ajustes que esperan sean incorporadas al nuevo reglamento. El mandatario Rodrigo Chaves reiteró la promesa de que en su gobierno se ejecutará ese fondo que ya supera los $75 millones de dólares. En dos meses, el Gobierno deberá rendir cuentas a los limonenses por un año más en que esos recursos continuan ociosos. En El Caribe del país mencionar el proyecto Limón Ciudad Puerto, financiado en su mayor parte por el Banco Mundial ($72.5 de $80 millones, el restante $7.5 lo pondría el Estado costarricense), es recordar el mayor fracaso de inversión pública posible. Tanta amargura dejó ese naufragio en los limonenses que en la provincia lo bautizaron popularmente Limón Ciudad Muerto. Pero no se trató de un trauma aislado, más bien se sumó a la desazón acumulada de ver entrar y salir el 80% de las exportaciones del país por sus puertos (tanto los de Japdeva como el nuevo de APM Terminals), pero sentirse olvidados por cada gobierno que les hace siempre las mismas promesas. Con la llegada de APM Terminals a Moín (y ceder la carga y descarga de contenedores que pasaban por sus puertos a una empresa extranjera), la provincia se volvió -un poco a regañadientes- a ilusionar. Tras largos litigios judiciales y extensos debates legislativos, las esperanzas de que aquella pérdida hubiera valido la pena se centraron en el canon que pagaría la firma marítima europea por la explotación del servicio de carga y descarga de mercancías de manera exclusiva por El Caribe costarricense. Y APM Terminals ha cumplido -en ese compromiso- y desde que inició operaciones en el país (octubre del 2018) ha pagado a Costa Rica el acumulado superior a $75 millones de dólares. Según el propio contrato, ese fondo debía ser invertido en proyectos de desarrollo que impactarían socioeconómicamente a la región en la que geográficamente están seis cantones: Talamanca, Limón Cantón Central, Siquirres, Matina, Pococí y Guácimo. Pero para, de nuevo, frustración de los limonenses a la fecha ni un solo dólar se ha invertido y todo permacece ocioso en cuenta única del estado, hasta donde se ha dicho públicamente. Cinco años después de que APM Terminals esté en el país y que la Junta de Administración Portuaria y de Desarrollo Económico de la Vertiente del Caribe sigue dando tumbos financieros, cada vez más críticos, el fantasma de Limón Ciudad … Puerto, empieza a merodear una tierra que hoy lamentablemente está tomada -lo admiten las autoridades competentes- por las bandas criminales y que es testigo de la pérdida continua de vidas. ¿Limón Ciudad Puerto 2.0? La ejecución de los recursos provenientes del canon de APM Terminals es prioridad para el Gobierno del presidente Rodrigo Chaves, máximo cuando por ley deberá rendir cuentas a los limonenses de lo alcanzado (y lo aún pendiente del último año) al cierre de agosto. A una pregunta de La Reacción, el mandatario prometió el miércoles diez de mayo que durante su administración esos fondos empezarán a ser invertidos. En su respuesta la Ministra de planificación, Laura Fernández, aclaró sobre el tema que se aprobó un nuevo reglamento para regular el uso de ese “acumulado” y que ya había sido analizado por el Departamento de Leyes y Decretos de Casa Presidencial. Para conocer cómo se estaba mirando ese nuevo reglamento en la provincia de Limón, La Reacción abordó al alcalde de Siquirres, Mangel McLean, durante la asamblea nacional del Partido Liberación Nacional el sábado 13 de mayo. La Reacción buscó profundizar en los términos de ese reglamento y abordó al titular del MOPT (ministerio al cual está adscrita Japdeva), Luis Amador. Amador recalcó que el nuevo reglamento para ejecutar el canon de APM Terminals pretende que las municipalidades justifiquen sólidamente la entrega de fondos contra la presentación de proyectos que lleven desarrollo y reactivación económica a la región caribeña. Por ejemplo, dijo Amador, “no se puede aceptar que una alcaldía propuso la construcción de un parque comunal”. Rechazo al reglamento Tras su elaboración, el reglamento ha sido discutido en dos reuniones entre ministros, alcaldes, diputados y fuerzas vivas limonenses. La primera fue en el Centro Turístico Pacuare, en Siquirres, el viernes 16 de junio y contó con una nutrida asistencia de unas 200 personas. En ella, fuerzas comunales, religiosas, sindicales y los alcaldes de Guácimo, Siquirres, Matina, Talamanca y Limón Cantón Central rechazaron contundentemente el nuevo reglamento para usar el canon. A la cita se ausentó Manuel Hernández, actual alcalde de Pococí y que aspirará a la reelección en el cargo por el partido Unidos Podemos. Esa agrupación la lidera la exdiputada por el Movimiento Libertario, Natalia Díaz, Ministra de la Presidencia del actual gobierno. Al bloque municipal se sumaron Asociaciones de Desarrollo Integral (ADI), Asadas (Asociaciones Administradoras de los Sistemas de Acueductos y Alcantarillados comunales), organizaciones de personas con discapacidad, Comités de Deportes, organizaciones culturales y otras fuerzas civiles de Limón. Al concluir esa cita el diputado liberacionista, Geison Valverde, dijo que “la consigna que se levanta en la provincia caribeña es en contra de que el gobierno ponga trabas para llevarse los fondos del canon para la Caja única del Estado”. El legislador verdiblanco presume que “el gobierno quiere quitarle a la provincia que produce y en la que menos se invierte”. Tanto las fuerzas vivas de Limón como los alcaldes de Matina, Wálter Cespedes; el de Guácimo, Gerardo Fuentes; el alcalde de Limón Cantón Central, Néstor Mattis; el alcalde de Talamanca, Rugeli Morales y el alcalde de Siquirres, Mangell McLean, salieron muy molestos con el reglamento propuesto por la administración Chaves Robles. El mismo sustituiría al aprobado durante la gestión de Andrea Centeno, jerarca de Japdeva durante la administración del expresidente Carlos Alvarado, y con el que se aprobaron seis proyectos de desarrollo. Tras un rechazo rotundo en un primer encuentro, una segunda reunión se efectuó el pasado viernes 23 de junio en Casa Presidencial, esta vez con la presencia no solo de tres ministros (Natalia Díaz, de la Presidencia; Luis Amador, de Obras Públicas y Transportes, y Laura Fernández, de Planificación) y de la presidenta de Japdeva, Sussy Wing Ching, sino del vicepresidente de la república, Stephan Brunner. La discusión entre las partes en esta cita se calentó en momentos determinados, pero concluyó con una disposición de apertura por parte de los jerarcas de gobierno –especialmente de Luis Amador, del MOPT– de acoger los ajustes que plantearon los alcaldes, esta vez con la presencia de Hernández de Pococí, pero con la ausencia de Mattis de Limón. Tras esta segunda cita el alcalde de Siquirres, Mangell McClean, dijo que “en apariencia el gobierno ha cambiado el discurso y se han suavizado un poco en virtud de que nosotros hemos justificado técnicamente las razones por las cuales se hace imposible acceder a los recursos, pero lo más peligroso es que creemos que se hace imposible ejecutar ese fondo del canon”. La autoridad de Siquirres dijo que tanto es el temor a no poder ejecutar los fondos del canon de APM Terminals que les hace recordar la amarga experiencia de Limón Ciudad Puerto. “Ciertamente se notó apertura y ganas de diálogo, pero nosotros estaremos atentos como provincia revisando lo que haya que revisar y esperando que nuestras solicitudes se puedan oficializar de manera que se ajuste el reglamento que promueve el gobierno o ¿por qué no? que se mantenga el reglamento anterior con que el que se aprobaron los seis primeros proyectos. Yo hasta les propondía mantener el reglamento vigente y entrarle fuerte a los proyectos de cada uno de los territorios de la provincia”, concluyó McClean. Sobre esa segunda reunión, también la jerarca de la Presidencia, Natalia Díaz, brindó su reacción al concluir la conferencia de prensa del consejo de gobierno.|es|Campo obligatorio nulo: publication_date
lareaccioncr|https://lareaccioncr.com/2023/06/|28 de junio de 2023||2026-05-16 09:07:48|mercados|(Videos) Fantasma de Limón Ciudad Puerto empieza a perseguir el “acumulado” del canon de APM Terminals Los alcaldes de la provincia pidieron una serie de ajustes que esperan sean incorporadas al nuevo reglamento. El mandatario Rodrigo Chaves reiteró la promesa de que en su gobierno se ejecutará ese fondo que ya supera los $75 millones de dólares. En dos meses, el Gobierno deberá|es|Campo obligatorio nulo: publication_date
lareaccioncr|https://lareaccioncr.com/2023/04/19/en-las-calles-y-en-la-ley-el-gobierno-lanza-su-respuesta-al-aumento-de-la-criminalidad/|En las calles y en la ley: el gobierno lanza su respuesta al aumento de la criminalidad||2026-05-16 09:07:48|destacados|El rol de trabajo de los 12 mil policías cambiará temporalmente a seis por cuatro, es decir seis días laborados y cuatro libres. Tras 3 sesiones de alto nivel de los representantes de los poderes de la República convocados por el presidente de La Asamblea Legislativa, Rodrigo Arias Sánchez, el gobierno reemplazó su sesión semanal de consejo de gobierno para anunciar su plan contra el crimen organizado al que bautizó Operación Costa Rica Segura. “No es el fin del problema ni el principio del fin”, dijo el mandatario Rodrigo Chaves en un acto efectuado en la Plaza de La Democracia, frente al edificio legislativo y al costado oeste del Museo Nacional, muy cerca de la pared en donde hace 75 años se produjo el mazazo, símbolo de la abolición del ejército como institución permanente en Costa Rica. Policías a las calles La estrategia contra la delincuencia que puso en marcha el gobierno incluye el lanzamiento de 9.500 policías a las calles a partir de este jueves 20 de abril. El Ministro de Seguridad Pública, Jorge Torres, anunció que para junio entrante 400 nuevos policías y la presentación a los diputados de un presupuesto extraordinario, para contratar a otros 300 oficiales, de manera que para diciembre el país dispondrá de de un contingente de 700 nuevos policías. Paralelo a esos recursos el ministro de seguridad, confirma que solicitan al Instituto de Control de Drogas, ICD, 600 millones de colones para la compra de radiopatrullas que serán enviadas a los barrios y comunidades que sufren con la acción de la delincuencia. El mandatario Rodrigo Chaves asegura que ordenó una póliza policial para cubrir los costos legales en que tenga que incurrir un policía para defenderse de las demandas por acciones realizadas durante el cumplimiento de su deber. Decomisos en cárceles El Ministro de Justicia, Gerald Campos, asegura que van a seguir los operativos policiales de forma sostenible en los centros carcelarios de todo el país. Asegura que en cuestión de pocos meses han decomisado 2.357 celulares, 15 mil cuchillos, 50 tipos diferentes de drogas, y hasta 19 millones de colones en efectivo. “Vamos a seguir con el sistema de obstrucción de la telefonía celular dese las cárceles” afirma el titular de Justicia y Paz. También cerrarán el “portillo” o permiso para que un delincuente pueda comprar armas o municiones. Solamente las personas con permiso de tenencia de armas legales podrán adquirirlas. “No es posible que un muchacho de 17 años asesine a otro con una AK-47 y sea tratado como un delito menor”, sentenció Campos. Seguridad y tranquilidad para todos Al lanzar su estrategia Costa Rica segura, el presidente Rodrigo Chaves afirmó que “es el momento que le gente pueda andar tranquila por las calles. “Que los niños puedan estar seguros en los parques“. “Que los estudiantes vayan a sus centros sin temor a una balacera. Que las madres no piensen que sus hijos pueden ser asesinados por andar en malos pasos. Nos interesa el bienestar de todas las personas”. Chaves aprovechó la presentación del operativo para lanzar fuertes críticas a los que llamó politiqueros que critican la violencia, cuando han dedicado la vida y profesión a defender a narcos y a delincuentes. Chaves: “Vamos a enderezar el rumbo perdido” “Combatiremos a los criminales, estamos a tiempo” concluyó el presidente Rodrigo Chaves, quien acto seguido ingresó a La Asamblea Legislativa para presentar personalmente (ante el directorio legislativo) los cinco proyectos de ley que afianzarán su Operación Costa Rica Segura. Luego, en las instalaciones del Museo Nacional atendió a la prensa que le formuló consultas acerca de laOperación Costa Rica Segura y otros tópicos de interés nacional. Puede ver completa la conferencia de prensa en el siguiente video que transmitió La Reacción por todas nuestras redes sociales.|es|Campo obligatorio nulo: publication_date
lareaccioncr|https://lareaccioncr.com/2023/04/|19 de abril de 2023||2026-05-16 09:07:48|destacados|En las calles y en la ley: el gobierno lanza su respuesta al aumento de la criminalidad El rol de trabajo de los 12 mil policías cambiará temporalmente a seis por cuatro, es decir seis días laborados y cuatro libres. Tras 3 sesiones de alto nivel de los representantes de los poderes de la República convocados por el presidente de La Asamblea Legislativa,|es|Campo obligatorio nulo: publication_date
lareaccioncr|https://lareaccioncr.com/2026/03/17/laura-fernadez-recibio-las-credenciales-presidenciales/|Laura Fernadéz recibió las credenciales presidenciales||2026-05-16 09:07:48|politica|Laura Fernandéz recibió este martes la certificación que la acredita oficialmente ante el Tribunal Supremo de Elecciones como presidenta electa. La futura mandataria fue acompañada por sus vicepresidentes; Francisco Gamboa y Douglas Soto. Además, algunos diputados electos como Marta Esquivel, Ana Miuller, Juan Manuel Quesada, Antonio Barzuna, Noguí Acosta, entre otros. El acto inició las 11:00 a.m. con la entonación del Himno Nacional de Costa Rica, para posteriormente escuchar las palabras de la magistrada presidenta del TSE María Eugenia Zamora, quien destacó que con este acto se finaliza con el proceso electoral. “Con esta ceremonia decimos misión cumplida y cumplida con los más altos estándares internacionales como se merecen las ciudadanas y los ciudadanos. Qué es junto con Canada y Uruguay es una de las 3 democracias plenas de nuestro continente” destacó Zamora. Posterior a esto junto con los otros magistrados entregó el documento oficial que la acredita como mandataria. Posterior a la entrega de las credenciales, la próxima mandataria dio una serie de agradecimientos, pero además señaló que renunciaron al 58% de la deuda política, «Al inicio de mi campaña anunciamos que renunciariamos a un minimo del 25% de la deuda política. Porque creemos que la política no es un negocio sino para servirle al país, decidimos no utulizar cerca de 11mil millones de colones, lo que es cerca del 58% de la deuda» añadió. Otro de los temas a los que hizo referencia la presidenta electa fue sobre el crimen organizado, donde envió un contundente mensaje. «Hoy quiero dar un mensaje claro, directo y frontal al crimen organizado y al narcotráfico, hoy nosotros no los queremos en Costa Rica, no vamos a permitir que sigan causando dolor a nuestra gente, ni voy a consentir que perdamos la paz en nuestra tierra» enfatizó. Renuncia a su partido Debemos recordar que la semana anterior Fernández presentó su renuncia al partido Pueblo Soberano, alegando que según la constitución política la presidenta no puede tener militancia política.|es|Campo obligatorio nulo: publication_date
lareaccioncr|https://lareaccioncr.com/2026/01/28/ataques-a-laura-fernandez-se-centraron-en-sus-candidatos-a-diputados/|Ataques a Laura Fernández se centraron en sus candidatos a diputados||2026-05-16 09:07:48|protagonistas|Durante el debate del Grupo Repretel Monumental fue insistente el señalamiento hacia el primer lugar por Alajuela, José Miguel Villalobos La candidata presidencial del Partido Pueblo Soberano (PPSO) y líder con amplia mayoría en los instrumentos de medición de la intención de voto, Laura Fernández; compareció por última vez en debates durante la presente campaña electoral este martes durante la realización del debate del grupo Repretel Monumental. Sin embargo su participación no fue desaprovechada por los otros 7 aspirantes del espacio: Natalia Díaz, Álvaro Ramos, Ariel Robles, Fabricio Alvarado, Juan Carlos Hidalgo, Eliécer Feinzaig y Claudia Dobles para cuestionarle y repetirle las mismas consignas, en especial sobre los aspirantes a diputados, en especial el abogado penalista José Miguel Villalobos; quién encabeza la papeleta por la provincia de Alajuela. Villalobos; quién en el pasado fue ministro de Justicia durante la administración de Abel Pacheco del 8 de mayo al 30 de octubre, cuando fue destituido por el entonces mandatario. Además fungió como directivo de la Caja Costarricense de Seguro Social, pero desde hace varios años profesional liberal en el ejercicio del derecho penal, y donde ha figurado como defensor de acusados en varios sonados casos como el caso Fenix vinculado con lavado de dinero, el caso de la Trocha fronteriza donde se le declaró en abandono de sus ocho representados o ser el defensor del doctor Carlos Andrés Pérez Hernández; quién fue condenado a 35 años de prisión por asesinar a su esposa María Tacsan Ulate. De forma más reciente Villalobos figura como el abogado personal del mandatario Rodrigo Chaves. El primero en insistir con los cuestionamientos a Fernández por la presencia de Villalobos entre los eventuales integrantes de la nueva fracción de Pueblo Soberano fue el aspirante presidencial de Nueva República, Fabricio Alvarado; quién cuestionó a la candidata oficialista a lo que esta respondió con los señalamientos de Gloria Navas como integrante de la fórmula de diputados hace cuatro años de su agrupación. “Ay don Fabricio no nos venga usted aquí a tirar cortinas de humo. Los costarricenses saben que el partido Pueblo Soberano lleva una nómina de candidatos a diputados de gente valiente, gente honesta, con capacidad técnica y sobre todo con un profundo amor por el pueblo de Costa Rica. Tendremos una camada de diputados que no le tengan miedo a tomar decisiones como si lo han tenido los actuales de los cuales donde usted participa. Recordemos que los jueces penalistas defienden a personas que están en procesos judiciales, no hay ninguna sentencia o es que usted va aquí a eliminar el derecho de defensa de la gente”, fue la respuesta de la aspirante de Pueblo Soberano. Entretanto Fabricio reiteró que la composición de la papeleta diputadil de Pueblo Soberano es un “arroz con mango” en alusión a que no tienen solo candidatos a diputados que velen por los valores del voto conservador. Sin embargo el cuestionamiento más fuerte hacia Fernández en este particular provino del aspirante presidencial del Frente Amplio, Ariel Robles cuando tuvo su cara a cara con la oficialista. Robles preguntó a Fernández sobre su posición de que un hombre viole a una niña de 14 años y manifieste que esa es una relación sexual normal, a lo que Fernández visiblemente indignada respondió: “Ariel, francamente que bajeza de pregunta. Mire yo pienso en mi hija Fernanda y en el montón de niñas y mujeres de Costa Rica que han sufrido violencia sexual, o sea ¿qué cree que voy a pensar Ariel? Diay evidentemente me duele, me duele muchísimo como mujer, como mamá, como hija, como esposa; por Dios costarricenses ¿qué es lo que les ha pasado? ¿qué es lo que le falta a nuestro país para que tengamos esta categoría de candidatos a la presidencia? Gente que viene aquí con un afán de politiquear tan feo con el dolor ajeno. Mire yo me pongo en los zapatos de cualquier mujer o mamá de Costa Rica, perdonénme hasta se me puso la voz temblorosa de pensar que sea una hija mía, Ariel, ¿de verdad tiene que traer esos temas aquí? Costarricenses yo voy a ser implacable, el que la hace la paga; con cualquier niña, con cualquier mujer, con cualquier familia costarricense”, respondió. Fue en este punto cuando el frenteamplista recordó un episodio donde José Miguel Villalobos defendía a un pastor evangélico declarado culpable de tres delitos de abuso sexual, uno de violación calificada y uno de tentativa de violación calificada. En la apelación al proceso el hoy aspirante a diputado por Alajuela manifestó que dicho hombre mantenía una “relación sexual normal” con la víctima menor de edad; que para el momento de los hechos tenía entre 14 y 15 años. “Espero que sea implacable doña Laura porque el que dijo que era una relación sexual normal es José Miguel Villalobos; el candidato a diputado que usted lleva por Alajuela: defensor de narcos, lavadores de dinero, feminicidas; ¿cómo cree que se sentía así como usted acaba de expresarlo se sentía la mamá de esa niña ante ese caso, y hoy usted ese señor que dijo eso lo lleva de candidato a diputado. Si es implacable, pídale la renuncia y que el pueblo de Costa Rica vea su compromiso con este tipo de temas”, expresó Barrantes. Al final de ese intercambio, Fernández Delgado conminó al frenteamplista a presentar las pruebas o demandar si tenía sobre estos señalamientos.|es|Campo obligatorio nulo: publication_date
lareaccioncr|https://lareaccioncr.com/2026/01/27/candidatos-debaten-entre-si-con-replicas-y-contrarreplicas-maximas-de-un-minuto/|Candidatos debaten entre sí, con réplicas y contrarréplicas máximas de un minuto||2026-05-16 09:07:48|politica|En el debate organizado por el Grupo Repretel-Monumental El debate del Grupo Repretel-Monumental mantiene una dinámica en la cual los candidatos presidenciales no están sujetos a un formato de preguntas de los moderadores Randall Rivera y Febe Cruz; si no que los cuestionamientos se da entre los propios aspirantes presidenciales. Cada uno de los candidatos cuenta con 30 segundos para el planteamiento de la pregunta, mientras el aspirante cuenta con 1 minuto para responder, y luego de ello hay un espacio de réplica de 30 segundos y una contrarréplica del mismo tiempo. En los primeros encuentros entre los candidatos la candidata de Unidos Podemos, Natalia Díaz cuestionó a Fabricio Alvarado sobre sus planteamientos de suspensión de garantías constitucionales como medida para atender la inseguridad, ese mismo tema apareció más adelante entre el aspirante del Liberal Progresista, Eliécer Feinzaig; y de la Unidad Social Cristiana, Juan Carlos Hidalgo. Los aspirantes del Frente Amplio y la Coalición Agenda Ciudadana debatieron inicialmente con el planteamiento de Ariel Robles a Claudia Dobles sobre la necesidad de reformar la ley de empleo público y derogar la ley antihuelgas; ambas iniciativas aprobadas durante la administración de Carlos Alvarado; cuando Dobles era su primera dama. En el segundo bloque, fue el tema del patrullaje conjunto entre Dobles y Robles; donde la primera cuestionó la oposición histórica del Frente Amplio a esta colaboración venida en especial de los Estados Unidos. Álvaro Ramos interpeló a la candidata oficialista sobre la cuestionada ley de usura, y la necesidad de eventual impulsar reformas al respecto. Todo el esquema del antepenúltimo debate de la presente campaña electoral continuará de esta dinámica entre los propios candidatos.|es|Campo obligatorio nulo: publication_date
lareaccioncr|https://lareaccioncr.com/2026/01/22/indecisos-podrian-terminar-por-engrosar-filas-del-abstencionismo/|Indecisos podrían terminar por engrosar filas del abstencionismo||2026-05-16 09:07:48|politica|Encuesta del Idespo-UNA revevla que aún 35% de la población dice estar indecisa, y falta de información es la principal razón para aún mantener “en ascuas” su voto La población indecisa de cara al proceso electoral del próximo 1° de febrero podría terminar por engrosar las filas del abstencionismo, es una de las principales conclusiones que ofrecen los investigadores del Instituto de Estudios Sociales en Población (Idespo) de la Universidad Nacional (UNA) durante la presentación de los resultados del más reciente estudio “Cultura Política y Participación Electoral”, correspondiente a enero del 2026. Dentro de los resultados de la encuesta se muestra que 69% de las personas encuestadas dice estar firmemente decidido a asistir a las urnas el próximo domingo 1° de febrero, y entre ellos el 35% afirma aún estar indeciso respecto de a quién darle el voto entre las 20 candidaturas participantes por la presidencia de la República, Sin embargo en la lectura que realizan los investigadores del Idespo, esa cantidad de indecisos podría finalmente no ir a las urnas, pues entre la población indecisa en un 47.1% de las opiniones estas personas afirman que les falta información sobre por cuál candidato elegir, mientras que un 29.5% de las personas afirman no estar seguro de cuál candidato apoyar. De acuerdo con la investigadora Laura Solís esa transformación de los indecisos está sujeta a que muchas personas prefieren no opinar sobre temas políticos. “Nos estamos encontrando que para el grupo de apáticos que aunque sea el menor en estos grados de indecisión es el grupo que casi sumamos a esos abstencionistas porque son personas que no les interesa la política, no han pensado por quién votar, no les interesa por quién votar tampoco, y aunque dijeron tener alguna posibilidad leve de asistir a votar es probable que no lo concreten”, manifestó. Preciso ese número de apáticos entre los indecisos según la encuesta son de apenas un 1.7% de las personas encuestadas. La Reacción quiso conocer también porque en plena era de la información la carencia de ella resulta ser un elemento clave para no decidir aún por quién votar, y es que según el estudio las redes sociales tal es el caso de Facebook, YouTube, TikTok son de las primarias fuentes. Sin embargo los investigadores no lograron abordar sobre la veracidad o sesudez de la información que los votantes reciben de dichas fuentes, aunque con insumos internacionales en materia de comunicación política podrían inferirse algunos aspectos sobre este particular. “Se ha podido pensar que la predominancia de Facebook, TikTok, YouTube hace que lo que esté primando es la construcción del voto a través de reels, audiovisuales sumamente cortos, a través de información que eventualmente podría estar tergiversada, aunque no podemos afirmarlo de manera categórica”, explicó Sindy Mora, parte del equipo investigador del Idespo. Entre otros de los aspectos medidos por la encuesta es la intención de voto legislativo donde el Partido Pueblo Soberano registra un 35% de intención de voto, lo cual difiere con el 29% anunciado por la Encuesta del CIEP de este miércoles 21 de enero. Con este panorama según el investigador del Idespo, José Andrés Díaz existe una probabilidad de que el nuevo Congreso, que sí se definirá el 1° de febrero próximo esté constituido por menos fuerzas políticas. El periodo de veda para la difusión de encuestas entrará a regir el próximo jueves 29 de enero, pero antes de ello tendremos un nuevo resultado del CIEP el próximo miércoles 28 de enero, y esta encuesta de la Universidad Nacional se preparó del 8 al 15 de enero, y participaron 1001 personas mayores de 18 años con edad valida para ejercer el voto, y con un margen de error del más menos 3%. Repase la entrega de los resultados a continuación en la transmisión realizada desde la Universidad Nacional.|es|Campo obligatorio nulo: publication_date
lareaccioncr|https://lareaccioncr.com/2026/01/21/candidatos-mostraron-disconformidad-con-poco-tiempo-para-plantear-propuestas/|Candidatos mostraron disconformidad con poco tiempo para plantear propuestas||2026-05-16 09:07:48|politica|Los problemas técnicos fueron amos y señores del encuentro desarrollado en el Auditorio Nacional del Museo de los Niños organizado por CFIA y el Grupo Extra El debate organizado por el Colegio Federado de Ingenieros y Arquitectos (CFIA) y el Grupo Extra generó en algunas de las candidaturas algún grado de disconformidad con los tiempos para responder las preguntas planteadas dada la complejidad de los asuntos tratados, lo anterior sumado a los problemas técnicos que enfrentó el desarrollo del encuentro. Fue el Auditorio Nacional del Museo de los Niños el espacio escogido por la producción para colocar frente a frente a las tendencias de Álvaro Ramos, Ariel Robles, Claudia Dobles, Natalia Díaz y Juan Carlos Hidalgo; pero dejaron una silla vacía: la de Laura Fernández; quién a última hora comunicó que no asistiría al espacio. En cada uno de los bloques se definió que las candidaturas tendrían máximo un minuto para responder los planteamientos de los moderadores; en una primera etapa fueron Alejandro Brokke y Gabriela Muñoz; y para el cierre Teresita Cedeño y Jessica Quesada. Sin embargo antes del inicio del debate hubo muchos problemas técnicos, de forma inicial con la pantalla de los subtítulos del aspirante presidencial de Liberación Nacional, lo cual hizo que el inicio del debate se retrasara aproximadamente por 35 minutos. Los señalamientos en cuanto a la duración de los espacios para responder vinieron del aspirante presidencial de la Unidad Social Cristiana y del Frente Amplio. “El debate desafortunadamente fue una operación un poco estrellada, lo cual opacó un poco los temas que aquí fueron planteados, pero bueno son temas fundamentales: agua, transporte público, tecnología, infraestructura vial; para nosotros todos son temas prioritarios y de atención inmediata y lo que consideramos es que hoy en un espacio muy cortito hay que precisar cuáles son aquellos ejes prioritarios por ejemplo en el caso del AyA es necesario intervenirlo porque tiene una gestión desastrosa”, fueron parte de las reflexiones de Ariel Robles. “Creo que los costarricenses deben esperar son líneas generales del rumbo que cada candidato tiene en un eje X: infraestructura, costo de vida, seguridad, etc; poder desarrollar en un minuto respuestas concretas a problemas que son estructurales que tienen muchas aristas es complicado. Yo espero que los costarricenses estén aprovechando los debates para empezar a sacar conclusiones de cara al 1° de febrero”, explicó Juan Carlos Hidalgo. Entretanto el aspirante presidencial de Liberación Nacional, Álvaro Ramos rescató la perseverancia de sacar adelante el debate merced a los problemas. Entre los temas tratados coincidió con la aspirante de Agenda Ciuadadana de que el país necesita un banco de proyectos públicos y de infraestructura, pero cuestionó´lo que pasó con el existente en la Caja. “Yo quisiera rescatar que al menos en la Caja esa cartera de proyectos sí existe, y fue lo primero que la actual administración paralizó después de destituirme a mí y suspender a la Junta Directiva vigente de la Caja; acto seguido suspendieron la cartera de proyectos. La cartera existe, por ejemplo en agua estaba Orosí II y Paacume y los paralizaron, en carreteras había proyectos como Limonal Barranca y lo paralizaron, entonces sí se puede hacer una cartera de proyectos y ojalá los gobiernos tengan la prudencia de darle continuidad”, sugirió el verciblanco. Mientras tanto en la línea de Claudia Dobles y Natalia Díaz ambas externaron que este tipo de temas son trascendentales a la vida ciudadana y necesidades de la población en general. tal es el caso de infraestructura vial, agua y vivienda, inteligencia artificial, costo de vida y seguridad, entre otros. A continuación puede escuchar el reporte del cierre del debate.|es|Campo obligatorio nulo: publication_date
lareaccioncr|https://lareaccioncr.com/2026/01/15/juan-carlos-hidalgo-gobierno-podia-denunciar-convenio-de-oit-sobre-pensiones-de-lujo/|Juan Carlos Hidalgo: “Gobierno podía denunciar convenio de OIT sobre pensiones de lujo”||2026-05-16 09:07:48|protagonistas|En Inteligencia Electoral de La Reacción aspirante socialcristiano lamenta separación del fundador y expresidente Calderón, e insiste que tema con diputados es “página pasada” El aspirante presidencial de la Unidad Social Cristiana, Juan Carlos Hidalgo afirma que el Gobierno de la República tiene aún camino que emprender en cuanto a las pensiones de lujo, y no necesariamente se necesita que se dé a través de proyectos de ley en la Asamblea Legislativa. Recordemos que en este particular Costa Rica aprobó en el año 2019 con firma del entonces presidente Carlos Alvarado la ley 9796 que recortó y topó las denominadas “pensiones de lujo” cuyos montos excedieran los ₡2.2 millones. Durante su tramitación el criterio de los magistrados de la Sala Constitucional fue que las pensiones no podían realizar contribuciones al Estado en porcentajes mayores al 55% sobre el monto bruto devengado, En ese particular es donde Hidalgo Bogantes apunta que el Poder Ejecutivo puede hacer más, y fueron parte de sus declaraciones durante la entrevista que sostuvo con La Reacción en el espacio “Inteligencia Electoral”. “Una de las cosas que dicen no puede hacerse nada más es porque hay un convenio de la OIT que impide se pueda gravar por encima del 55% las pensiones de lujo, pues bueno el país puede denunciar ese convenio de la OIT; es una prerrogativa absoluta del Poder Ejecutivo denunciar un convenio internacional sin tener que pasar por la Asamblea Legislativa, entonces claro que se puede hacer más”, manifestó el aspirante socialcristiano. Esta revelación de Hidalgo llega justo cuando el Gobierno de la República anunció que denunció las pensiones de lujo ante la Corte Interamericana de Derechos Humanos (CIDH). Con este comunicado la administración de Rodrigo Chaves anuncia un nuevo paso contra las pensiones de lujo, sin embargo el aspirante de la Unidad Social Cristiana sostiene que desde antes era posible tomar otras medidas. Durante su participación en el espacio con el originario de San Carlos se trataron temas también como los temas prioritarios de una eventual administración de la Unidad Social Cristiana, y reiteró que como el tiempo es escaso los esfuerzos irán en la vía de la seguridad y la educación. Pero también conversamos con él sobre el estado de situación del partido, y las separaciones de los cinco diputados de la actual bancada tras negarse a votar el levantamiento de la inmunidad del mandatario Rodrigo Chaves, sin embargo más allá de eso llamó la atención la decisión del otrora fundador del partido, el expresidente de la República Rafael Ángel Calderón Fournier. Hidalgo lamentó la decisión del mandatario en el periodo 1990-1994, pero dijo que lo respetaba. “Con don Rafael Ángel tengo una relación muy cercana porque somos familia, es primo segundo mío y por supuesto que lo estimo muchísimo a nivel personal, pero al final de cuentas esos desencuentros políticos que hubo al él salirse del partido siguen muy vigentes, y él toma la decisión de apoyar a una candidata que respeto mucho, pero que no recoge los valores del partido que él fundó. Acá está la herencia socialcristiana, acá están las banderas que enarbola la carta socialcristiana y fielmente reflejadas en nuestro plan de Gobierno”, expresó. Incluso el aspirante manifestó que muchas personas se muestran desconcertadas con la decisión del ex mandatario. La Reacción procurará contar en el espacio “Inteligencia Electoral” con los veinte aspirantes a la presidencia de la República, este viernes a partir de las 9 de la mañana conversaremos con el ex ministro de Obras Públicas y Transportes y actual candidato del Partido Integración Nacional, Luis Amador Jiménez. Repase la conversación completa con Juan Carlos Hidalgo a continuación.|es|Campo obligatorio nulo: publication_date
lareaccioncr|https://lareaccioncr.com/2026/01/13/boris-molina-eugenia-zamora-y-carlo-diaz-le-hicieron-mucho-ruido-al-proceso-electoral/|Boris Molina: “Eugenia Zamora y Carlo Díaz le hicieron mucho ruido al proceso electoral”||2026-05-16 09:07:48|protagonistas|Aspirante presidencial de Unión Costarricense Democrática afirma que realmente falta de recursos económicos lo hacen estar bajo el margen de error. Para el candidato presidencial del Partido Unión Costarricense Democrática, Boris Molina Acevedo tanto la presidente del Tribunal Supremo de Elecciones, Eugenia Zamora; y el fiscal general de la República, Carlo Díaz; provocaron un ruido innecesario en el proceso electoral con los dos procesos a la fecha que buscaron el levantamiento de la inmunidad del presidente de la República, Rodrigo Chaves. Estas fueron parte de las declaraciones que brindó el también abogado penalista durante el espacio “Inteligencia Electoral” de La Reacción este martes 13 de enero cuando se le cuestionó sobre las razones por las cuales pidió a la Asamblea Legislativa no levantar el fuero de protección del mandatario por los casos “Cariñitos del BCIE” y las investigaciones por aparente beligerancia electoral. “No importa lo que hiciera el Tribunal Supremo de Elecciones ni la Corte Suprema de Justicia, entonces era fundamental que nos dejaran a los 20 candidatos ser candidatos porque el candidato más importante de este proceso electoral se llama Rodrigo Chaves Robles, él ha tenido todos los focos, los reflejos; solo de él se habla, entonces nos opacó por completo”, externó el aspirante. Molina sostiene que tanto Zamora como Díaz no los dejaron ser candidatos, y esos procesos no iba a pasar nada, y con el afán de hacerle daño a Rodrigo Chaves nos terminaron haciendo daño a todos por defender la legalidad. Sin embargo no por eso quién además aspira a una candidatura a diputado por la provincia de San José es menos crítico de la actual administración, en especial en el planteamiento de las reformas en materia de seguridad. “Rodrigo Chaves es un tirano, un tirano no somete a consenso sus decisiones, quiere imponerlas; ahí está el grave problema. Costa Rica no es un país de tiranos, es un país de consensos. Si usted no tiene la capacidad de convencer a 57 diputados para que le echen la mano a un proyecto es un incpaz, eso es lo que le pasa a él y a este partido. Por eso ahora están desesperados por llevar 40 diputados y hacer lo que les da la gana, que no va a pasar, entonces ganen o pierdan no van a estar dispuestos al consenso”, advirtió el abogado quién salió a la luz pública luego de defender a un grupo de las familias que demandaron al Estado años atrás por la prohibición en la práctica de la Fertilización In Vitro (FIV). En otros temas que tocó durante nuestra conversación abordó las dificultades que enfrenta como aspirante presidencial ante la carencia de recursos económicos para poder posicionarse de mejor forma ante las opciones de los electores. “El sistema está hecho para que quién tenga más recursos cuente con más facilidades, entonces en este momento que llegamos a quince días de las elecciones y no hemos salido de ese margen tiene que ver más con el dinero más que con la capacidad de convencer porque en las encuestas más serias que se han hecho, la parte que no sacan a relucir que es el saldo de aprobación por ejemplo yo tengo un saldo de aprobación del ochenta por ciento, mientras que Laura Fernández tiene apenas un cincuenta por ciento”, exclamó. La Reacción procurará contar en Inteligencia Electoral con los 20 aspirantes a la presidencia de la República antes del próximo 1° de febrero, este miércoles 14 de enero nos acompañará el candidato del partido Aquí Costa Rica Manda, Ronny Castillo.|es|Campo obligatorio nulo: publication_date
lareaccioncr|https://lareaccioncr.com/2026/01/12/fernando-zamora-precios-de-granos-basicos-bajaron-para-campana-electoral/|Fernando Zamora: «Precios de granos básicos bajaron para campaña electoral»||2026-05-16 09:07:48|protagonistas|Aspirante presidencial reconoce añorar época «Volvamos a la tierra» que caracterizó campaña electoral del expresidente Luis Alberto Monge Álvarez (qdDg) El aspirante presidencial del Partido Nueva Generación, Fernando Zamora afirma que los importadores de granos básicos tal es el caso del arroz y los frijoles bajan de precio en estos momentos, pero de forma meramente estratégica y coincidente con la campaña electoral. De esta manera Zamora Castellanos defendió su propuesta en el área económica para contrarrestar las políticas de la presente administración que afirman destruyeron hasta el momento empleos en las zonas rurales entre quienes producen por ejemplo arroz, frijoles, papa o cebolla. También destacó su formal oposición a que Costa Rica continúe su camino de incorporación al Acuerdo Transpacífico, camino que inició con la presente administración, pese a que coincide y apoya los acuerdos comerciales ya establecidos en el país, y que según su visión no representa una amenaza para el sector productivo nacional. “Eso no significa que Costa Rica debe abrirse de manera inmesericorde en temas como los que somos buenos como granos básicos que siempre hemos sido sembradores, papa, hortalizas, cebolla; y que empecemos a inundar el mercado por una política irresponsable contra la producción, y desarrollar acuerdos como Transpacífico o Alianza del Pacífico que esos sí serían irresponsables con la producción nacional”, manifestó. Estas fueron parte de las declaraciones que Zamora Castellanos externó durante el espacio “Inteligencia Electoral” de La Reacción este lunes 12 de enero. El aspirante presidencial descartó las afirmaciones en torno a los estudios y señalamientos que recomendaron años atrás la eliminación de los aranceles en torno al arroz, acciones que ejecutó la presente administración con la denominada “Ruta del Arroz”. “Cuando se empezó a desarrollar la importación masiva, el arroz no solo no bajó como decís vos para proteger al consumidor; el arroz más bien según el INEC subió 4.33% cuando ya estaba en manos de los importadores porque la naturaleza humana es codiciosa, cuando ya monopolizaron el mercado para qué iban a bajar el precio si no solo se ganaban el margen de intermediación, no pagaban impuestos, habían acabado con la competencia, ¿qué fue lo que hicieron? Ahora en campaña la bajaron ahora sí está en campaña”, sintetizó. Zamora es de los que sostiene que una vez pasada la campaña electoral el precio del arroz, grano básico de mayor consumo entre los costarricenses volverá a subir. El aspirante reconoció que en efecto vislumbra en la modernidad acoger aquella frase de campaña del expresidente de la República, Luis Alberto Monge (qdDg) sobre “volvamos a la tierra”. “Absolutamente que no significa y no se me confunda con el estilo de aquel hombre los Jemeres Rojos que convirtió a Camboya en solo actividad agrícola. Vamos a entrarle fuerte a la actividad de las zonas francas, necesitamos más zonas francas de tecnología, necesitamos más zonas francas de nanotecnología, de productos médicos para exportar, de chips electrónicos para exportar a Estados Unidos. Yo quiero que las zonas francas y la tecnología se fortalezca, pero también quiero que Costa Rica tenga actividad industrial, productiva y sí volvamos a la tierra también”, fue su frase de cierre. La Reacción mantendrá el espacio de “Inteligencia Electoral” durante el mes de enero con conversaciones con los aspirantes presidenciales de cara al próximo 1° de febrero. Este martes 13 de enero conversaremos con Boris Molina Acevedo; aspirante presidencial de Unión Costarricense Democrática. Repase la conversación con Fernando Zamora a continuación.|es|Campo obligatorio nulo: publication_date
lareaccioncr|https://lareaccioncr.com/2026/01/09/tse-estudia-prohibicion-a-gobiernos-extranjeros-de-hablar-sobre-proceso-electoral/|TSE estudia prohibición a gobiernos extranjeros de hablar sobre proceso electoral||2026-05-16 09:07:48|politica|Aunque ya la Constitución Política establece prohibición de injerencia de gobiernos extranjeros en asuntos propios de la nación, el órgano electoral estudia una solicitud de amparo relacionado con expresiones del presidente de El Salvador, Nayib Bukele. El Tribunal Supremo de Elecciones (TSE) reconoció que estudia la eventualidad de un recurso de amparo electoral que iría en la línea de impedir o delimitar la posible injerencia de gobiernos extranjeros en los procesos electorales nacionales. Dicha acción se sustenta en una primera intervención que ocurrió el pasado mes de setiembre cuando el presidente de El Salvador, Nayib Bukele envió un mensaje mediante video, que fue reproducido por las conferencias de prensa que se realizan en Casa Presidencial el pasado 24 de setiembre; tan solo a una semana de que se realizara la convocatoria de las elecciones nacionales, que ocurrió el 1° de octubre. En dicho videoclip Bukele celebra y felicita a Rodrigo Chaves por la colocación de escáneres e inicio de la construcción de la megacárcel. “Cuando un gobierno toma las riendas y pone el orden y la seguridad como prioridad se puede lograr hasta lo imposible. Si la próxima administración le da continuidad a los proyectos de este gobierno no dudo que los mejores tiempos de Costa Rica están por venir, una Costa Rica más segura y más próspera”, fueron parte de las declaraciones del mandatario salvadoreño en aquella oportunidad. Este fue el video dado a conocer por el mandatario salvadoreño, Nayib Bukele donde felicitó al presidente Rodrigo Chaves por avances en materia de seguridad. La Reacción le planteó a la magistrada presidente del Tribunal Supremo de Elecciones, Eugenia Zamora si existía alguna forma en que el órgano electoral pueda referirse, impedir o dar cuenta de manifestaciones de mandatarios extranjeros en torno al proceso electoral propio de Costa Rica. Esto luego de que este medio tuviera acceso a información confidencial de que se estaría en preparación o evaluación de una visita del mandatario estadounidense Donald Trump como una visita de estado. Fue ahí donde Zamora externó que estudian establecer una jurisprudencia a partir de un recurso de amparo que estudian los magistrados electorales. “Tenemos un caso en este momento que involucra al presidente de El Salvador, pero de alguna manera el criterio que comunique el tribunal en ese amparo va a fijar a su vez la pauta para cualquiera otra situación que sucediera similar a lo señalado en términos hipóteticos. Pienso que debemos esperar a ese análisis del tribunal y se pronuncie al respecto no estaríamos en posición de analizarlo. También recordemos que en materia de relaciones exteriores que es competencia de acuerdo con nuestra Constitución Política como usted bien lo señala del Ministerio de Relaciones Exteriores y Culto; de manera tal que cualquier tema que toque esta materia tendrá que pasar por ese espacio”, explicó la presidente del órgano electoral. En el caso del vecino país de Honduras, el mandatario estadounidense Donald Trump escribió a través de su red social “Truth Social” lo siguiente que generó alertas por un aparente acto de injerencia. “La democracia está en tela de juicio en las próximas elecciones en el hermoso país de Honduras el 30 de noviembre. ¿Maduro y sus narcoterroristas tomaran el control de otro país como lo hicieron con Cuba, Nicaragua y Venezuela? Quien defiende la democracia y lucha contra Maduro es Tito Asfura…”; entre una serie más de afirmaciones. Este fue el post en Truth Social que Donald Trump publicó el 26 de noviembre de 2025, justo cuatro días antes de los comicios en el vecino país de Centroamérica. Finalmente en medio de las dudas y de un proceso electoral sumamente cerrado, y que tardó cerca de un mes para declarar un ganador en efecto Asfura fue declarado como el presidente electo de Honduras. Repase las declaraciones de Zamora a continuación como parte de la conferencia de prensa de este viernes en la bodega Las Brisas en San Rafael Abajo de Desamparados.|es|Campo obligatorio nulo: publication_date
lareaccioncr|https://lareaccioncr.com/2026/01/09/lunes-12-de-enero-empezara-distribucion-de-material-electoral/|Lunes 12 de enero empezará distribución de material electoral||2026-05-16 09:07:48|politica|Proceso de entrega llevará acompañamiento permanente de la Fuerza Pública hasta que llegue a manos de la Juntas cantonales, quienes resguardarán el material hasta el próximo 1° de febrero El cantón central de San José, Alajuelita, Escazú, Montes de Oca, Curridabat y Dota de la capital, Belén, Flores, Santa Barbara de la provincia de Heredia, y los cartagineses de La Unión y cantón central serán las primeras localidades que recibirán el material electoral. La distribución de las tulas con el material empezará el próximo lunes 12 de enero con un total del 28% de la totalidad, y según el cronograma y estimaciones legales del Código Electoral para el próximo sábado 17 de enero deberán estar completa la entrega del material electoral a las juntas cantonales, estas serán las encargadas de resguardar toda la documentación hasta el próximo 1° de febrero, día de las elecciones nacionales. El empaque de todos los materiales a distribuirse en las 7154 juntas receptoras de votos empezó este jueves 8 de enero, así lo detallaron las autoridades del Tribunal Supremo de Elecciones durante una conferencia de prensa desarrollada en la bodega de Las Brisas, ubicada en San Rafael Abajo de Desamparados; lugar desde donde saldrán los materiales hacia las juntas cantonales. Según explicó el director interino de Registro Electoral y de Financiamiento de los Partidos Políticos, Gerardo Abarca; el proceso tendrá una vigilancia y acompañamiento permanente de la Fuerza Pública. “Cuando una ruta de distribución sale hay un vehículo que escolta o que acompaña a cada uno de esos camiones donde va un coordinador de ruta que es un funcionario del Tribunal Supremo de Elecciones acompañado de manera permanente desde que sale de aquí hasta que cada uno y último de esos paquetes es entregado a la junta cantonal para su custodia por un oficial de Fuerza Pública; que ha sido coordinado entre el coordinador del proceso de distribución con los directores de Fuerza Pública. De igual manera la ruta es conocida por ellos para brindar apoyo en el camino, hubo una reunión realizada ayer donde se ultimaron algunos detalles en relación con este proceso”, explicó el funcionario. En el proceso de empaque del proceso electoral participan un total de 95 funcionarios, que lo realizan en dos turnos entre las 6:30 de la mañana hasta las 02:30 de la tarde, y de las 2 de la tarde hasta las 9 de la noche. El empaque del material electoral se estima finalizará por parte del órgano electoral el próximo 15 de enero, aunque lo concerniente al material que se utilizará en el voto en el extranjero ya fue enviado a los diferentes consulados donde se desarrollará el proceso de las elecciones el próximo 1° de febrero. Dentro de cada una de las tulas deberá ir de forma correspondiente lo siguiente: un paquete de papeletas blancas para la elección presidencial y de vicepresidentes, otro de color celeste para las diputaciones, se incluirán lapiceros para los integrantes de la mesa, un padrón registro que contiene las actas de apertura y clausura de la Junta Receptora de Votos, hojas para anotar las incidencias y los nombres, número de cédula y fotografías de los electores enlistados en la respectiva de la Junta Receptora de Votos, urnas, lista de votantes para colocarse a la salida de las aulas, cartelones con los nombres de las candidaturas legislativas y crayones anaranjados para la emisión del voto, sobres rotulados para depositar las papeletas, marchamos de seguridad y otros materiales menores como tijeras. bolsas de seguridad, cinta engomada, entre otros. Repase a continuación todos los detalles en la conferencia dada por el órgano electoral a continuación.|es|Campo obligatorio nulo: publication_date
lareaccioncr|https://lareaccioncr.com/2026/01/08/movimiento-devuelvanos-el-rop-urge-aprobar-proyectos-de-ley-antes-de-mayo/|Movimiento Devuelvános el ROP urge aprobar proyectos de ley antes de mayo||2026-05-16 09:07:48|mercados|Grupo ciudadano insiste en que accionar de Supen y operadoras les violenta sus derechos Los integrantes del Movimiento Ciudadano Devuelvános el ROP reiteraron que van a insistir en la aprobación de los proyectos de ley existentes en la Asamblea Legislativa concernientes a la entrega de los dineros del Régimen Obligatorio de Pensiones; montos que están depositados y son gestionados por las Operadoras Complementarias de Pensiones (OPC). Para ello afirman estarán presentes durante las sesiones de la Comisión Permanente de Asuntos Sociales y del Plenario Legislativo a partir del próximo lunes cuando los diputados retomen sus funciones en el tramo final de su periodo de nombramiento antes de las elecciones nacionales del próximo 1° de febrero. Es decir, según este movimiento ciudadano la idea es no tener que esperar al cambio de Gobierno para que se den los cambios respectivos en la Este jueves Walter Quesada representante de la Asociación Nacional de Empleados Públicos y Privados (ANEP), Oscar García y Asdrubal Reyes; representantes del Movimiento Nacional por los Derechos del ROP junto con Gary Perry conversaron en La Reacción sobre sus preocupaciones acerca de las solicitudes para motivar el retorno de los dineros de las pensiones complementarias. Los voceros rechazaron que sus acciones estén en la línea de convertir su lucha en un tema de índole meramente político. “Queremos que los señores candidatos a la presidencia tengan una posición clara, un apoyo firme y real de ellos para lograr este proyecto. No se vale que ahora nos digan que van a devolvernos el ROP, voten por nosotros y al final se nos va olvidar. Nosotros buscamos que se haga justicia con un grupo de personas que quedamos desamparadas desde el 2022 para acá”, explicó García en el espacio. Los voceros y representantes del movimiento reiteraron que desde las operadoras y algunos ciudadanos les han dado un trato discriminatorio, al afirmar entre otros que no saben manejar sus recursos, y que esa es parte de las razones que motivan el no entregar los recursos depositados en las cuentas individuales. “No son montos millonarios lo que vamos a recibir, es el ahorro que hemos logrado y eso en alguna medida nos va a servir para resolver necesidades inmediatas de salud. Imagínese que hay listas de compañeros que han fallecido y no pudieron retirar el ROP; eso es una injusticia porque con ese dinero pudieron haber pagado un servicio especializado en salud y no tuvieron acceso a ese dinero, y ahora están peleando por quién le toca ese dinero, eso es una injusticia”, manifestó Asdrubal Reyes. Los voceros de este movimiento afirman y sostienen que desde la propia Superintendencia existe información confusa y el trato hacia los propios trabajadores es una donde no pueden dar certeza de lo que se menciona. En la actualidad, cuatro proyectos de ley hacen fila en el trámite legislativo que proponen distintos mecanismos para lograr la devolución del ROP; uno de ellos es del diputado independiente Gilberth Jiménez, otro de la oficialista Ada Acuña, un tercero de la frenteamplista Rocío Alfaro; y por último un cuarto que está en la Comisión de Asuntos Jurídicos impulsado por el jefe de fracción de Liberación Nacional, Oscar Izquierdo. Tanto el superintendente de pensiones, Hermes Alvarado; como los gerentes de las operadoras de pensiones expresaron en distintos espacios a finales del año pasado su oposición a que se dé la entrega de estos dineros. A continuación puede repasar nuestra conversación con el Movimiento.|es|Campo obligatorio nulo: publication_date
lareaccioncr|https://lareaccioncr.com/2026/01/07/ana-virginia-calzada-si-hay-un-tico-con-corona-ese-es-rodrigo-chaves/|Ana Virginia Calzada: «Si hay un tico con corona ese es Rodrigo Chaves»||2026-05-16 09:07:48|politica|Ex magistrada y ex presidente de la Sala Constitucional defiende que no la pueden llamar pensionada de lujo si cotizó por espacio de 26 años para su dinero de retiro. Para la candidata presidencial del Partido Centro Democrático y Social, Ana Virginia Calzada; si hay un tico con corona ese es Rodrigo Chaves. Sus declaraciones fueron parte de la entrevista que la aspirante sostuvo con La Reacción en el espacio Inteligencia Electoral. El actual mandatario utilizó en no pocas ocasiones dicha calificación para referirse a ciudadanos y personas en el ámbito político que como en el caso de Calzada recibe un monto de pensión, cuyo monto es superior a los otorgados por el Régimen de Invalidez, Vejez y Muerte (IVM) de la Caja Costarricense de Seguro Social. “Yo coticé por mi pensión proporcialmente durante esos veintiséis años más los diez que llevo de estar pensionada. Tico con corona es él, si se le puede decir tico porque tiene muchos años de no vivir en este país. Pero tico con corona es él que con cuatro años de cotizar va a tener una pensión de cinco o más de cinco millones de colones con solo haber cotizado cuatro años. Va a recibir una pensión de cinco millones y pico que es mucho mayor que la que yo recibo si sumo los veintiséis de ejercicio profesional más diez aproximadamente que llevo de pensionada; 36 años de estar cotizando a un sistema. Así que si hablamos de ticos con corona que piensen que el primero se llama Rodrigo Chaves”, manifestó. La aspirante, quien durante su vida laboral ocupó cargos públicos como magistrada de la Sala Constitucional ye además presidente de esa cámara constituyente del Poder Judicial generó crispaciones en el ámbito político nacional con un spot, creación del productor Geovanni Bulgarelli; donde entre otros se afirma que Costa Rica vive en un infierno, y compara el voto hacia el oficialismo como venderle el alma al diablo. Al respecto, la líder del oficialismo en la Asamblea Legislativa, Pilar Cisneros respondió que cuando Calzada salga del margen de error le respondería por los señalamientos en el videoclip. En cuanto a los señalamientos que le hacen por el monto de su pensión la aspirante afirmó que llamarle así es parte de los ataques populistas. “Me pasaron porque yo lo pedí, el monto que cotizo anualmente y son 47 millones de colones, eso es lo que yo aporto al Estado, cosa que no hacen algunas empresas ni algunas personas que evaden su obligación fiscal en este país. Entonces creo que el término utilizado ellos de pensión de lujo, además de que es inexistente es un término populista que es lógico lo utilizan para desacreditarme porque no pueden achacarme ninguna otra cosa”, enfatizó. La Reacción procurará durante el mes de enero contar con la participación de los veinte aspirantes a la presidencia de la República en espacios de Inteligencia Electoral como el que mantuvimos con Ana Virginia Calzada, mismo que puede repasar a continuación.|es|Campo obligatorio nulo: publication_date
lareaccioncr|https://lareaccioncr.com/2026/01/06/laura-fernandez-anuncia-que-participara-en-solo-cuatro-debates/|Laura Fernández anuncia que participará en solo cuatro debates||2026-05-16 09:07:48|protagonistas|Mediante un comunicado de prensa enviado por su comando de campaña este martes La candidata presidencial del Partido Pueblo Soberano (PPSO), Laura Fernández Delgado anunció que solo participará en cuatro debates de los restantes antes de las elecciones nacionales fijadas para el domingo 1° de febrero. Mediante un comunicado de prensa dado a conocer este martes por su comando de campaña, Fernández Delgado afirmó que estará presente en los contradictorios organizados por el Tribunal Supremo de Elecciones, Trivisión Canal 36, Radio Columbia y el debate organizado por Repretel Monumental. De esta manera su primera aparición en este tipo de espacios ocurrirá el próximo domingo cuando le toque el espacio de presentación de su candidatura (así lo denominó el propio Tribunal Supremo de Elecciones) donde además compartirá el espacio con los aspirantes Ronny Castillo González del Partido Aquí Costa Rica Manda, Eliecer Feinzaig Mintz del Liberal Progresista, José Aguilar Berrocal de Avanza y Claudio Alpizar Otoya de Esperanza Nacional. Posterior a eso vendrán en las siguientes semanas los encuentros en los medios Trivisión, Columbia y el conjunto de Monumental Repretel a realizarse el próximo 27 de enero. En este último espacio compartirá escenario con Álvaro Ramos, aspirante de Liberación Nacional; Claudia Dobles de Coalición Agenda Ciudadana; Ariel Robles del Frente Amplio; Juan Carlos Hidalgo de la Unidad Social Cristiana; Eliecer Feinzaig del Liberal Progresista, Natalia Díaz de Unidos Podemos y Fabricio Alvarado de Nueva República. En su manifestación para dar a conocer que estos serán los debates donde estará afirmó que su estrategia ha sido más de priorizar al pueblo. “Nuestra prioridad ha sido y seguirá siendo estar con la gente, escucharla, acompañarla y caminar junto a ella en cada rincón del país. Frente a esto, alguno rivales desesperados por atención y por números que no levantan han intentado convertir ciertos espacios de “debate” en tribunas de ataque, mentira y espectáculo. No nos prestaremos a ese juego”, reza la comunicación de la campaña de quién lidera según los estudios de opinión la intención de voto en este momento firmada por su jefe de campaña, Francisco Gamboa. De forma reciente se dio a conocer que Fernández Delgado declinó su participación en el espacio de debate que organizaría el medio Gente Opa de Canal 38; donde uno de sus principales accionistas es Carlos Valenciano Kamer; mismo que hasta hace unas horas atrás formaba parte del comando de campaña de Pueblo Soberano como encargado de las finanzas del partido.|es|Campo obligatorio nulo: publication_date
lareaccioncr|https://lareaccioncr.com/2025/12/09/pln-dice-tener-mas-de-2-mil-fiscales-de-mesa-comprometidos-para-febrero/|(VIDEO) PLN dice tener más de 2 mil fiscales de mesa comprometidos para febrero||2026-05-16 09:07:48|protagonistas|El candidato presidencial del Partido Liberación Nacional, Álvaro Ramos; afirma que están en afinamiento de los datos, pero mantienen una base sólida de auxilio electoral para el «Día E» El Partido Liberación Nacional y su candidato presidencial, Álvaro Ramos afirmaron a La Reacción que cuentan con un número superior de 2 mil ciudadanos ya comprometidos para servir como fiscal de mesa el propio 1° de febrero, fecha establecida para el proceso electoral del 2026. Ramos afirmó que las listas aún están en proceso de depuración y afinamiento para ser entregadas al Tribunal Supremo de Elecciones, y por eso brindarían el dato específico en los días venideros, sin embargo detalló que no hay preocupación sobre la disponibilidad de colaboradores del partido para acompañar el proceso electoral. «Anoche (en referencia al lunes 8 de diciembre) todavía tenía mensajes de varios dirigentes que me escribían afirmándome que estaban corriendo, pero tenían toda la información consigo de quienes colaborarían en el proceso electoral. Nuestra confianza es que es un trabajo complementario porque el Tribunal Supremo de Elecciones les paga ahora a los miembros de mesa», manifestó el aspirante liberacionista. El pasado 4 de diciembre venció el plazo para que las juntas cantonales acogiese las designaciones hechas por los partidos políticos de los integrantes propietarios y suplentes en las juntas receptoras de votos, y será el próximo 13 de diciembre cuando venza el plazo para que el Tribunal Supremo de Elecciones realice los nombramientos de los integrantes de las Juntas Receptoras de Votos (JRV) de acuerdo con el cronograma electoral previamente dado a conocer. Fuentes confidenciales de La Reacción informaron que las agrupaciones políticas en general tenían problemas para lograr la inscripción y compromiso de partidarios para servir como fiscales o miembros de mesa en las elecciones nacionales de febrero próximo, sin embargo por las palabras del aspirante verdiblanco parece que esa no es una preocupación de quienes figuran en el segundo puesto dentro de las intenciones de voto. Repase acá sus declaraciones En otra serie de temas tratados por Álvaro Ramos en una conferencia de prensa desarrollada este martes en las instalaciones del Balcón Verde en Sabana Sur afirmó que confía en los debates próximos para permitir cambiar o varias las tendencias de los indecisos que reflejan las encuestas. Al consultarle a Ramos ¿cuál era su criterio sobre la necesidad de lograr que 9 de cada 10 indecisos no vote por Laura Fernández para lograr una segunda ronda? El liberacionista, primero con algún grado de duda; desconfió de las estimaciones cuantitativas, pero reiteró que en las semanas venideras esperan cambiar algunas tendencias. «Tendría que revisar más minuciosamente esos números que usted tiene, me parece que un 90% es una cifra muy elevada. Lo que sí hemos visto es que los indecisos son personas que varían mucho sus expectativas de apoyo entre una y otra medición», reflexionó Ramos Chaves. Las encuestas de opinión y actualidad política del Centro de Investigación y Estudios en Política (CIEP) de la Universidad de Costa Rica; y del Instituto de Estudios Sociales en Población (Idespo) de la Universidad Nacional muestran que el número de indecisos decreció, pero al tomar una u otra bandera estuvieron detrás del crecimiento de la tendencia oficialista representada por la candidata del Partido Pueblo Soberano (PPSO), Laura Fernández. Acá puede seguir sus declaraciones. Alvaro Ramos también trató sus posturas sobre el nuevo Tratado de Libre Comercio (TLC) firmado entre Costa Rica e Israel, y afirmó que sea con la actual fracción de Liberación Nacional como con la posible eventual conformación verdiblanca en Cuesta de Moras no apoyarán dicho acuerdo comercial hasta tanto no se confirme que los agricultores y productores nacionales puedan garantizarse sacar provecho del mismo. Esta fue la respuesta a la consulta que le hicimos.|es|Campo obligatorio nulo: publication_date
lareaccioncr|https://lareaccioncr.com/2025/12/08/mayoria-de-votantes-de-laura-fernandez-son-hombres-mayores-de-50/|Mayoría de votantes de Laura Fernández son hombres mayores de 50||2026-05-16 09:07:48|protagonistas|Así se desprende de los resultados de la más reciente encuesta elaborada por el Instituto de Estudios Sociales en Población (Idespo) de la Universidad Nacional. La mayoría del apoyo político que ostenta la candidata del Partido Pueblo Soberano (PPSO), Laura Fernández y a la vez representante del oficialismo en el proceso electoral del 2026 está compuesto por hombres, y estos a su vez son en su mayoría tienen más de 50 años. Dichos resultados proceden de la más reciente encuesta que analizó la coyuntura política nacional de cara al proceso electoral que culminará en las elecciones de primera ronda el próximo 1º de febrero de 2026, que realizó el Instituto de Estudios Sociales en Población (Idespo) de la Universidad Nacional dados a conocer este lunes. En el dibujo que los investigadores pretendieron hacer del pérfil de los votantes se extrae que 61% de quienes afirman darán su voto a la candidata de Pueblo Soberano son hombres, y el 53% de esa cantidad tienen 50 años o más. Los resultados generales de la más reciente encuesta evidencian que Fernández Delgado se mantiene al frente de las intenciones de voto con un 32.8% de las personas encuestadas manifestando dicha posición. El número es 4.7% mayor al 28.1% de los resultados mostrados en noviembre anterior. Entre los demás candidatos la aspirante de Coalición Agenda Ciudadana, Claudia Dobles registra el segundo crecimiento más importante, pues pasó de una intención de voto 2.3% en noviembre a 5.2% en la más reciente medición. En este segundo informe de Idespo se evidencia como en otras encuestas el descenso de la población indecisa, que hoy es de 43.9%, esto para la elección presidencial y 39.8% para la elección diputadil. Al desmenuzar el perfil de esos indecisos, la mayoría son mujeres con edades entre los 18 y 34 años, con estudios de secundaria y de nivel socio económico medio y la mitad confesó ser católica en su profesión de fe. El ejercicio desarrollado por Idespo también mostró las inclinaciones de apoyo en la conformación de la próxima Asamblea Legislativa. Nuevamente acá el partido Pueblo Soberano recoge una abrumadora diferencia de apoyo con 29.5% de la población que manifestó escogerá la bandera celeste con blanco en la papeleta diputadil. Por su parte Liberación Nacional y Frente Amplio recogen el 10.8% y 6.1% de las intenciones de voto. Sin embargo esta encuesta no fue la única de este lunes, pues el Observatorio de la Comunicación Digital de la Universidad Latina dio a conocer su informe número 31 del cual se extrae tanto el comportamiento de la conversación en redes sociales en torno a la figura del presidente de la República Rodrigo Chaves; como de los contendientes para la presidencia. El hecho más llamativo es que mientras el mandatario Rodrigo Chaves registra que 45.3% de los comentarios que lo mencionan son positivos en contraposición 40.7% de los comentarios son de carácter negativo. Sin embargo a nivel electoral ninguno de los candidatos que «lideran» la intención de voto logran un ambiente positivo en la imagen digital. En la medición elaborada entre 20 de octubre y el 30 de noviembre anterior, Laura Fernández apareció 173.389 veces, y el 56.8% de las menciones fueron negativas en contraposición a 22.5% que fueron positivas. La aspirante de Coalición Agenda Ciudadana, Claudia Dobles fue mencionada 104.314 veces, 63% de las ocasiones de forma negativa y 17.7% de forma positiva; y en el tercer lugar el aspirante de Liberación Nacional alcanzó 52.937 menciones, pero 54.9% de ellas fueron negativas y 26.4% fueron positivas. La campaña política entrará en periodo de veda decretada por el Tribunal Supremo de Elecciones iniciará el próximo martes 16 de diciembre, y finalizará el 1º de enero tiempo en el cual los aspirantes solo podrán emitir un mensaje navideño con previa autorización del órgano electoral.|es|Campo obligatorio nulo: publication_date
lareaccioncr|https://lareaccioncr.com/2025/12/03/claudia-dobles-establece-meta-de-inversion-social-en-%e2%82%a1300-mil-millones-anuales/|(VIDEO) Claudia Dobles establece meta de inversión social en ₡300 mil millones anuales||2026-05-16 09:07:48|politica|Desde Coaliación Agenda Ciudadana afirman que su propuesta no es asistencialismo, y defienden que aún con regla fiscal podrán destinar dineros a estos propósitos La candidata presidencial del Partido Coalición Agenda Ciudadana, Claudia Dobles Camargo presentó este miércoles en la sede de la agrupación política en Barrio La Granja en Montes de Oca su propuesta y programa de inversión social denominado “Familias Primero”. Algunas de las metas o hitos a los cuales una eventual administración Dobles Camargo apuntaría sería un incremento de programas como becas del programa Avancemos, un incremento de los estudiantes que son atendidos en los comedores escolares hasta un número de un millón de estudiantes, la formalización de las 5 mil cocineras que tiene en este momento el Ministerio de Educación Pública para que pasen a ser parte de la planilla estatal, un total de 38 mil bonos de vivienda al 2030 y hasta 30 mil nuevas pensiones en el Régimen No Contributivo de la Caja Costarricense de Seguro Social. Acompañada de figuras conocidas en la función pública durante las administraciones del Partido Acción Ciudadana como la expresidente ejecutiva de Japdeva y actual candidata a la primera vicepresidencia Andrea Centeno, la ex vicepresidente de la República Ana Helena Chacón y el ex ministro de Hacienda Elian Villegas es como la agrupación lanzó esta serie de propuestas. De acuerdo con Dobles Camargo el enfoque del programa es procurar que las personas en Costa Rica por ejemplo en el caso de estudiantes de primaria puedan tener acceso a alimentación, que las personas adultas mayores tengan los recursos adecuados para poder sustentarse o mantenerse, entre otra serie de prerrogativas que manifestaron. La aspirante presidencial eso sí fue enfática en que su propuesta no tiene en absoluto las características de un programa de asistencialismo hacia las poblaciones anteriormente mencionadas. “De entrada rechazo pensar siquiera que las familias costarricenses que necesitan apoyo para crecer y crear más y mejores oportunidades para ellas mismas quieren que se les dé asistencia. Las familias costarricenses lo que quieren es apoyo en las condiciones que les permitan crecer, la gente lo que quiere es ganarse el dinero de manera honrada y digna. Lamentablemente lo que está pasando es que si usted es una mujer jefa de hogar que no tiene quién le cuide a sus hijos está muy limitada en cuanto a las capacidades y posibilidades que tiene de salir a buscar un trabajo digno o capacitarse para un empleo”, apuntó la aspirante. En Agenda Ciudadana defendieron que el cálculo de los recursos económicos necesarios para el financiamiento de un plan de estas características están hechos con responsabilidad, según afirman con base en la experiencia y conocimiento que tienen de manejo de las finanzas públicas. Incluso el ex ministro de Hacienda Villegas enfatizó que aún con la existencia de la regla fiscal sí es posible incrementar el gasto social. “Una parte importante del gasto social está fuera de la regla fiscal, y así está establecido por ley si mal no me acuerdo aprobado en el 2022 extrayendo de la aplicación de la regla fiscal todo lo que viene del Fondo de Asignaciones Familiares; eso se sacó. En segundo lugar y que tiene que ver con la regla fiscal y es que usted tiene un porcentaje de aumento que digamos podría ser hasta de un tres por ciento, que podrían llegar a ser por decirlo de alguna manera doscientos mil millones, y no es que ese 3 por ciento usted de lo da a Hacienda, Economía, etc; si no que lo que usted haría es priorizar programas dentro del Gobierno, entonces usted puede definir un 1% para Hacienda, pero la diferencia va a programas sociales, y así con otro monto de ministerios el diferencial puede ir a programas sociales”, explicó el ex jerarca. Dobles reiteró que las cifras del Estado de la Nación evidencian que el país desmejoró considerablemente la inversión social, y para los académicos la inversión social es un movilizador social. Las distintas cifras en torno a la presente administración es que 135 mil becas del programa Avancemos fueron retiradas, aunque el Gobierno definió que se trata de una priorización y redireccionamiento de los dineros a otras personas que lo puedan necesitar. Repase las declaraciones a continuación|es|Campo obligatorio nulo: publication_date
lareaccioncr|https://lareaccioncr.com/2025/11/27/garantizan-los-candidatos-presidenciales-destinar-el-8-del-pib-a-la-educacion/|¿Garantizan los candidatos presidenciales destinar el 8% del PIB a la educación?||2026-05-16 09:07:48|protagonistas|Candidatos presidenciales participaron de un nuevo debate en las instalaciones de Jupema La Constitución Política de Costa Rica especifica que el presupuesto destinado al tema de la educación debe ser anualmente del 8% del Producto Interno Bruto, sin embargo en ningún momento de la historia desde que esa reforma fue incorporada a la Carta Magna la misma se ha garantizado. Con miras al proceso electoral del próximo 1° de febrero La Reacción consultó a los aspirantes presidenciales que estuvieron presentes en el debate organizado por el Sindicato de Trabajadores de la Educación Costarricense (SEC) si garantizarían el destino de la totalidad de los recursos. Desde la óptica de Fernando Zamora, candidato del Partido Nueva Generación, que además es abogado constitucionalista sostiene que los recursos deben en efecto garantizarse. Una línea similar manifestaron Claudia Dobles, Ana Virginia Calzada, Boris Molina y José Aguilar; partícipes de la primera parte del mencionado encuentro. La mayoría coincidió en que esa cifra del PIB es un derrotero, sin embargo al que no se llega en un solo paso si no en un giro progresivo de los recursos. Esa fue la visión específica de Dobles Camargo. “Nosotros nos estamos enfocando en lo que ha señalado el Estado de la Educación de que debe ser un 8% la inversión, pero eso debe hacerse de manera progresiva. La próxima administración tiene que hacer una mayor inversión en educación y nosotros nos estamos comprometiendo a llegar a 600 mil millones en el 2030, alineado a lo que ha explicado el Estado de la Educación”, puntualizó. “Nunca se ha cumplido, pero hay que aspirar a llegar a esa suma. El Estado de la Educación nos da una ruta que tenemos que seguir”, afirmó el aspirante de Unión Costarricense Democrática ante la cuestionante. Mientras tanto la ex magistrada de la Sala Constitucional Ana Virginia Calzada afirma que Costa Rica olvidó los principios sobre los cuales se basa el sistema democrático y es la educación como herramienta. “Nosotros escogimos en algún momento de nuestra historia tener maestros en lugar de ejercito, y yo creo que el sistema les ha venido fallando. Por ejemplo tenemos la ley de empleo público, tenemos el congelamiento de las pensiones del Magisterio desde el 2020 y la ley antihuelgas. Esos son temas y factores que están incidiendo en todo lo que señala Colypro en su informe”, manifestó la aspirante del Centro Democrático y Social. Mientras tanto el representante de Avanza afirmó que la inversión es necesaria para que la educación académica transicione a una educación técnica, lo cual sería invertir en colegios científicos además de la inversión social conectada a ese sistema educativo. La Reacción quiso conocer cuáles serían las acciones fundamentales que los aspirantes presidenciales acometerían para atender las problemáticas en materia de educación en caso de ganar el proceso electoral el próximo domingo 1° de febrero. Por parte de la aspirante de la aspirante del Centro Democrático y Social, Ana Virginia Calzada mencionó el incremento de la inversión para acercarse a ese 8% constitucional y atender el problema de infraestructura educativa. El aspirante presidencial de Nueva Generación, Fernando Zamora afirma que en su plan de gobierno está como pasos fundamentales definir una ruta de educación que en este momento a su parecer está ausente, una reforma de malla curricular y con una evaluación de los métodos de evaluación y una reforma de la labor que asumen hasta el momento los educadores sobrecargados de labores administrativas. Mientras tanto Claudia Dobles definió que lo fundamental es su apreciación es incrementar la inversión en educación, digitalizar el Ministerio de Educación Pública para eficientizar, identificar duplicidades y reducir la carga administrativa y concentrarse en el perfil del bienestar de los docentes para poder garantizar así también el bienestar de los estudiantes. Puede repasar las propuestas de los otros candidatos presidenciales en el siguiente video que acompaña esta información.|es|Campo obligatorio nulo: publication_date
lareaccioncr|https://lareaccioncr.com/2025/11/21/tse-resalta-que-todos-los-expresidentes-cumplieron-reglas-del-juego-electoral/|TSE resalta que todos los expresidentes cumplieron reglas del juego electoral||2026-05-16 09:07:48|politica|Ocho expresidentes de la república firmaron carta de apoyo al TSE y pidieron calma a la comunidad internacional tras solicitud de reunión con embajadora costarricense de congresista estadounidense. La magistrada presidenta del Tribunal Supremo de Elecciones, Eugenia Zamora, agradeció y enalteció el acto de apoyo que ocho expresidentes de la República manifestaron al órgano electoral este viernes, donde entre otros pidieron a la comunidad internacional mesura en cuanto a las opiniones sobre los comicios nacionales a desarrollarse el próximo 1° de febrero. La misiva firmada por Rafael Ángel Calderón Fournier, José María Figueres Olsen, Miguel Ángel Rodríguez Echeverría, Abel Pacheco de la Espriella, Oscar Arias Sánchez, Laura Chinchilla Miranda, Luis Guillermo Solís Rivera y Carlos Alvarado Quesada fue la respuesta luego del anuncio del congresista estadounidense Mario Díaz Balart. El representante del distrito 26 de La Florida solicitó una reunión con la embajadora de Costa Rica en Washington, Catalina Crespo tras manifestar preocupación por las medidas que buscarían levantar el fuero de protección del mandatario Rodrigo Chaves para enfrentar procesos de presunta beligerancia política. Este viernes el Tribunal Supremo de Elecciones tuvo conferencia de prensa para adelantar aspectos del proceso electoral, y durante la conferencia La Reacción aprovechó para solicitar una valoración a Zamora sobre esta comunicación de los exmandatarios. “Agradecerles muchísimo creo importante resaltar que ellos en primer lugar manifiestan su confianza al Tribunal Supremo de Elecciones, su confianza al proceso electoral costarricense que recordemos que es un proceso en gran parte ciudadanizado, es decir hay una gran parte de nuestro proceso que pasa a manos de nuestros compatriotas a la hora de acercarse a la votación”, recordó la funcionaria electoral. Zamora destacó, además, que los ocho mandatarios provienen de banderas políticas distintas. “Ellos resaltan que pertenecen a tres partidos políticos distintos que ganaron en sus justas electorales y resaltan también que en los casos específicos cumplieron las reglas electorales de acuerdo al mandato que recibieron del pueblo, y que el 8 de mayo de cada cuatro años juraron ante la Asamblea Legislativa que son los representantes del pueblo respetar la Constitución y la ley”, amplió en sus declaraciones. Mientras tanto, el presidente Chaves también se refirió a este nota en particular durante la breve reunión bilateral que sostuvo con su homólogo panameño, José Raúl Mulino en las instalaciones del Teatro Nacional. Chaves reiteró que los mandatarios firmantes de la carta forman parte de esa estructura de poder que por 75 años tuvieron el control del poder político en el país a través del bipartidismo, y mantuvo su afrenta a las acciones provenientes del Tribunal, y las críticas contra la magistrada presidente Eugenia Zamora. Puede observar las declaraciones de la magistrada Eugenia Zamora a continuación:|es|Campo obligatorio nulo: publication_date
lareaccioncr|https://lareaccioncr.com/2025/11/12/video-fees-deberia-destinarse-a-carreras-con-mas-demanda-laboral-afirma-abril-gordienko/|(Video) FEES debería destinarse a carreras con más demanda laboral, afirma Abril Gordienko||2026-05-16 09:07:48|protagonistas|Figura como candidata en el primer lugar por San José en el Partido Unidad Social Cristiana. La candidata a diputada en el primer lugar por la provincia de San José por el Partido Unidad Social Cristiana, Abril Gordienko López, es consciente de que el dinero destinado de forma anual y por mandato constitucional al Fondo Especial para la Educación Superior (FEES) debería ir destinada a carreras con mayor demanda laboral en el mercado. Gordienko es, además de candidata a diputada una de las constructoras del plan de Gobierno de la agrupación política que lleva a Juan Carlos Hidalgo como candidato presidencial en el eje que corresponde a educación. La aspirante, abogada y catedrática atendió los micrófonos de La Reacción al cierre del acto que dio a conocer la hoja de ruta de la agrupación para hablar sobre su cosmovisión de este tema en particular, y uno de los aspectos que tocó fue preciso la discusión y destino de los recursos del denominado y conocido FEES. “A mí me gustaría ver más recursos dirigidos a las universidades que tienen más salida en este momento o más demanda por llamarlo de otra forma, y algo que está en nuestro plan de Gobierno y que me parece atinado y necesario que vinculemos y las universidades destinen más recursos a investigación y desarrollo. Son las pocas instituciones que investigan en Costa Rica, pero no logramos que se investigue lo suficiente, pero sobre todo que lo hagan vinculado a las necesidades del sector industrial, agropecuario, medicina o ciencias en general”, explicó. De esta manera según Gordienko no se trataría solo de que las universidades investiguen para satisfacer una curiosidad, si no que haya réditos para Costa Rica en muchos otros aspectos. En cuanto al estado actual de los recursos destinados en educación, para Gordienko la situación del sistema educativo en Costa Rica amerita un accionamiento en todos los frentes, pues en su parecer todo urge y necesita accionamiento frontal, y donde ha faltado hasta el momento capacidad operativa. “Estamos con todos los males juntos: poco dinero y el dinero no está bien invertido. Creo que no había plan claro de que quería hacerse. Creo que estamos contra el tiempo donde tenemos que ver dónde se está destinando el dinero, dónde hay duplicidad o desperdicio en recursos y también la necesidad de enfocarse en aquello que genera impacto de manera rápida, por ejemplo la infraestructura”, explicó. Costa Rica tiene en este particular según las estadísticas del propio Ministerio de Educación Pública (MEP) al pasado mes de julio casi 900 ordenes sanitarias de distinto orden que pesan sobre escuelas y colegios en todo el territorio nacional. Mientras tanto, la Dirección de Infraestructura Educativa del propio MEP en el marco del Programa de Emergencia para la Reconstrucción Integral y Resiliente de Infraestructura (PROERI) hay una expectativa de atender e intervenir 502 obras de infraestructura educativa. Repase la entrevista completa a continuación:|es|Campo obligatorio nulo: publication_date
lareaccioncr|https://lareaccioncr.com/2024/05/11/rodrigo-arias-reeleccion-referendum-rodrigo-chaves-y-apagones/|Rodrigo Arias: reelección, referéndum, Rodrigo Chaves y apagones||2026-05-16 09:07:48|reacciones|A raíz de la crisis eléctrica que se vivirá, Arias informó que los jefe de fracción evaluarán si el plan en el Congreso solventaría futuras necesidades del país. Confirma que el discurso incendiario del Presidente Chaves en Limón cambió el destino de la elección del Primero de Mayo. Haber pasado por dos de los tres poderes de La República le brinda una comprensión amplia de las atribuciones y responsabilidades que le corresponden a los diputados y a un gobierno. Y por eso ahora (desde hace tres años) desde el denominado Primer Poder de La República tiene claro que le compete vigilar que el otro poder, el Ejecutivo, cumpla sus deberes acorde con la ley y no al revés. El ministro de La Presidencia en dos gobiernos (1986-1990 y 2006-2010) y gran negociador de la agenda de proyectos necesarios para implementar el Tratado de Libre Comercio con Estados Unidos (República Dominicana y Centroamérica) con la fracción parlamentaria más férrea que ha llevado el Partido Acción Ciudadana (PAC) al Congreso en su historia (encabezada por exrector de la Universidad Nacional, Alberto Salom), reitera que la única salida para enfrentar los grandes problemas que sufre el país es el diálogo franco, sincero y respetuoso entre poderes. En un Desafío Político con La Reacción, Rodrigo Arias Sánchez reconoce los logros macroeconómicos de los dos primeros años de la administración Chaves Robles y revela cuándo (y por qué) decidió usar la frase que con frecuencia expresa el mandatario ¡Datos matan mentiras! para defenderse de lo que considera falsedades por parte de quienes cuestionan su labor. Arias confirma que los ataques verbales recibidos por dos diputados de su fracción, Katherine Moreira y Geison Valverde, el martes 16 de abril en Puerto Limón le dieron un giro inesperado al proceso de su candidatura, pero que tuvo claro qué debía hacer en las siguientes horas a esos hechos. Horas después de estar en La Reacción, el Instituto Costarricense de Electricidad (ICE) confirmó que aplicaría, al menos, una semana de racionamientos eléctricos, luego de 17 años de no vivirlos, debido a la condición crítica del nivel de sus principales embalses. Por eso y en vista de la convocatoria en sesiones extraordinarias del proyecto de Ley de Armonización del Sistema Eléctrico Nacional, en la Atención a Prensa de ese jueves, La Reacción le consultó al Presidente Legislativo si observa una actitud de urgencia entre los diputados para su pronta aprobación. Para ampliar detalles acerca de los motivos y la forma cómo se implementaría el plan de racionamiento eléctrico, el ICE realizó una extensa conferencia de prensa ese mismo jueves por la mañana. También al día siguiente la Compañía Nacional de Fuerza y Luz (CNFL) presentó su plan de gestión de los racionamientos eléctricos de sus 614 mil abonados.|es|Campo obligatorio nulo: publication_date
lareaccioncr|https://lareaccioncr.com/2024/05/|11 de mayo de 2024||2026-05-16 09:07:48|reacciones|Rodrigo Arias: reelección, referéndum, Rodrigo Chaves y apagones A raíz de la crisis eléctrica que se vivirá, Arias informó que los jefe de fracción evaluarán si el plan en el Congreso solventaría futuras necesidades del país. Confirma que el discurso incendiario del Presidente Chaves en Limón cambió el destino de la elección del Primero|es|Campo obligatorio nulo: publication_date
lareaccioncr|https://lareaccioncr.com/2024/04/22/video-exministro-amador-admite-diferencias-de-estilo-con-chaves-y-su-cara-podria-insinuar-el-partido-por-el-que-buscara-la-presidencia/|(Video) Exministro Amador admite diferencias de estilo con Chaves y su cara podría insinuar el partido por el que buscará la presidencia||2026-05-16 09:07:48|protagonistas|“Preguntarle al Presidente por qué me despedía era perder el tiempo”, aseguró el exministro en entrevista con La Reacción desde Montreal, Canadá. Aboga por construir mayorías en el 2026 en la Asamblea Legislativa para tomar grandes decisiones por el país. En un Desafío Político en que la mayoría de las preguntas las formularon los seguidores de La Reacción, el exministro de Obras Públicas y Transportes reafirmó su interés por impulsar grandes transformaciones en el país, pero con un estilo y actitudes muy distintas a las de su exjefe, el presidente Rodrigo Chaves Robles. Hasta desinhibido para comentar aspectos de su relación con el mandatario se mostró el exjerarca de Obras Públicas y Transportes, Luis Amador Jiménez, en una conversación de hora y media con La Reacción, un mes y cuatro días después de abandonar el gabinete del que fue su jerarca más popular. Parece inclinarse más por liderar un partido político nuevo en que pueda reunir costarricenses honestos y con excelentes atestados, quienes incluso le han ofrecido su apoyo desde fuera del país. Como si pudiera elegir por cuál agrupación política presentarse en la papeleta de las elecciones del 2026, La Reacción le consultó si de una serie de partidos políticos le han manifestado interés por reclutarlo como su candidato presidencial. Tensiones con Rodrigo Chaves En al menos seis ocasiones del Desafío Político, Amador hizo referencia al estilo de liderazgo del presidente Rodrigo Chaves, haciendo evidente serias divergencias frente a él. Por ejemplo, enfatizó la sorpresiva llamada mediante la cual el Presidente le comunicó su remoción, mientras atendía un evento en Canadá. Señala que en ese momento no le pidió explicaciones al mandatario (¿Para qué?, alega), pero indica que Chaves estaba molesto desde hace días por el manejo de la licitación mediante la cual se procura reparar la pista del Aeropuerto de Liberia, Daniel Oduber. Asimismo, dijo conocer mensajes del gobernante donde señalaba que “Luis Amador se estaba disparando mucho”. En el amplio Desafío Político se le consultaron sobre potenciales celos del mandatario por su creciente popularidad. Empero, el exministro no da certeza de que eso sucediera, aunque reconoció que en algún momento habló con el Presidente, de manera informal, sobre una potencial candidatura presidencial. Pero aclara contundente que su enfoque siempre fue la de trabajar por el bien por Costa Rica. Otro punto de inflexión se dio luego de la reunión con la Contralora Marta Acosta (el 1 de febrero 2024), pues Chaves insistía en seguir los procedimientos a su modo sobre la Concesión de Obra Pública, mientras Amador era partidario de adoptar las recomendaciones de Acosta sin mayores dilaciones. ¿Programa de gobierno? Si bien Luis Amador en este momento funge como docente universitario en la Universidad de Concordia en Montreal, se refiere con conocimiento profundo a diferentes encrucijadas que vive el país y a plantear la urgencia de tomar decisiones como país frente a ellas. Hasta lanza algunas propuestas que bien podrían ser parte de un eventual programa de gobierno suyo y asuntos que por su profundidad podrían ser importante consultar a los costarricenses en un referendum. Por su trayectoria, le preocupa la construcción de obra pública y se mantiene al tanto de lo que ocurre en el tema donde tuvo la rectoría. Propone que uno de los bancos del estado, preferiblemente el Banco de Costa Rica, se dedique exclusivamente a financiar proyectos gubernamentales de gran envergadura y a diseñar los documentos que viabilicen tales proyectos. Al respecto muestra especial preocupación sobre finalizar la ruta 32. También subraya la construcción de un canal seco para impulsar el crecimiento económico y generar recursos que puedan financiar proyectos estratégicos, pues existiría un canon de uso que se le cobraría a los usuarios del canal y con ello el Estado podría invertir en otras iniciativas de alto impacto social y económico como la salud y la educación. Por otra parte, Amador muestra interés de darle importancia a las islas que tiene Costa Rica, para aprovechar de ellas sus recursos naturales y potenciar el desarrollo sostenible y la inversión. Pero su visión no se queda en su área principal de experticia, sino que incursiona en otras temáticas. Así, en materia educativa plantea la reestructuración del Ministerio de Educación Pública y entre las ideas habla de implementar un enfoque de educación mixta o semiprivado, que le permita al sistema obtener nuevos ingresos. Se refiere también a la importancia de que el país apuntale el bilingüismo (aprendizaje de dos o más idiomas) porque ello permitiría traer más inversión extranjera y nuevos ingresos. Al respecto pone de ejemplo la experiencia de La India y Filipinas. Consensos, no confrontación Amador resaltó que muchas personas y agrupaciones desean una transformación profunda para Costa Rica y que ella es posible, pero no mediante la confrontación, sino mediante la búsqueda de consensos, la unión de esfuerzos y voluntades. Finalmente, reafirmó que su práctica en los próximos meses será abrir canales de comunicación para dar a conocer sus ideas y sus propuestas, posibilitando el acercamiento con la ciudadanía. En ese sentido, si tal proceso resultara favorable, tendría mayores elementos de juicio para confirmar su candidatura presidencial. El Desafío Político completo usted lo puede observar en el siguiente enlace:|es|Campo obligatorio nulo: publication_date
lareaccioncr|https://lareaccioncr.com/2025/11/14/video-rocio-alfaro-descarta-que-timing-no-sea-adecuado-para-levantar-inmunidad-de-chaves/|(VIDEO) Rocío Alfaro descarta que “timing” no sea adecuado para levantar inmunidad||2026-05-16 09:07:48|protagonistas|Tras abandono de Rodrigo Chaves de comisión legislativa, y país estar en medio de proceso electoral La diputada y jefa de fracción del Partido Frente Amplio, Rocío Alfaro Molina descartó que el denominado “timing” no sea el oportuno para definir si la Asamblea Legislativa levanta o no el fuero de protección del presidente de la República, Rodrigo Chaves. Al cierre de la sesión de la comisión especial que analiza este tema, y luego de que el presidente de la República abandonase el espacio del salón de expresidentes y expresidenta de la República en la Asamblea Legislativa de forma intempestiva Alfaro atendió a los medios de comunicación presentes. La Reacción consultó a la legisladora si la decisión que pesa en estos momentos sobre los legisladores es oportuno de tomarla, con miras al proceso de discernimiento electoral que pesa sobre la ciudadanía con miras a las elecciones nacionales convocadas para el próximo 1° de febrero. “La conveniencia político electoral que vean los partidos o nosotros es menos que secundaria, nosotros podemos hacer el análisis de que tanto esto le sirve o no al partido que protege e impulsa el señor Presidente. Acá hay que tener claro la falta de la beligerancia pone en entredicho las reglas del juego porque irrespeta el equilibrio y las reglas de equidad que caracteriza a los procesos electorales. Al existir beligerancia lo que se dice es que se usan fondos, cargos y recursos que nos pertenecen a todos para darle ventaja ilegal e inmoral a algún partido político”, reflexionó. Este viernes durante la comparencia y de forma intempestiva e inesperada el presidente de la República, Rodrigo Chaves abandonó la comisión especial que analiza el levantamiento de su inmunidad por los casos donde se le investiga la presunta comisión del delito de beligerancia política. Desde el inicio de la comparecencia empezaron las inconformidades de Chaves, y su abogado personal José Miguel Villalobos sobre todo al comunicarse por parte de la presidente del foro parlamentario, la diputada liberacionista Alejandra Larios que el espacio para el defensor del Mandatario sería de solo diez minutos. En contraposición Chaves contó con un espacio de 50 minutos donde se dedicó primeramente con un video pre-producido dar a conocer los aspectos de sus declaraciones y porque en su consideración y con el apoyo de la líder del oficialismo Pilar Cisneros no se trata de beligerancia política. Posterior a ello Villalobos entró a manifestar porque en su apreciación la actuación de los diputados ponía en entredicho el ejercicio democrático, e incluso anunció que demandaría penalmente por el delito de prevaricato a los magistrados del Tribunal Supremo de Elecciones. La comisión tiene un plazo hasta el 1° de diciembre para determinar que acontecerá con este expediente de solicitud de levantamiento de inmunidad, y así trasladar la recomendación respectiva al Plenario para una nueva votación en este tema, para lo cual se requerirán 38 votos afirmativos para que proceda el caso en cuestión. Puede repasar lo acontecido en la Asamblea Legislativa este viernes en nuestra transmisión en vivo.|es|Campo obligatorio nulo: publication_date
lareaccioncr|https://lareaccioncr.com/2025/11/12/expresidente-del-banco-central-la-politica-monetaria-del-actual-gobierno-castiga-al-sector-productivo/|Expresidente del Banco Central: «La política monetaria del actual gobierno castiga al sector productivo»||2026-05-16 09:07:48|protagonistas|Asegura que las estadísticas de inflación reflejan que Costa Rica necesita apostar por medidas que estimulen más la economía. Para el presidente del Banco Central de Costa Rica durante el periodo 2018-2022, Rodrigo Cubero Brealey, ya es momento de que el país apueste por una política monetaria de carácter expansivo que permita un mayor crecimiento económico, en especial de las empresas del régimen definitivo. Cubero estuvo presente en el acto de lanzamiento del plan de gobierno del Partido Unidad Social Cristiana el pasado 10 de noviembre en las instalaciones del Hotel Radisson en Barrio Tournón. En ese espacio La Reacción aprovechó para abordar al especialista en economía y derecho sobre su visión actual de la política monetaria impulsado por su sucesor Roger Madrigal y la actual Junta Directiva de la entidad monetaria. En su apreciación, el estado actual de las estadísticas económicas evidencian que entre otros herramientas como la tasa de la política monetaria y el encaje mínimo legal requieren una modificación en procura de incentivar el crecimiento del crédito a los agentes económicos privados, y con ello el crecimiento de la productividad nacional. “Me parece que el Banco Central ha actuado con responsabilidad de mover las tasas de política monetaria en la dirección correcta, las elevó cuando hubo que elevarlas para combatir la inflación y las redujo cuando la inflación empezó a ceder, pero me parece que en este último ciclo de rebajo de tasas de interés al Banco Central le ha faltado vehemencia, claridad y sobretodo coherencia con su meta de inflación, que ha estado por debajo de su rango meta por muchísimo tiempo, muy por debajo de su propia meta de inflación del 3%”, argumentó Cubero. Para el especialista es necesario que esas tasas bajen para que la inflación regrese a sus rangos meta para que la política monetaria sea coherente con esa meta de inflación. Sin embargo el economista advierte que no se trata solo de la Tasa de la Política Monetaria, si no de otra herramienta que usó en el 2022 el Banco Central para controlar la ola inflacionaria: el encaje mínimo legal. De acuerdo con Cubero, el encaje (ya en su nivel más alto) debe variarse para incluso coadyuvar a ese propósito de reactivar la economía en ese 85% de las empresas parte del régimen definitivo. En ese espacio el crecimiento económico no ha sido tan uniforme, señala. “En conjunto con una reducción de la Tasa de Política Monetaria, el Banco Central también debería reducir esa tasa de encaje mínimo legal, lo cual permitiría reducir el margen de intermediación financiera, y reducir los costos de crédito y aumentar las tasas de interés de los ahorrantes. Ello mejoraría el bienestar de todos los costarricenses, es una dirección que el Banco Central debería acometer hacia adelante”, puntualizó el ex jerarca. Datos del Instituto Nacional de Estadística y Censos (INEC) para el mes de octubre la inflación registró un incremento de 0.19%; sin embargo el rango interanual se ubica en un -0.38%, una cifra que está muy lejos, como manifestaba Cubero, de esa meta de 3% establecida por la entidad monetaria. Puede observar la entrevista completa a continuación:|es|Campo obligatorio nulo: publication_date
lareaccioncr|https://lareaccioncr.com/2025/11/20/8-de-cada-10-luces-navidenas-no-tiene-documentacion-tecnica/|8 de cada 10 luces navideñas no tiene documentación técnica||2026-05-16 09:07:48|tendencias|En nueva verificación realizada por el Ministerio de Economía, Industria y Comercio En el comercio general durante las siguiente semanas empiezan a abundar las tan esperadas luces que los hogares costarricenses usan para adornar fachadas, arbolitos, portales, entre otros ornamentos propios de la época de la Navidad y las celebraciones de fin de año. Sin embargo el Ministerio de Economía, Industria y Comercio arrojó una severa advertencia tanto al comercio como a los consumidores en una nueva verificación que realizó sobre adornos y luces navideñas. La visita a los comercios fue en 14 comercios ubicados en San José, Alajuela, Heredia y Cartago de un total de 16 de los productos. Los resultados muestran que 81% de los productos no tenían el documento técnico que explicase las condiciones de uso y otros elementos que la legislación en materia de etiquetado dispone para este tipo de productos. Los detalles de esta verificación de mercado fueron dadas a conocer por el Ministerio de Economía, Industria y Comercio en una conferencia de prensa desarrollada en las instalaciones de la entidad en Llorente de Tibás. La directora de calidad, Luisa Díaz manifestó que las carencias incluyen no decir de dónde vienen los productos. “Ninguno de los productos verificados indica el país de origen, y este dato es importante porque nos da alguna idea, por ejemplo de los mecanismos de producción, o incluso para dar trazabilidad en algunos casos”, detalló. Los hallazgos pormenorizados evidenciaron que al menos en cuanto a potencia, ya al menos las luces muestran una mejora en cuanto a la evidencia e información que transmiten. Posterior a esta verificación, el Ministerio de Economía emitió una serie de 14 prevenciones a comercios y distribuidores para subsanar los incumplimientos detectados, y hay un plazo de 10 días para cumplir con los ajustes y presentar una declaración jurada con las evidencias de la corrección mencionada. Puede repasar la conferencia completa en el siguiente enlace: https://www.youtube.com/live/1Z5DzSIsk6E?si=l0NnqRFaDuYFpLKu|es|Campo obligatorio nulo: publication_date
lareaccioncr|https://lareaccioncr.com/2025/10/01/juro-por-santa-madre-que-entregare-el-poder-a-quien-sea/|Rodrigo Chaves: «Juro por mi Santa Madre que entregaré el poder a quien sea»||2026-05-16 09:07:48|politica|Luego de participar durante la mañana en el acto de convocatoria a elecciones nacionales de la campaña electoral, a cargo del Tribunal Supremo de Elecciones (TSE), el presidente de la República Rodrigo Chaves, juró que el próximo 8 de mayo entregará el poder al candidato que el pueblo elija. Esto tras la consulta de La Reacción. Yo entregaré el 8 de mayo a quien el pueblo de Costa Rica escoja, y eso se lo juro por mi santa madre que está en el cielo (…) destacó el mandatario. Cabe destacar que durante la última conferencia de prensa Chaves criticó (de nuevo) la labor del Tribunal Supremo de Elecciones, ya que para él el gobierno de Carlos Alvarado tampoco se acogió a la veda electoral.|es|Campo obligatorio nulo: publication_date
lareaccioncr|https://lareaccioncr.com/2025/10/01/policias-en-manos-del-tse/|Policías en manos del TSE||2026-05-16 09:07:48|politica|El Presidente Chaves entregó estandartes a Eugenia Zamora. A partir de este momento el control de la Fuerza Pública y la Policia de Tránsito pasará a manos del Tribunal Súpremo de Elecciones (TSE), esto luego que el presidente de la República Rodrigo Chaves, entregará el estandarte de ambos cuerpos policiales a la presidenta del organo electoral, Eugenia María Zamora. Dicho traspaso se da debido al mandato Constitucional donde se establece que durante el proceso de elecciones todos los cuerpos policiales deben pasar a control de TSE, dispuesto en el artículo 102, inciso 6 de la Constitución Política de Costa Rica. En el acto de traslado el Ministro de Seguridad Pública, Mario Zamora, entregó el estandarte al presidente, mientras que el Ministro de Obras Públicas y Transporte Efraím Zeledón dio el de la Policía de Tránsito.|es|Campo obligatorio nulo: publication_date
lareaccioncr|https://lareaccioncr.com/2025/10/01/pais-entra-en-elecciones-nacionales/|País entra en elecciones nacionales||2026-05-16 09:07:48|politica|-Mando de Fuerza Pública será entregado a TSE Este 1° de octubre el Tribunal Supremo de Elecciones (TSE) anunció el inicio de la campaña electoral 2026, donde se presentaron los candidatos a la presidencia, así como figuras de gobierno como el canciller de la República Arnoldo André Tinoco, Mario Zamora, Gerald Campos, entre otros. Asi mismo el presidente Rodrigo Chaves. Dentro del acto oficial el ministro de Seguridad Pública, Mario Zamora, entregará el mando de la Fuerza Pública liderada por Marlon Cubillo al TSE, esto con el fin de garantizar la transparencia del proceso. La actividad presidida por Eugenia María Zamora dio inicio a eso de las 10:20 con las lectura del decreto #212025, donde de manera oficial se dio la apertura del proceso.|es|Campo obligatorio nulo: publication_date
lareaccioncr|https://lareaccioncr.com/2025/11/12/biblioteca-nacional-tiene-160-mil-documentos-historicos-digitalizados/|Biblioteca Nacional tiene 160 mil documentos históricos digitalizados||2026-05-16 09:07:48|reacciones|Benemérita institución fue condecorada con Premio “Cátedra de la Democracia” La Biblioteca Nacional de Costa Rica Miguel Obregón Lizano ya logró digitalizar más de 160 mil documentos que relatan o atestiguan la historia de Costa Rica, un trabajo que sus representantes o autoridades rescatan como parte de la conservación de la memoria de una nación. Dicha entidad que cuenta con 138 años de historia fue condecorada en el marco del Día de la Democracia Costarricense, el pasado 7 de noviembre con el premio “Cátedra de la Democracia” por parte del Tribunal Supremo de Elecciones. Su directora Laura Rodríguez enfatizó que en su opinión el premio es una condecoración hacia el pueblo de Costa Rica, y no tanto hacia una institución en específico. “La biblioteca es una institución que recopila, conserva y difunde la memoria y la identidad de Costa Rica, y esa memoria e identidad la hacemos todos a lo largo de esos 200 años de vida independiente, pero además existen documentos más antiguos que hablan sobre la historia de nuestro país”, apuntó. En ese mismo trabajo de conservar la historia es como la funcionaria destaca el papel que ha tenido la Biblioteca Nacional para reconstruir esa historia patria cuando hubo momentos en que Costa Rica no tenía imprenta, y los documentos sobre el país eran impresos en otras latitudes. Rodríguez externó que en el proceso de conservación de la historia de Costa Rica continúan con el proceso de digitalización de la documentación histórica de nuestro país. “Hace más de 15 años comenzamos la conversión digital de nuestros documentos más valiosos que están de acceso abierto. Empezamos con 625 documentos y hoy hay más de 160 mil, es un proyecto que sigue, aunque tenemos claro que nunca vamos a poder digitalizar una biblioteca completa, pero sí poco a poco con lo más valioso”, explicó Rodríguez. En la actualidad la Biblioteca Nacional tiene disponibles dos colecciones abiertas al público para disfrute general y gratuito, una de ellas es sobre los 190 años de la imprenta nacional, y otra que relata la historia del primer aviador en Costa Rica. Repase la entrevista a continuación:|es|Campo obligatorio nulo: publication_date
