[2026-04-26 12:30:26,991] INFO - lareaccioncr: === Iniciando scraper: lareaccioncr ===
[2026-04-26 12:30:26,992] INFO - lareaccioncr: URL base: https://lareaccioncr.com/2026/
[2026-04-26 12:30:37,232] INFO - lareaccioncr: Archivos mensuales encontrados: 0
[2026-04-26 12:30:37,241] INFO - lareaccioncr: Scrapendo categoría: digalo
[2026-04-26 12:30:40,606] DEBUG - lareaccioncr:   Página 1 de https://lareaccioncr.com/2026/category/digalo/: 10 artículos
[2026-04-26 12:30:44,711] DEBUG - lareaccioncr:   Página 2 de https://lareaccioncr.com/2026/category/digalo/: 5 artículos
[2026-04-26 12:30:46,933] DEBUG - lareaccioncr: Página 3 no existe (https://lareaccioncr.com/2026/category/digalo/page/3/), fin paginación
[2026-04-26 12:30:48,469] INFO - lareaccioncr: Scrapendo categoría: aqui-hay-tema
[2026-04-26 12:30:51,610] DEBUG - lareaccioncr:   Página 1 de https://lareaccioncr.com/2026/category/aqui-hay-tema/: 10 artículos
[2026-04-26 12:30:55,911] DEBUG - lareaccioncr:   Página 2 de https://lareaccioncr.com/2026/category/aqui-hay-tema/: 10 artículos
[2026-04-26 12:31:00,497] DEBUG - lareaccioncr:   Página 3 de https://lareaccioncr.com/2026/category/aqui-hay-tema/: 10 artículos
[2026-04-26 12:31:04,870] DEBUG - lareaccioncr:   Página 4 de https://lareaccioncr.com/2026/category/aqui-hay-tema/: 10 artículos
[2026-04-26 12:31:09,202] DEBUG - lareaccioncr:   Página 5 de https://lareaccioncr.com/2026/category/aqui-hay-tema/: 10 artículos
[2026-04-26 12:31:13,056] DEBUG - lareaccioncr:   Página 6 de https://lareaccioncr.com/2026/category/aqui-hay-tema/: 2 artículos
[2026-04-26 12:31:15,257] DEBUG - lareaccioncr: Página 7 no existe (https://lareaccioncr.com/2026/category/aqui-hay-tema/page/7/), fin paginación
[2026-04-26 12:31:16,791] INFO - lareaccioncr: Scrapendo categoría: mando
[2026-04-26 12:31:19,564] DEBUG - lareaccioncr:   Página 1 de https://lareaccioncr.com/2026/category/mando/: 10 artículos
[2026-04-26 12:31:23,872] DEBUG - lareaccioncr:   Página 2 de https://lareaccioncr.com/2026/category/mando/: 10 artículos
[2026-04-26 12:31:28,024] DEBUG - lareaccioncr:   Página 3 de https://lareaccioncr.com/2026/category/mando/: 8 artículos
[2026-04-26 12:31:30,330] DEBUG - lareaccioncr: Página 4 no existe (https://lareaccioncr.com/2026/category/mando/page/4/), fin paginación
[2026-04-26 12:31:31,911] INFO - lareaccioncr: Scrapendo categoría: desafio
[2026-04-26 12:31:34,564] DEBUG - lareaccioncr:   Página 1 de https://lareaccioncr.com/2026/category/desafio/: 6 artículos
[2026-04-26 12:31:36,810] DEBUG - lareaccioncr: Página 2 no existe (https://lareaccioncr.com/2026/category/desafio/page/2/), fin paginación
[2026-04-26 12:31:38,339] INFO - lareaccioncr: Scrapendo categoría: destacados
[2026-04-26 12:31:44,004] DEBUG - lareaccioncr:   Página 1 de https://lareaccioncr.com/2026/category/destacados/: 10 artículos
[2026-04-26 12:31:48,379] DEBUG - lareaccioncr:   Página 2 de https://lareaccioncr.com/2026/category/destacados/: 10 artículos
[2026-04-26 12:31:52,935] DEBUG - lareaccioncr:   Página 3 de https://lareaccioncr.com/2026/category/destacados/: 10 artículos
[2026-04-26 12:31:57,497] DEBUG - lareaccioncr:   Página 4 de https://lareaccioncr.com/2026/category/destacados/: 10 artículos
[2026-04-26 12:32:01,847] DEBUG - lareaccioncr:   Página 5 de https://lareaccioncr.com/2026/category/destacados/: 10 artículos
[2026-04-26 12:32:06,260] DEBUG - lareaccioncr:   Página 6 de https://lareaccioncr.com/2026/category/destacados/: 10 artículos
[2026-04-26 12:32:10,517] DEBUG - lareaccioncr:   Página 7 de https://lareaccioncr.com/2026/category/destacados/: 10 artículos
[2026-04-26 12:32:14,601] DEBUG - lareaccioncr:   Página 8 de https://lareaccioncr.com/2026/category/destacados/: 5 artículos
[2026-04-26 12:32:16,789] DEBUG - lareaccioncr: Página 9 no existe (https://lareaccioncr.com/2026/category/destacados/page/9/), fin paginación
[2026-04-26 12:32:18,320] INFO - lareaccioncr: Scrapendo categoría: municipales
[2026-04-26 12:32:20,795] DEBUG - lareaccioncr:   Página 1 de https://lareaccioncr.com/2026/category/municipales/: 3 artículos
[2026-04-26 12:32:23,244] DEBUG - lareaccioncr: Página 2 no existe (https://lareaccioncr.com/2026/category/municipales/page/2/), fin paginación
[2026-04-26 12:32:24,767] INFO - lareaccioncr: Scrapendo categoría: geopolitica
[2026-04-26 12:32:27,285] DEBUG - lareaccioncr:   Página 1 de https://lareaccioncr.com/2026/category/geopolitica/: 3 artículos
[2026-04-26 12:32:29,439] DEBUG - lareaccioncr: Página 2 no existe (https://lareaccioncr.com/2026/category/geopolitica/page/2/), fin paginación
[2026-04-26 12:32:30,967] INFO - lareaccioncr: Scrapendo categoría: mercados
[2026-04-26 12:32:33,982] DEBUG - lareaccioncr:   Página 1 de https://lareaccioncr.com/2026/category/mercados/: 10 artículos
[2026-04-26 12:32:38,565] DEBUG - lareaccioncr:   Página 2 de https://lareaccioncr.com/2026/category/mercados/: 10 artículos
[2026-04-26 12:32:43,873] DEBUG - lareaccioncr:   Página 3 de https://lareaccioncr.com/2026/category/mercados/: 7 artículos
[2026-04-26 12:32:46,442] DEBUG - lareaccioncr: Página 4 no existe (https://lareaccioncr.com/2026/category/mercados/page/4/), fin paginación
[2026-04-26 12:32:48,081] INFO - lareaccioncr: Scrapendo categoría: politica
[2026-04-26 12:32:51,392] DEBUG - lareaccioncr:   Página 1 de https://lareaccioncr.com/2026/category/politica/: 10 artículos
[2026-04-26 12:32:55,900] DEBUG - lareaccioncr:   Página 2 de https://lareaccioncr.com/2026/category/politica/: 10 artículos
[2026-04-26 12:33:00,459] DEBUG - lareaccioncr:   Página 3 de https://lareaccioncr.com/2026/category/politica/: 10 artículos
[2026-04-26 12:33:05,089] DEBUG - lareaccioncr:   Página 4 de https://lareaccioncr.com/2026/category/politica/: 10 artículos
[2026-04-26 12:33:09,394] DEBUG - lareaccioncr:   Página 5 de https://lareaccioncr.com/2026/category/politica/: 6 artículos
[2026-04-26 12:33:11,731] DEBUG - lareaccioncr: Página 6 no existe (https://lareaccioncr.com/2026/category/politica/page/6/), fin paginación
[2026-04-26 12:33:13,271] INFO - lareaccioncr: Scrapendo categoría: protagonistas
[2026-04-26 12:33:16,166] DEBUG - lareaccioncr:   Página 1 de https://lareaccioncr.com/2026/category/protagonistas/: 10 artículos
[2026-04-26 12:33:20,597] DEBUG - lareaccioncr:   Página 2 de https://lareaccioncr.com/2026/category/protagonistas/: 10 artículos
[2026-04-26 12:33:24,816] DEBUG - lareaccioncr:   Página 3 de https://lareaccioncr.com/2026/category/protagonistas/: 7 artículos
[2026-04-26 12:33:27,095] DEBUG - lareaccioncr: Página 4 no existe (https://lareaccioncr.com/2026/category/protagonistas/page/4/), fin paginación
[2026-04-26 12:33:28,637] INFO - lareaccioncr: Scrapendo categoría: reacciones
[2026-04-26 12:33:31,189] DEBUG - lareaccioncr:   Página 1 de https://lareaccioncr.com/2026/category/reacciones/: 6 artículos
[2026-04-26 12:33:33,433] DEBUG - lareaccioncr: Página 2 no existe (https://lareaccioncr.com/2026/category/reacciones/page/2/), fin paginación
[2026-04-26 12:33:34,967] INFO - lareaccioncr: Scrapendo categoría: tendencias
[2026-04-26 12:33:37,441] DEBUG - lareaccioncr:   Página 1 de https://lareaccioncr.com/2026/category/tendencias/: 2 artículos
[2026-04-26 12:33:39,750] DEBUG - lareaccioncr: Página 2 no existe (https://lareaccioncr.com/2026/category/tendencias/page/2/), fin paginación
[2026-04-26 12:33:41,283] INFO - lareaccioncr: Total URLs únicas recolectadas: 90
[2026-04-26 12:33:41,284] DEBUG - lareaccioncr: [1/90] https://lareaccioncr.com/2026/2026/04/06/digalo-cuando-el-arte-nos-reune-el-verdadero-sentido-de-ser-banco-popular/
[2026-04-26 12:33:44,866] DEBUG - lareaccioncr: [2/90] https://lareaccioncr.com/2026/2026/01/26/laura-fernandez-acusa-a-fabricio-alvarado-de-acoso-sexual-y-promesas-de-biblias/
[2026-04-26 12:33:48,342] DEBUG - lareaccioncr: [3/90] https://lareaccioncr.com/2026/2026/01/23/eli-feinzaig-el-chavismo-no-quiere-modificar-la-constitucion-para-que-funcione-mejor/
[2026-04-26 12:33:53,306] DEBUG - lareaccioncr: [4/90] https://lareaccioncr.com/2026/2026/01/21/alvaro-ramos-afirma-que-laura-fernandez-no-es-titere-de-nadie-y-tiene-agenda-propia/
[2026-04-26 12:33:56,799] DEBUG - lareaccioncr: [5/90] https://lareaccioncr.com/2026/2026/01/15/claudio-alpizar-rodrigo-chaves-necesita-a-bukele-para-mantener-su-popularidad/
[2026-04-26 12:34:00,286] DEBUG - lareaccioncr: [6/90] https://lareaccioncr.com/2026/2025/12/28/roger-madrigal-cree-que-errores-y-omisiones-es-por-cambio-de-divisas-de-turistas/
[2026-04-26 12:34:03,769] DEBUG - lareaccioncr: [7/90] https://lareaccioncr.com/2026/2025/12/18/persona-fallecida-en-2017-aparece-entre-notificados-por-tierras-en-sacramento/
[2026-04-26 12:34:07,548] DEBUG - lareaccioncr: [8/90] https://lareaccioncr.com/2026/2025/12/17/el-rop-no-se-da-a-pagos-de-polaco-dice-gerente-de-bn-vital/
[2026-04-26 12:34:11,094] DEBUG - lareaccioncr: [9/90] https://lareaccioncr.com/2026/2025/12/04/fecha-para-levantar-inmunidad-del-presidente-se-conocera-el-lunes/
[2026-04-26 12:34:14,572] DEBUG - lareaccioncr: [10/90] https://lareaccioncr.com/2026/2025/11/27/fabricio-alvarado-insistira-en-negociacion-con-iglesia-catolica-y-el-gobierno/
[2026-04-26 12:34:18,097] DEBUG - lareaccioncr: [11/90] https://lareaccioncr.com/2026/2025/11/26/candidatos-presidenciales-celebran-medida-cautelar-en-tema-frecuencias/
[2026-04-26 12:34:21,629] DEBUG - lareaccioncr: [12/90] https://lareaccioncr.com/2026/2025/11/26/chaves-guarda-las-cartas-en-tema-de-frecuencias-tras-medida-cautelar/
[2026-04-26 12:34:25,464] DEBUG - lareaccioncr: [13/90] https://lareaccioncr.com/2026/2025/11/21/costa-rica-adolece-de-oficina-de-proteccion-al-consumidor-financiero/
[2026-04-26 12:34:29,026] DEBUG - lareaccioncr: [14/90] https://lareaccioncr.com/2026/2025/11/12/video-jefe-del-pusc-confirma-que-diputados-pidieron-cacao-para-volver-a-campana/
[2026-04-26 12:34:32,535] DEBUG - lareaccioncr: [15/90] https://lareaccioncr.com/2026/2025/02/17/digalo-videos-el-bee-testimonio-del-compromiso-de-la-uned-con-costa-rica/
[2026-04-26 12:34:36,867] DEBUG - lareaccioncr: [16/90] https://lareaccioncr.com/2026/2026/04/07/si-no-llegamos-a-un-acuerdo-fees-ira-a-la-asamblea-legislativa-leonardo-sanchez-ministro-de-educacion/
[2026-04-26 12:34:40,304] DEBUG - lareaccioncr: [17/90] https://lareaccioncr.com/2026/2026/03/25/diputados-electos-de-oposicion-destacan-que-no-daran-el-brazo-a-torcer-en-materia-agricola/
[2026-04-26 12:34:43,782] DEBUG - lareaccioncr: [18/90] https://lareaccioncr.com/2026/2026/03/23/se-encomendo-a-la-santisima-trinidad-y-se-lanzo-del-vagon/
[2026-04-26 12:34:47,391] DEBUG - lareaccioncr: [19/90] https://lareaccioncr.com/2026/2026/03/16/dia-mundial-del-consumidor-se-celebro-con-foro-sobre-ley-23-908/
[2026-04-26 12:34:50,940] DEBUG - lareaccioncr: [20/90] https://lareaccioncr.com/2026/2026/03/14/expresidente-del-tse-niega-ofrecimiento-de-candidatura-a-la-presidencia/
[2026-04-26 12:34:54,448] DEBUG - lareaccioncr: [21/90] https://lareaccioncr.com/2026/2026/01/31/tse-y-justicia-enfrentados-por-cedulas-de-privados-de-libertad/
[2026-04-26 12:34:57,953] DEBUG - lareaccioncr: [22/90] https://lareaccioncr.com/2026/2026/01/26/pensiones-pobreza-y-seguridad-genera-enfrentamiento-entre-candidatos-presidenciales/
[2026-04-26 12:35:01,374] DEBUG - lareaccioncr: [23/90] https://lareaccioncr.com/2026/2026/01/21/pueblo-soberano-podria-barrer-con-diputaciones-en-algunas-provincias/
[2026-04-26 12:35:04,860] DEBUG - lareaccioncr: [24/90] https://lareaccioncr.com/2026/2026/01/16/costa-rica-podria-ingresar-2-mil-millones-anuales-por-explorar-combustibles-fosiles/
[2026-04-26 12:35:08,348] DEBUG - lareaccioncr: [25/90] https://lareaccioncr.com/2026/2026/01/14/cacco-estara-vacio-mientras-las-leyes-no-sean-cambiadas-advierte-rodrigo-chaves/
[2026-04-26 12:35:12,010] DEBUG - lareaccioncr: [26/90] https://lareaccioncr.com/2026/2025/12/28/pais-acumula-712-millones-asignados-como-errores-en-balanza-de-pagos/
[2026-04-26 12:35:15,578] DEBUG - lareaccioncr: [27/90] https://lareaccioncr.com/2026/2025/12/17/pensar-en-una-pension-debe-ser-un-tema-personal-afirma-gerente-de-la-caja/
[2026-04-26 12:35:19,730] DEBUG - lareaccioncr: [28/90] https://lareaccioncr.com/2026/2025/12/15/autoridades-notificaron-hasta-personas-fallecidas-sobre-propiedades-en-sacramento/
[2026-04-26 12:35:23,433] DEBUG - lareaccioncr: [29/90] https://lareaccioncr.com/2026/2025/12/13/sacramento-un-pueblo-200-anos-luchando-por-reconocimiento/
[2026-04-26 12:35:26,971] DEBUG - lareaccioncr: [30/90] https://lareaccioncr.com/2026/2025/12/12/pueblo-soberano-inscribio-mas-de-9-mil-miembros-de-mesa/
[2026-04-26 12:35:30,427] DEBUG - lareaccioncr: [31/90] https://lareaccioncr.com/2026/2025/12/05/vario-el-colegio-de-abogados-la-nota-de-incorporacion-de-forma-ilegal/
[2026-04-26 12:35:33,904] DEBUG - lareaccioncr: [32/90] https://lareaccioncr.com/2026/2025/11/25/conare-lanza-plataforma-para-desarrollar-soluciones-concretas-a-retos-pais/
[2026-04-26 12:35:37,364] DEBUG - lareaccioncr: [33/90] https://lareaccioncr.com/2026/2025/11/25/pais-incrementa-ciudades-que-velan-cuidan-y-dignifican-ciudadanos-vulnerables/
[2026-04-26 12:35:40,929] DEBUG - lareaccioncr: [34/90] https://lareaccioncr.com/2026/2025/11/21/plataforma-antimercados-distorsionados-alerta-sobre-endeudamiento-de-los-hogares/
[2026-04-26 12:35:44,378] DEBUG - lareaccioncr: [35/90] https://lareaccioncr.com/2026/2025/11/20/juan-jose-andrade-afirma-que-crisis-de-seguridad-no-es-por-falta-de-recursos/
[2026-04-26 12:35:47,786] DEBUG - lareaccioncr: [36/90] https://lareaccioncr.com/2026/2025/11/17/nueva-generacion-y-nueva-republica-tienen-los-mejores-planes-de-gobierno/
[2026-04-26 12:35:51,249] DEBUG - lareaccioncr: [37/90] https://lareaccioncr.com/2026/2025/11/14/rodrigo-chaves-comparece-ante-asamblea-por-denuncias-de-beligerancia-politica/
[2026-04-26 12:35:54,875] DEBUG - lareaccioncr: [38/90] https://lareaccioncr.com/2026/2025/11/12/entrevista-eli-feinzaig-afirma-que-no-desperdiciara-su-tercera-oportunidad-de-vida/
[2026-04-26 12:35:58,402] DEBUG - lareaccioncr: [39/90] https://lareaccioncr.com/2026/2025/11/12/video-mario-saldivar-advierte-que-elecciones-se-roban-al-deslegitimar-autoridades/
[2026-04-26 12:36:03,872] DEBUG - lareaccioncr: [40/90] https://lareaccioncr.com/2026/2025/11/12/transmisiones-candidatos-presidenciales-debaten-sobre-el-futuro-de-las-pensiones/
[2026-04-26 12:36:07,435] DEBUG - lareaccioncr: [41/90] https://lareaccioncr.com/2026/2025/10/21/entrevista-banco-nacional-sobre-sentencia-judicial-de-fraude-cibernetico-los-sistemas-informaticos-del-banco-nunca-fueron-vulnerados/
[2026-04-26 12:36:11,039] DEBUG - lareaccioncr: [42/90] https://lareaccioncr.com/2026/2025/08/19/el-ina-lleva-la-empresarialidad-al-pacifico-central/
[2026-04-26 12:36:14,573] DEBUG - lareaccioncr: [43/90] https://lareaccioncr.com/2026/2025/06/26/video-costa-rica-y-china-alcanzan-la-mayoria-de-edad-en-sus-relaciones-diplomaticas/
[2026-04-26 12:36:18,059] DEBUG - lareaccioncr: [44/90] https://lareaccioncr.com/2026/2025/05/13/luis-amador-y-el-caso-de-la-pista-daniel-oduber-yo-no-contrate-ni-debo-absolutamente-nada/
[2026-04-26 12:36:21,639] DEBUG - lareaccioncr: [45/90] https://lareaccioncr.com/2026/2025/05/09/videos-apurese-un-credito-verde-del-banco-nacional-lo-espera/
[2026-04-26 12:36:25,228] DEBUG - lareaccioncr: [46/90] https://lareaccioncr.com/2026/2025/03/18/documental-ines-chaves-la-nina-que-nos-enseno-a-amar-la-marimba/
[2026-04-26 12:36:28,884] DEBUG - lareaccioncr: [47/90] https://lareaccioncr.com/2026/2025/03/08/videos-el-tipo-de-cambio-golpea-tambien-la-inversion-extranjera-directa-a-costa-rica-por-que/
[2026-04-26 12:36:32,291] DEBUG - lareaccioncr: [48/90] https://lareaccioncr.com/2026/2025/02/27/computadoras-sin-uso-y-programas-cancelados-el-grave-retroceso-en-educacion-digital-en-ultimos-tres-anos/
[2026-04-26 12:36:35,892] DEBUG - lareaccioncr: [49/90] https://lareaccioncr.com/2026/2025/02/22/videos-se-vio-afectado-por-las-intervenciones-de-coopeservidores-y-desyfin-esto-le-interesa/
[2026-04-26 12:36:39,561] DEBUG - lareaccioncr: [50/90] https://lareaccioncr.com/2026/2025/02/16/vuelos-boletos-baratos-a-la-vista-el-sexto-resello-a-un-veto-del-presidente-chaves/
[2026-04-26 12:36:43,198] DEBUG - lareaccioncr: [51/90] https://lareaccioncr.com/2026/2025/01/12/la-copa-del-cafe-2025-estara-en-el-ojo-del-mundo-tenistico-por-que/
[2026-04-26 12:36:47,424] DEBUG - lareaccioncr: [52/90] https://lareaccioncr.com/2026/2025/01/07/regimen-municipal-se-levanta-contra-plan-de-salud-para-el-manejo-de-la-basura-en-el-gam/
[2026-04-26 12:36:51,182] DEBUG - lareaccioncr: [53/90] https://lareaccioncr.com/2026/2024/12/31/video-facturas-electronicas-incluiran-dato-clave-a-partir-de-enero-cual-sera/
[2026-04-26 12:36:54,768] DEBUG - lareaccioncr: [54/90] https://lareaccioncr.com/2026/2024/12/29/video-marta-esquivel-a-dirigir-el-mideplan-chaves-contesta/
[2026-04-26 12:36:58,216] DEBUG - lareaccioncr: [55/90] https://lareaccioncr.com/2026/2024/11/29/gobierno-lanza-nueva-estrategia-para-bajar-los-precios-de-las-medicinas-en-que-consiste/
[2026-04-26 12:37:01,805] DEBUG - lareaccioncr: [56/90] https://lareaccioncr.com/2026/2024/10/12/pln-abre-asamblea-nacional-con-video-dedicado-al-gobierno-de-chaves/
[2026-04-26 12:37:05,322] DEBUG - lareaccioncr: [57/90] https://lareaccioncr.com/2026/2024/09/19/pacientes-de-cancer-siguen-sin-poder-aprovechar-equipo-de-punta-que-ofrece-la-ucr/
[2026-04-26 12:37:09,312] DEBUG - lareaccioncr: [58/90] https://lareaccioncr.com/2026/2024/04/30/videos-listos-para-asumir-sus-cargos-ifam-tiende-la-mano-a-las-nuevas-autoridades-municipales/
[2026-04-26 12:37:12,894] DEBUG - lareaccioncr: [59/90] https://lareaccioncr.com/2026/2024/04/14/videos-aya-ignora-como-financiara-el-proyecto-clave-para-resolver-la-escasez-de-agua/
[2026-04-26 12:37:16,471] DEBUG - lareaccioncr: [60/90] https://lareaccioncr.com/2026/2024/04/09/nuevo-embajador-de-india-desplegara-robusta-agenda-bilateral-con-costa-rica/
[2026-04-26 12:37:20,195] DEBUG - lareaccioncr: [61/90] https://lareaccioncr.com/2026/2023/06/28/videos-fantasma-de-limon-ciudad-puerto-empieza-a-perseguir-el-acumulado-del-canon-de-apm-terminals/
[2026-04-26 12:37:23,857] DEBUG - lareaccioncr: [62/90] https://lareaccioncr.com/2026/2023/04/19/en-las-calles-y-en-la-ley-el-gobierno-lanza-su-respuesta-al-aumento-de-la-criminalidad/
[2026-04-26 12:37:27,540] DEBUG - lareaccioncr: [63/90] https://lareaccioncr.com/2026/2026/03/17/laura-fernadez-recibio-las-credenciales-presidenciales/
[2026-04-26 12:37:31,929] DEBUG - lareaccioncr: [64/90] https://lareaccioncr.com/2026/2026/01/28/ataques-a-laura-fernandez-se-centraron-en-sus-candidatos-a-diputados/
[2026-04-26 12:37:35,420] DEBUG - lareaccioncr: [65/90] https://lareaccioncr.com/2026/2026/01/27/candidatos-debaten-entre-si-con-replicas-y-contrarreplicas-maximas-de-un-minuto/
[2026-04-26 12:37:38,899] DEBUG - lareaccioncr: [66/90] https://lareaccioncr.com/2026/2026/01/22/indecisos-podrian-terminar-por-engrosar-filas-del-abstencionismo/
[2026-04-26 12:37:42,486] DEBUG - lareaccioncr: [67/90] https://lareaccioncr.com/2026/2026/01/21/candidatos-mostraron-disconformidad-con-poco-tiempo-para-plantear-propuestas/
[2026-04-26 12:37:46,051] DEBUG - lareaccioncr: [68/90] https://lareaccioncr.com/2026/2026/01/15/juan-carlos-hidalgo-gobierno-podia-denunciar-convenio-de-oit-sobre-pensiones-de-lujo/
[2026-04-26 12:37:49,707] DEBUG - lareaccioncr: [69/90] https://lareaccioncr.com/2026/2026/01/13/boris-molina-eugenia-zamora-y-carlo-diaz-le-hicieron-mucho-ruido-al-proceso-electoral/
[2026-04-26 12:37:53,182] DEBUG - lareaccioncr: [70/90] https://lareaccioncr.com/2026/2026/01/12/fernando-zamora-precios-de-granos-basicos-bajaron-para-campana-electoral/
[2026-04-26 12:37:56,739] DEBUG - lareaccioncr: [71/90] https://lareaccioncr.com/2026/2026/01/09/tse-estudia-prohibicion-a-gobiernos-extranjeros-de-hablar-sobre-proceso-electoral/
[2026-04-26 12:38:00,247] DEBUG - lareaccioncr: [72/90] https://lareaccioncr.com/2026/2026/01/09/lunes-12-de-enero-empezara-distribucion-de-material-electoral/
[2026-04-26 12:38:03,707] DEBUG - lareaccioncr: [73/90] https://lareaccioncr.com/2026/2026/01/08/movimiento-devuelvanos-el-rop-urge-aprobar-proyectos-de-ley-antes-de-mayo/
[2026-04-26 12:38:07,317] DEBUG - lareaccioncr: [74/90] https://lareaccioncr.com/2026/2026/01/07/ana-virginia-calzada-si-hay-un-tico-con-corona-ese-es-rodrigo-chaves/
[2026-04-26 12:38:10,834] DEBUG - lareaccioncr: [75/90] https://lareaccioncr.com/2026/2026/01/06/laura-fernandez-anuncia-que-participara-en-solo-cuatro-debates/
[2026-04-26 12:38:14,305] DEBUG - lareaccioncr: [76/90] https://lareaccioncr.com/2026/2025/12/09/pln-dice-tener-mas-de-2-mil-fiscales-de-mesa-comprometidos-para-febrero/
[2026-04-26 12:41:40,054] INFO - lareaccioncr: === Iniciando scraper: lareaccioncr ===
[2026-04-26 12:41:40,055] INFO - lareaccioncr: URL base: https://lareaccioncr.com/
[2026-04-26 12:41:44,904] INFO - lareaccioncr: No se encontraron enlaces de archivo. Generando URLs de meses automáticamente...
[2026-04-26 12:41:44,905] INFO - lareaccioncr: Generadas 12 URLs de meses
[2026-04-26 12:41:44,922] INFO - lareaccioncr: Archivos mensuales encontrados: 12
[2026-04-26 12:41:44,923] INFO - lareaccioncr: Scrapendo categoría: digalo
[2026-04-26 12:41:47,692] DEBUG - lareaccioncr:   Página 1 de https://lareaccioncr.com/category/digalo/: 0 artículos
[2026-04-26 12:41:49,211] INFO - lareaccioncr: Scrapendo categoría: aqui-hay-tema
[2026-04-26 12:41:51,957] DEBUG - lareaccioncr:   Página 1 de https://lareaccioncr.com/category/aqui-hay-tema/: 0 artículos
[2026-04-26 12:41:53,468] INFO - lareaccioncr: Scrapendo categoría: mando
[2026-04-26 12:41:56,010] DEBUG - lareaccioncr:   Página 1 de https://lareaccioncr.com/category/mando/: 0 artículos
[2026-04-26 12:41:57,533] INFO - lareaccioncr: Scrapendo categoría: desafio
[2026-04-26 12:42:00,064] DEBUG - lareaccioncr:   Página 1 de https://lareaccioncr.com/category/desafio/: 0 artículos
[2026-04-26 12:42:01,586] INFO - lareaccioncr: Scrapendo categoría: destacados
[2026-04-26 12:42:04,252] DEBUG - lareaccioncr:   Página 1 de https://lareaccioncr.com/category/destacados/: 0 artículos
[2026-04-26 12:42:05,773] INFO - lareaccioncr: Scrapendo categoría: municipales
[2026-04-26 12:42:08,207] DEBUG - lareaccioncr:   Página 1 de https://lareaccioncr.com/category/municipales/: 0 artículos
[2026-04-26 12:42:09,731] INFO - lareaccioncr: Scrapendo categoría: geopolitica
[2026-04-26 12:42:12,222] DEBUG - lareaccioncr:   Página 1 de https://lareaccioncr.com/category/geopolitica/: 0 artículos
[2026-04-26 12:42:13,733] INFO - lareaccioncr: Scrapendo categoría: mercados
[2026-04-26 12:42:16,459] DEBUG - lareaccioncr:   Página 1 de https://lareaccioncr.com/category/mercados/: 0 artículos
[2026-04-26 12:42:17,985] INFO - lareaccioncr: Scrapendo categoría: politica
[2026-04-26 12:42:20,756] DEBUG - lareaccioncr:   Página 1 de https://lareaccioncr.com/category/politica/: 0 artículos
[2026-04-26 12:42:22,280] INFO - lareaccioncr: Scrapendo categoría: protagonistas
[2026-04-26 12:42:24,956] DEBUG - lareaccioncr:   Página 1 de https://lareaccioncr.com/category/protagonistas/: 0 artículos
[2026-04-26 12:42:26,467] INFO - lareaccioncr: Scrapendo categoría: reacciones
[2026-04-26 12:42:29,058] DEBUG - lareaccioncr:   Página 1 de https://lareaccioncr.com/category/reacciones/: 0 artículos
[2026-04-26 12:42:30,572] INFO - lareaccioncr: Scrapendo categoría: tendencias
[2026-04-26 12:42:34,291] DEBUG - lareaccioncr:   Página 1 de https://lareaccioncr.com/category/tendencias/: 0 artículos
[2026-04-26 12:42:35,809] INFO - lareaccioncr: Scrapendo archivo: https://lareaccioncr.com/2026/01/
[2026-04-26 12:42:36,725] DEBUG - lareaccioncr: Página 1 no existe (https://lareaccioncr.com/2026/01/), fin paginación
[2026-04-26 12:42:38,264] INFO - lareaccioncr: Scrapendo archivo: https://lareaccioncr.com/2026/02/
[2026-04-26 12:42:39,038] DEBUG - lareaccioncr: Página 1 no existe (https://lareaccioncr.com/2026/02/), fin paginación
[2026-04-26 12:42:40,580] INFO - lareaccioncr: Scrapendo archivo: https://lareaccioncr.com/2026/03/
[2026-04-26 12:42:41,359] DEBUG - lareaccioncr: Página 1 no existe (https://lareaccioncr.com/2026/03/), fin paginación
[2026-04-26 12:42:42,892] INFO - lareaccioncr: Scrapendo archivo: https://lareaccioncr.com/2026/04/
[2026-04-26 12:42:43,603] DEBUG - lareaccioncr: Página 1 no existe (https://lareaccioncr.com/2026/04/), fin paginación
[2026-04-26 12:42:45,165] INFO - lareaccioncr: Scrapendo archivo: https://lareaccioncr.com/2026/05/
[2026-04-26 12:42:45,918] DEBUG - lareaccioncr: Página 1 no existe (https://lareaccioncr.com/2026/05/), fin paginación
[2026-04-26 12:42:47,455] INFO - lareaccioncr: Scrapendo archivo: https://lareaccioncr.com/2026/06/
[2026-04-26 12:42:48,197] DEBUG - lareaccioncr: Página 1 no existe (https://lareaccioncr.com/2026/06/), fin paginación
[2026-04-26 12:42:49,738] INFO - lareaccioncr: Scrapendo archivo: https://lareaccioncr.com/2026/07/
[2026-04-26 12:42:50,617] DEBUG - lareaccioncr: Página 1 no existe (https://lareaccioncr.com/2026/07/), fin paginación
[2026-04-26 12:42:52,166] INFO - lareaccioncr: Scrapendo archivo: https://lareaccioncr.com/2026/08/
[2026-04-26 12:42:52,896] DEBUG - lareaccioncr: Página 1 no existe (https://lareaccioncr.com/2026/08/), fin paginación
[2026-04-26 12:42:54,438] INFO - lareaccioncr: Scrapendo archivo: https://lareaccioncr.com/2026/09/
[2026-04-26 12:42:55,271] DEBUG - lareaccioncr: Página 1 no existe (https://lareaccioncr.com/2026/09/), fin paginación
[2026-04-26 12:42:56,807] INFO - lareaccioncr: Scrapendo archivo: https://lareaccioncr.com/2026/10/
[2026-04-26 12:42:57,529] DEBUG - lareaccioncr: Página 1 no existe (https://lareaccioncr.com/2026/10/), fin paginación
[2026-04-26 12:42:59,063] INFO - lareaccioncr: Scrapendo archivo: https://lareaccioncr.com/2026/11/
[2026-04-26 12:42:59,726] DEBUG - lareaccioncr: Página 1 no existe (https://lareaccioncr.com/2026/11/), fin paginación
[2026-04-26 12:43:01,267] INFO - lareaccioncr: Scrapendo archivo: https://lareaccioncr.com/2026/12/
[2026-04-26 12:43:02,119] DEBUG - lareaccioncr: Página 1 no existe (https://lareaccioncr.com/2026/12/), fin paginación
[2026-04-26 12:43:03,641] INFO - lareaccioncr: Total URLs únicas recolectadas: 0
[2026-04-26 12:43:03,835] INFO - lareaccioncr: Artículos crudos recolectados: 0
[2026-04-26 12:43:03,836] INFO - lareaccioncr: Exportados 0 registros válidos → output\lareaccioncr_20260426.csv
[2026-04-26 12:43:03,837] INFO - lareaccioncr: === Scraper finalizado: lareaccioncr | Resumen: {'source': 'lareaccioncr', 'status': 'OK', 'total_raw': 0, 'total_valid': 0, 'total_discarded': 0, 'output_file': 'output\\lareaccioncr_20260426.csv'} ===
[2026-04-26 12:48:28,129] INFO - lareaccioncr: === Iniciando scraper: lareaccioncr ===
[2026-04-26 12:48:28,130] INFO - lareaccioncr: URL base: https://lareaccioncr.com/
[2026-04-26 12:48:29,670] INFO - lareaccioncr: Scrapeando categoría: digalo
[2026-04-26 12:48:35,129] INFO - lareaccioncr: Página 1 -> 14 artículos
[2026-04-26 12:48:40,167] INFO - lareaccioncr: Página 2 -> 6 artículos
[2026-04-26 12:48:42,138] INFO - lareaccioncr: Scrapeando categoría: aqui-hay-tema
[2026-04-26 12:48:46,349] INFO - lareaccioncr: Página 1 -> 13 artículos
[2026-04-26 12:48:51,676] INFO - lareaccioncr: Página 2 -> 12 artículos
[2026-04-26 12:48:57,012] INFO - lareaccioncr: Página 3 -> 10 artículos
[2026-04-26 12:49:02,360] INFO - lareaccioncr: Página 4 -> 16 artículos
[2026-04-26 12:49:07,710] INFO - lareaccioncr: Página 5 -> 16 artículos
[2026-04-26 12:49:12,494] INFO - lareaccioncr: Página 6 -> 4 artículos
[2026-04-26 12:49:14,619] INFO - lareaccioncr: Scrapeando categoría: mando
[2026-04-26 12:49:18,707] INFO - lareaccioncr: Página 1 -> 12 artículos
[2026-04-26 12:49:24,154] INFO - lareaccioncr: Página 2 -> 10 artículos
[2026-04-26 12:49:29,452] INFO - lareaccioncr: Página 3 -> 11 artículos
[2026-04-26 12:49:31,703] INFO - lareaccioncr: Scrapeando categoría: desafio
[2026-04-26 12:49:35,616] INFO - lareaccioncr: Página 1 -> 12 artículos
[2026-04-26 12:49:37,560] INFO - lareaccioncr: Scrapeando categoría: destacados
[2026-04-26 12:49:41,721] INFO - lareaccioncr: Página 1 -> 13 artículos
[2026-04-26 12:49:48,981] INFO - lareaccioncr: Página 2 -> 10 artículos
[2026-04-26 12:49:54,496] INFO - lareaccioncr: Página 3 -> 11 artículos
[2026-04-26 12:50:00,126] INFO - lareaccioncr: Página 4 -> 11 artículos
[2026-04-26 12:50:05,722] INFO - lareaccioncr: Página 5 -> 10 artículos
[2026-04-26 12:50:11,269] INFO - lareaccioncr: Página 6 -> 16 artículos
[2026-04-26 12:50:16,837] INFO - lareaccioncr: Página 7 -> 17 artículos
[2026-04-26 12:50:22,005] INFO - lareaccioncr: Página 8 -> 7 artículos
[2026-04-26 12:50:24,459] INFO - lareaccioncr: Scrapeando categoría: municipales
[2026-04-26 12:50:28,064] INFO - lareaccioncr: Página 1 -> 6 artículos
[2026-04-26 12:50:30,058] INFO - lareaccioncr: Scrapeando categoría: geopolitica
[2026-04-26 12:50:33,667] INFO - lareaccioncr: Página 1 -> 6 artículos
[2026-04-26 12:50:35,648] INFO - lareaccioncr: Scrapeando categoría: mercados
[2026-04-26 12:50:40,064] INFO - lareaccioncr: Página 1 -> 14 artículos
[2026-04-26 12:50:45,637] INFO - lareaccioncr: Página 2 -> 15 artículos
[2026-04-26 12:50:50,938] INFO - lareaccioncr: Página 3 -> 13 artículos
[2026-04-26 12:50:52,927] INFO - lareaccioncr: Scrapeando categoría: politica
[2026-04-26 12:50:57,131] INFO - lareaccioncr: Página 1 -> 13 artículos
[2026-04-26 12:51:02,669] INFO - lareaccioncr: Página 2 -> 10 artículos
[2026-04-26 12:51:08,579] INFO - lareaccioncr: Página 3 -> 11 artículos
[2026-04-26 12:51:16,568] INFO - lareaccioncr: Página 4 -> 11 artículos
[2026-04-26 12:51:21,591] INFO - lareaccioncr: Página 5 -> 8 artículos
[2026-04-26 12:51:23,560] INFO - lareaccioncr: Scrapeando categoría: protagonistas
[2026-04-26 12:51:27,907] INFO - lareaccioncr: Página 1 -> 13 artículos
[2026-04-26 12:51:33,456] INFO - lareaccioncr: Página 2 -> 11 artículos
[2026-04-26 12:51:38,885] INFO - lareaccioncr: Página 3 -> 11 artículos
[2026-04-26 12:51:40,902] INFO - lareaccioncr: Scrapeando categoría: reacciones
[2026-04-26 12:51:44,834] INFO - lareaccioncr: Página 1 -> 11 artículos
[2026-04-26 12:51:46,879] INFO - lareaccioncr: Scrapeando categoría: tendencias
[2026-04-26 12:51:50,330] INFO - lareaccioncr: Página 1 -> 4 artículos
[2026-04-26 12:51:52,377] INFO - lareaccioncr: Scrapeando archivo: https://lareaccioncr.com/2026/01/
[2026-04-26 12:51:53,695] INFO - lareaccioncr: Scrapeando archivo: https://lareaccioncr.com/2026/02/
[2026-04-26 12:51:56,811] INFO - lareaccioncr: Scrapeando archivo: https://lareaccioncr.com/2026/03/
[2026-04-26 12:51:57,727] INFO - lareaccioncr: Scrapeando archivo: https://lareaccioncr.com/2026/04/
[2026-04-26 12:51:58,430] INFO - lareaccioncr: Scrapeando archivo: https://lareaccioncr.com/2026/05/
[2026-04-26 12:51:59,171] INFO - lareaccioncr: Scrapeando archivo: https://lareaccioncr.com/2026/06/
[2026-04-26 12:51:59,933] INFO - lareaccioncr: Scrapeando archivo: https://lareaccioncr.com/2026/07/
[2026-04-26 12:52:00,640] INFO - lareaccioncr: Scrapeando archivo: https://lareaccioncr.com/2026/08/
[2026-04-26 12:52:01,547] INFO - lareaccioncr: Scrapeando archivo: https://lareaccioncr.com/2026/09/
[2026-04-26 12:52:02,344] INFO - lareaccioncr: Scrapeando archivo: https://lareaccioncr.com/2026/10/
[2026-04-26 12:52:03,967] INFO - lareaccioncr: Scrapeando archivo: https://lareaccioncr.com/2026/11/
[2026-04-26 12:52:04,869] INFO - lareaccioncr: Scrapeando archivo: https://lareaccioncr.com/2026/12/
[2026-04-26 12:52:05,690] INFO - lareaccioncr: Total URLs únicas recolectadas: 110
[2026-04-26 12:52:05,690] INFO - lareaccioncr: [1/110] Procesando artículo
[2026-04-26 12:52:09,995] INFO - lareaccioncr: ✓ Artículo extraído: ¡Dígalo! Cuando el arte nos reúne: el verdadero sentido de s (4068 chars)
[2026-04-26 12:52:11,012] INFO - lareaccioncr: [2/110] Procesando artículo
[2026-04-26 12:52:16,821] INFO - lareaccioncr: [3/110] Procesando artículo
[2026-04-26 12:52:20,420] INFO - lareaccioncr: ✓ Artículo extraído: Laura Fernández acusa a Fabricio Alvarado de acoso sexual, y (2304 chars)
[2026-04-26 12:52:21,435] INFO - lareaccioncr: [4/110] Procesando artículo
[2026-04-26 12:52:25,755] INFO - lareaccioncr: [5/110] Procesando artículo
[2026-04-26 12:52:29,463] INFO - lareaccioncr: ✓ Artículo extraído: Eli Feinzaig: “El chavismo no quiere modificar la Constituci (4644 chars)
[2026-04-26 12:52:30,486] INFO - lareaccioncr: [6/110] Procesando artículo
[2026-04-26 12:52:34,205] INFO - lareaccioncr: ✓ Artículo extraído: Álvaro Ramos afirma que Laura Fernández “no es títere de nad (3305 chars)
[2026-04-26 12:52:35,220] INFO - lareaccioncr: [7/110] Procesando artículo
[2026-04-26 12:52:38,897] INFO - lareaccioncr: ✓ Artículo extraído: Claudio Alpizar: “Rodrigo Chaves necesita a Bukele para mant (2999 chars)
[2026-04-26 12:52:39,912] INFO - lareaccioncr: [8/110] Procesando artículo
[2026-04-26 12:52:43,693] INFO - lareaccioncr: ✓ Artículo extraído: Róger Madrigal cree que “errores y omisiones” es por cambio  (2886 chars)
[2026-04-26 12:52:44,717] INFO - lareaccioncr: [9/110] Procesando artículo
[2026-04-26 12:52:48,177] INFO - lareaccioncr: ✓ Artículo extraído: 9 de diciembre de 2025 (368 chars)
[2026-04-26 12:52:49,193] INFO - lareaccioncr: [10/110] Procesando artículo
[2026-04-26 12:52:52,749] INFO - lareaccioncr: ✓ Artículo extraído: Persona fallecida en 2017 aparece entre notificados por tier (5979 chars)
[2026-04-26 12:52:53,776] INFO - lareaccioncr: [11/110] Procesando artículo
[2026-04-26 12:52:57,398] INFO - lareaccioncr: ✓ Artículo extraído: El ROP no se da “a pagos de polaco” dice gerente de BN Vital (3465 chars)
[2026-04-26 12:52:58,413] INFO - lareaccioncr: [12/110] Procesando artículo
[2026-04-26 12:53:01,895] INFO - lareaccioncr: ✓ Artículo extraído: Fecha para levantar inmunidad del presidente se conocerá el  (2508 chars)
[2026-04-26 12:53:02,906] INFO - lareaccioncr: [13/110] Procesando artículo
[2026-04-26 12:53:06,466] INFO - lareaccioncr: ✓ Artículo extraído: Fabricio Alvarado insistirá en negociación con Iglesia Catól (3395 chars)
[2026-04-26 12:53:07,480] INFO - lareaccioncr: [14/110] Procesando artículo
[2026-04-26 12:53:10,834] INFO - lareaccioncr: ✓ Artículo extraído: 20 de noviembre de 2025 (369 chars)
[2026-04-26 12:53:11,846] INFO - lareaccioncr: [15/110] Procesando artículo
[2026-04-26 12:53:15,292] INFO - lareaccioncr: ✓ Artículo extraído: Candidatos presidenciales celebran medida cautelar en tema f (2800 chars)
[2026-04-26 12:53:16,309] INFO - lareaccioncr: [16/110] Procesando artículo
[2026-04-26 12:53:19,734] INFO - lareaccioncr: ✓ Artículo extraído: Chaves guarda “las cartas” en tema de frecuencias tras medid (3511 chars)
[2026-04-26 12:53:20,754] INFO - lareaccioncr: [17/110] Procesando artículo
[2026-04-26 12:53:24,216] INFO - lareaccioncr: ✓ Artículo extraído: Costa Rica adolece de Oficina de Protección al Consumidor Fi (2909 chars)
[2026-04-26 12:53:25,241] INFO - lareaccioncr: [18/110] Procesando artículo
[2026-04-26 12:53:28,709] INFO - lareaccioncr: ✓ Artículo extraído: (VIDEO) Jefe del PUSC confirma que diputados “pidieron cacao (3354 chars)
[2026-04-26 12:53:29,723] INFO - lareaccioncr: [19/110] Procesando artículo
[2026-04-26 12:53:33,244] INFO - lareaccioncr: ✓ Artículo extraído: (¡Dígalo!) (Videos) El BEE: testimonio del compromiso de la  (4376 chars)
[2026-04-26 12:53:34,268] INFO - lareaccioncr: [20/110] Procesando artículo
[2026-04-26 12:53:37,569] INFO - lareaccioncr: ✓ Artículo extraído: 17 de febrero de 2025 (439 chars)
[2026-04-26 12:53:38,591] INFO - lareaccioncr: [21/110] Procesando artículo
[2026-04-26 12:53:42,268] INFO - lareaccioncr: ✓ Artículo extraído: Financiamiento de U Públicas «casi seguro» que volvería al C (2724 chars)
[2026-04-26 12:53:43,274] INFO - lareaccioncr: [22/110] Procesando artículo
[2026-04-26 12:53:46,917] INFO - lareaccioncr: ✓ Artículo extraído: Diputados electos de oposición destacan que no darán el braz (2869 chars)
[2026-04-26 12:53:47,926] INFO - lareaccioncr: [23/110] Procesando artículo
[2026-04-26 12:53:52,129] INFO - lareaccioncr: [24/110] Procesando artículo
[2026-04-26 12:53:55,831] INFO - lareaccioncr: ✓ Artículo extraído: Se encomendó a la Santísima Trinidad y se lanzó del vagón (3209 chars)
[2026-04-26 12:53:56,856] INFO - lareaccioncr: [25/110] Procesando artículo
[2026-04-26 12:54:00,682] INFO - lareaccioncr: ✓ Artículo extraído: Consumidores financieros quedan a la espera de una firma del (3633 chars)
[2026-04-26 12:54:01,708] INFO - lareaccioncr: [26/110] Procesando artículo
[2026-04-26 12:54:05,416] INFO - lareaccioncr: ✓ Artículo extraído: Expresidente del TSE niega ofrecimiento de candidatura a la  (5785 chars)
[2026-04-26 12:54:06,428] INFO - lareaccioncr: [27/110] Procesando artículo
[2026-04-26 12:54:10,110] INFO - lareaccioncr: ✓ Artículo extraído: TSE y Justicia enfrentados por cédulas de privados de libert (3157 chars)
[2026-04-26 12:54:11,136] INFO - lareaccioncr: [28/110] Procesando artículo
[2026-04-26 12:54:16,426] INFO - lareaccioncr: ✓ Artículo extraído: Pensiones, pobreza y seguridad genera enfrentamiento entre c (2794 chars)
[2026-04-26 12:54:17,440] INFO - lareaccioncr: [29/110] Procesando artículo
[2026-04-26 12:54:21,193] INFO - lareaccioncr: ✓ Artículo extraído: Pueblo Soberano podría barrer con diputaciones en algunas pr (3576 chars)
[2026-04-26 12:54:22,212] INFO - lareaccioncr: [30/110] Procesando artículo
[2026-04-26 12:54:25,849] INFO - lareaccioncr: ✓ Artículo extraído: Costa Rica podría ingresar $2 mil millones anuales por explo (3711 chars)
[2026-04-26 12:54:26,873] INFO - lareaccioncr: [31/110] Procesando artículo
[2026-04-26 12:54:30,745] INFO - lareaccioncr: ✓ Artículo extraído: Cacco estará vacío mientras las leyes no sean cambiadas advi (3447 chars)
[2026-04-26 12:54:31,764] INFO - lareaccioncr: [32/110] Procesando artículo
[2026-04-26 12:54:35,252] INFO - lareaccioncr: ✓ Artículo extraído: País acumula $712 millones asignados como “errores” en Balan (3166 chars)
[2026-04-26 12:54:36,267] INFO - lareaccioncr: [33/110] Procesando artículo
[2026-04-26 12:54:39,726] INFO - lareaccioncr: ✓ Artículo extraído: Pensar en una pensión debe ser un tema personal afirma geren (3241 chars)
[2026-04-26 12:54:40,743] INFO - lareaccioncr: [34/110] Procesando artículo
[2026-04-26 12:54:44,203] INFO - lareaccioncr: ✓ Artículo extraído: Autoridades notificaron hasta personas fallecidas sobre prop (7860 chars)
[2026-04-26 12:54:45,221] INFO - lareaccioncr: [35/110] Procesando artículo
[2026-04-26 12:54:48,772] INFO - lareaccioncr: ✓ Artículo extraído: Sacramento: un pueblo 200 años luchando por reconocimiento (13020 chars)
[2026-04-26 12:54:49,788] INFO - lareaccioncr: [36/110] Procesando artículo
[2026-04-26 12:54:53,289] INFO - lareaccioncr: ✓ Artículo extraído: Pueblo Soberano inscribió más de 9 mil miembros de mesa (2833 chars)
[2026-04-26 12:54:54,305] INFO - lareaccioncr: [37/110] Procesando artículo
[2026-04-26 12:54:57,830] INFO - lareaccioncr: ✓ Artículo extraído: ¿Varió el Colegio de Abogados la nota de incorporación de fo (8921 chars)
[2026-04-26 12:54:58,854] INFO - lareaccioncr: [38/110] Procesando artículo
[2026-04-26 12:55:05,399] INFO - lareaccioncr: ✓ Artículo extraído: Conare lanza plataforma para desarrollar soluciones concreta (2752 chars)
[2026-04-26 12:55:06,423] INFO - lareaccioncr: [39/110] Procesando artículo
[2026-04-26 12:55:09,920] INFO - lareaccioncr: ✓ Artículo extraído: (Transmisión) País incrementa ciudades que velan, cuidan y d (2997 chars)
[2026-04-26 12:55:10,939] INFO - lareaccioncr: [40/110] Procesando artículo
[2026-04-26 12:55:14,345] INFO - lareaccioncr: ✓ Artículo extraído: Plataforma antimercados distorsionados alerta sobre endeudam (2442 chars)
[2026-04-26 12:55:15,358] INFO - lareaccioncr: [41/110] Procesando artículo
[2026-04-26 12:55:18,814] INFO - lareaccioncr: ✓ Artículo extraído: Juan José Andrade afirma que crisis de seguridad no es por f (2851 chars)
[2026-04-26 12:55:19,837] INFO - lareaccioncr: [42/110] Procesando artículo
[2026-04-26 12:55:23,375] INFO - lareaccioncr: ✓ Artículo extraído: Nueva Generación y Nueva República tendrían los mejores plan (4597 chars)
[2026-04-26 12:55:24,390] INFO - lareaccioncr: [43/110] Procesando artículo
[2026-04-26 12:55:27,843] INFO - lareaccioncr: ✓ Artículo extraído: (EN VIVO) Rodrigo Chaves comparece ante Asamblea por denunci (1202 chars)
[2026-04-26 12:55:28,863] INFO - lareaccioncr: [44/110] Procesando artículo
[2026-04-26 12:55:32,391] INFO - lareaccioncr: ✓ Artículo extraído: (Entrevista) Eli Feinzaig afirma que no desperdiciará su ter (2601 chars)
[2026-04-26 12:55:33,410] INFO - lareaccioncr: [45/110] Procesando artículo
[2026-04-26 12:55:36,844] INFO - lareaccioncr: ✓ Artículo extraído: (VIDEO) Mario Saldivar advierte que elecciones se roban al d (3626 chars)
[2026-04-26 12:55:37,871] INFO - lareaccioncr: [46/110] Procesando artículo
[2026-04-26 12:55:41,295] INFO - lareaccioncr: ✓ Artículo extraído: (Transmisiones) Candidatos presidenciales debaten sobre el f (2002 chars)
[2026-04-26 12:55:42,318] INFO - lareaccioncr: [47/110] Procesando artículo
[2026-04-26 12:55:45,895] INFO - lareaccioncr: ✓ Artículo extraído: (Entrevista) Banco Nacional sobre sentencia judicial de frau (4248 chars)
[2026-04-26 12:55:46,915] INFO - lareaccioncr: [48/110] Procesando artículo
[2026-04-26 12:55:50,277] INFO - lareaccioncr: ✓ Artículo extraído: 1 de octubre de 2025 (426 chars)
[2026-04-26 12:55:51,298] INFO - lareaccioncr: [49/110] Procesando artículo
[2026-04-26 12:55:54,731] INFO - lareaccioncr: ✓ Artículo extraído: El INA lleva la empresarialidad al Pacífico Central (2746 chars)
[2026-04-26 12:55:55,746] INFO - lareaccioncr: [50/110] Procesando artículo
[2026-04-26 12:55:59,163] INFO - lareaccioncr: ✓ Artículo extraído: 19 de agosto de 2025 (368 chars)
[2026-04-26 12:56:00,186] INFO - lareaccioncr: [51/110] Procesando artículo
[2026-04-26 12:56:03,754] INFO - lareaccioncr: ✓ Artículo extraído: (Video) Costa Rica y China alcanzan la «mayoría de edad» en  (4419 chars)
[2026-04-26 12:56:04,772] INFO - lareaccioncr: [52/110] Procesando artículo
[2026-04-26 12:56:08,111] INFO - lareaccioncr: ✓ Artículo extraído: 26 de junio de 2025 (367 chars)
[2026-04-26 12:56:09,123] INFO - lareaccioncr: [53/110] Procesando artículo
[2026-04-26 12:56:12,687] INFO - lareaccioncr: ✓ Artículo extraído: Luis Amador y el caso de la pista Daniel Oduber: «Yo no cont (5793 chars)
[2026-04-26 12:56:13,709] INFO - lareaccioncr: [54/110] Procesando artículo
[2026-04-26 12:56:16,982] INFO - lareaccioncr: ✓ Artículo extraído: 13 de mayo de 2025 (393 chars)
[2026-04-26 12:56:18,004] INFO - lareaccioncr: [55/110] Procesando artículo
[2026-04-26 12:56:21,514] INFO - lareaccioncr: ✓ Artículo extraído: (Videos) ¡Apúrese! Un crédito verde del Banco Nacional lo es (5356 chars)
[2026-04-26 12:56:22,537] INFO - lareaccioncr: [56/110] Procesando artículo
[2026-04-26 12:56:26,098] INFO - lareaccioncr: ✓ Artículo extraído: (Documental) Inés Chaves: La Niña que nos enseñó a amar la m (17144 chars)
[2026-04-26 12:56:27,115] INFO - lareaccioncr: [57/110] Procesando artículo
[2026-04-26 12:56:32,541] INFO - lareaccioncr: ✓ Artículo extraído: 18 de marzo de 2025 (347 chars)
[2026-04-26 12:56:33,562] INFO - lareaccioncr: [58/110] Procesando artículo
[2026-04-26 12:56:37,074] INFO - lareaccioncr: ✓ Artículo extraído: (Videos) El tipo de cambio golpea también la Inversión Extra (5022 chars)
[2026-04-26 12:56:38,099] INFO - lareaccioncr: [59/110] Procesando artículo
[2026-04-26 12:56:41,584] INFO - lareaccioncr: ✓ Artículo extraído: Computadoras sin uso y programas cancelados: el grave retroc (6124 chars)
[2026-04-26 12:56:42,609] INFO - lareaccioncr: [60/110] Procesando artículo
[2026-04-26 12:56:46,076] INFO - lareaccioncr: ✓ Artículo extraído: (Videos) ¿Se vio afectado por las intervenciones de Coopeser (2308 chars)
[2026-04-26 12:56:47,097] INFO - lareaccioncr: [61/110] Procesando artículo
[2026-04-26 12:56:50,585] INFO - lareaccioncr: ✓ Artículo extraído: (Videos) Vuelos baratos: ¿A la vista el sexto resello a un v (3519 chars)
[2026-04-26 12:56:51,600] INFO - lareaccioncr: [62/110] Procesando artículo
[2026-04-26 12:56:55,057] INFO - lareaccioncr: ✓ Artículo extraído: La Copa del Café 2025 estará en el ojo del mundo tenístico.  (3280 chars)
[2026-04-26 12:56:56,087] INFO - lareaccioncr: [63/110] Procesando artículo
[2026-04-26 12:56:59,531] INFO - lareaccioncr: ✓ Artículo extraído: 12 de enero de 2025 (356 chars)
[2026-04-26 12:57:00,550] INFO - lareaccioncr: [64/110] Procesando artículo
[2026-04-26 12:57:03,993] INFO - lareaccioncr: ✓ Artículo extraído: Régimen municipal se levanta contra plan de Salud para el ma (4026 chars)
[2026-04-26 12:57:05,017] INFO - lareaccioncr: [65/110] Procesando artículo
[2026-04-26 12:57:08,548] INFO - lareaccioncr: ✓ Artículo extraído: (Video) Facturas electrónicas incluirán dato clave a partir  (1055 chars)
[2026-04-26 12:57:09,562] INFO - lareaccioncr: [66/110] Procesando artículo
[2026-04-26 12:57:14,851] INFO - lareaccioncr: ✓ Artículo extraído: 29 de diciembre de 2024 (365 chars)
[2026-04-26 12:57:15,872] INFO - lareaccioncr: [67/110] Procesando artículo
[2026-04-26 12:57:19,474] INFO - lareaccioncr: ✓ Artículo extraído: (Video) ¿Marta Esquivel a dirigir el MIDEPLAN? Chaves contes (2801 chars)
[2026-04-26 12:57:20,496] INFO - lareaccioncr: [68/110] Procesando artículo
[2026-04-26 12:57:24,644] INFO - lareaccioncr: ✓ Artículo extraído: Gobierno lanza nueva estrategia para bajar los precios de la (3731 chars)
[2026-04-26 12:57:25,667] INFO - lareaccioncr: [69/110] Procesando artículo
[2026-04-26 12:57:30,306] INFO - lareaccioncr: ✓ Artículo extraído: 29 de noviembre de 2024 (372 chars)
[2026-04-26 12:57:31,333] INFO - lareaccioncr: [70/110] Procesando artículo
[2026-04-26 12:57:35,668] INFO - lareaccioncr: ✓ Artículo extraído: PLN abre asamblea nacional con video dirigido al Gobierno de (877 chars)
[2026-04-26 12:57:36,689] INFO - lareaccioncr: [71/110] Procesando artículo
[2026-04-26 12:57:40,077] INFO - lareaccioncr: ✓ Artículo extraído: 12 de octubre de 2024 (361 chars)
[2026-04-26 12:57:41,099] INFO - lareaccioncr: [72/110] Procesando artículo
[2026-04-26 12:57:44,680] INFO - lareaccioncr: ✓ Artículo extraído: (Video) Pacientes de cáncer siguen sin poder aprovechar equi (3490 chars)
[2026-04-26 12:57:45,706] INFO - lareaccioncr: [73/110] Procesando artículo
[2026-04-26 12:57:49,168] INFO - lareaccioncr: ✓ Artículo extraído: 19 de septiembre de 2024 (377 chars)
[2026-04-26 12:57:50,205] INFO - lareaccioncr: [74/110] Procesando artículo
[2026-04-26 12:57:53,717] INFO - lareaccioncr: ✓ Artículo extraído: (Videos) Listos para asumir sus cargos: IFAM tiende la mano  (2602 chars)
[2026-04-26 12:57:54,752] INFO - lareaccioncr: [75/110] Procesando artículo
[2026-04-26 12:57:58,304] INFO - lareaccioncr: ✓ Artículo extraído: 14 de abril de 2024 (369 chars)
[2026-04-26 12:57:59,329] INFO - lareaccioncr: [76/110] Procesando artículo
[2026-04-26 12:58:02,986] INFO - lareaccioncr: ✓ Artículo extraído: (Videos) AyA ignora cómo financiará el proyecto clave para r (2282 chars)
[2026-04-26 12:58:04,010] INFO - lareaccioncr: [77/110] Procesando artículo
[2026-04-26 12:58:07,552] INFO - lareaccioncr: ✓ Artículo extraído: Nuevo embajador de India desplegará robusta agenda bilateral (2633 chars)
[2026-04-26 12:58:08,563] INFO - lareaccioncr: [78/110] Procesando artículo
[2026-04-26 12:58:12,139] INFO - lareaccioncr: ✓ Artículo extraído: (Videos) Fantasma de Limón Ciudad Puerto empieza a perseguir (7960 chars)
[2026-04-26 12:58:13,161] INFO - lareaccioncr: [79/110] Procesando artículo
[2026-04-26 12:58:16,446] INFO - lareaccioncr: ✓ Artículo extraído: 28 de junio de 2023 (381 chars)
[2026-04-26 12:58:17,471] INFO - lareaccioncr: [80/110] Procesando artículo
[2026-04-26 12:58:20,983] INFO - lareaccioncr: ✓ Artículo extraído: En las calles y en la ley: el gobierno lanza su respuesta al (3822 chars)
[2026-04-26 12:58:22,007] INFO - lareaccioncr: [81/110] Procesando artículo
[2026-04-26 12:58:27,388] INFO - lareaccioncr: ✓ Artículo extraído: 19 de abril de 2023 (356 chars)
[2026-04-26 12:58:28,414] INFO - lareaccioncr: [82/110] Procesando artículo
[2026-04-26 12:58:33,446] INFO - lareaccioncr: ✓ Artículo extraído: Laura Fernadéz recibió las credenciales presidenciales (2045 chars)
[2026-04-26 12:58:34,474] INFO - lareaccioncr: [83/110] Procesando artículo
[2026-04-26 12:58:38,275] INFO - lareaccioncr: ✓ Artículo extraído: Ataques a Laura Fernández se centraron en sus candidatos a d (5383 chars)
[2026-04-26 12:58:39,293] INFO - lareaccioncr: [84/110] Procesando artículo
[2026-04-26 12:58:43,074] INFO - lareaccioncr: ✓ Artículo extraído: Candidatos debaten entre sí, con réplicas y contrarréplicas  (1783 chars)
[2026-04-26 12:58:44,096] INFO - lareaccioncr: [85/110] Procesando artículo
[2026-04-26 12:58:47,855] INFO - lareaccioncr: ✓ Artículo extraído: Indecisos podrían terminar por engrosar filas del abstencion (3851 chars)
[2026-04-26 12:58:48,866] INFO - lareaccioncr: [86/110] Procesando artículo
[2026-04-26 12:58:52,563] INFO - lareaccioncr: ✓ Artículo extraído: Candidatos mostraron disconformidad con poco tiempo para pla (3785 chars)
[2026-04-26 12:58:53,575] INFO - lareaccioncr: [87/110] Procesando artículo
[2026-04-26 12:58:57,364] INFO - lareaccioncr: ✓ Artículo extraído: Juan Carlos Hidalgo: “Gobierno podía denunciar convenio de O (3739 chars)
[2026-04-26 12:58:58,378] INFO - lareaccioncr: [88/110] Procesando artículo
[2026-04-26 12:59:02,059] INFO - lareaccioncr: ✓ Artículo extraído: Boris Molina: “Eugenia Zamora y Carlo Díaz le hicieron mucho (3483 chars)
[2026-04-26 12:59:03,084] INFO - lareaccioncr: [89/110] Procesando artículo
[2026-04-26 12:59:06,870] INFO - lareaccioncr: ✓ Artículo extraído: Fernando Zamora: «Precios de granos básicos bajaron para cam (3675 chars)
[2026-04-26 12:59:07,891] INFO - lareaccioncr: [90/110] Procesando artículo
[2026-04-26 12:59:11,556] INFO - lareaccioncr: ✓ Artículo extraído: TSE estudia prohibición a gobiernos extranjeros de hablar so (4019 chars)
[2026-04-26 12:59:12,577] INFO - lareaccioncr: [91/110] Procesando artículo
[2026-04-26 12:59:16,338] INFO - lareaccioncr: ✓ Artículo extraído: Lunes 12 de enero empezará distribución de material electora (3660 chars)
[2026-04-26 12:59:17,364] INFO - lareaccioncr: [92/110] Procesando artículo
[2026-04-26 12:59:22,466] INFO - lareaccioncr: ✓ Artículo extraído: Movimiento Devuelvános el ROP urge aprobar proyectos de ley  (3520 chars)
[2026-04-26 12:59:23,487] INFO - lareaccioncr: [93/110] Procesando artículo
[2026-04-26 12:59:27,280] INFO - lareaccioncr: ✓ Artículo extraído: Ana Virginia Calzada: «Si hay un tico con corona ese es Rodr (2929 chars)
[2026-04-26 12:59:28,300] INFO - lareaccioncr: [94/110] Procesando artículo
[2026-04-26 12:59:31,927] INFO - lareaccioncr: ✓ Artículo extraído: Laura Fernández anuncia que participará en solo cuatro debat (2575 chars)
[2026-04-26 12:59:32,943] INFO - lareaccioncr: [95/110] Procesando artículo
[2026-04-26 12:59:36,440] INFO - lareaccioncr: ✓ Artículo extraído: (VIDEO) PLN dice tener más de 2 mil fiscales de mesa comprom (3960 chars)
[2026-04-26 12:59:37,455] INFO - lareaccioncr: [96/110] Procesando artículo
[2026-04-26 12:59:41,856] INFO - lareaccioncr: ✓ Artículo extraído: Mayoría de votantes de Laura Fernández son hombres mayores d (3842 chars)
[2026-04-26 12:59:42,877] INFO - lareaccioncr: [97/110] Procesando artículo
[2026-05-16 09:07:48,509] INFO - lareaccioncr: === Iniciando scraper: lareaccioncr ===
[2026-05-16 09:07:48,515] INFO - lareaccioncr: URL base: https://lareaccioncr.com/
[2026-05-16 09:08:19,100] INFO - lareaccioncr: Scrapeando categoría: digalo
[2026-05-16 09:08:30,843] INFO - lareaccioncr: Página 1 -> 14 artículos
[2026-05-16 09:08:37,129] INFO - lareaccioncr: Página 2 -> 6 artículos
[2026-05-16 09:08:40,274] INFO - lareaccioncr: Scrapeando categoría: aqui-hay-tema
[2026-05-16 09:08:46,231] INFO - lareaccioncr: Página 1 -> 13 artículos
[2026-05-16 09:08:54,407] INFO - lareaccioncr: Página 2 -> 11 artículos
[2026-05-16 09:09:02,180] INFO - lareaccioncr: Página 3 -> 11 artículos
[2026-05-16 09:09:09,591] INFO - lareaccioncr: Página 4 -> 16 artículos
[2026-05-16 09:09:17,381] INFO - lareaccioncr: Página 5 -> 16 artículos
[2026-05-16 09:09:23,738] INFO - lareaccioncr: Página 6 -> 5 artículos
[2026-05-16 09:09:26,236] INFO - lareaccioncr: Scrapeando categoría: mando
[2026-05-16 09:09:33,416] INFO - lareaccioncr: Página 1 -> 12 artículos
[2026-05-16 09:09:41,077] INFO - lareaccioncr: Página 2 -> 10 artículos
[2026-05-16 09:09:48,215] INFO - lareaccioncr: Página 3 -> 11 artículos
[2026-05-16 09:09:50,509] INFO - lareaccioncr: Scrapeando categoría: desafio
[2026-05-16 09:09:56,243] INFO - lareaccioncr: Página 1 -> 12 artículos
[2026-05-16 09:09:58,720] INFO - lareaccioncr: Scrapeando categoría: destacados
[2026-05-16 09:10:05,031] INFO - lareaccioncr: Página 1 -> 13 artículos
[2026-05-16 09:10:12,414] INFO - lareaccioncr: Página 2 -> 10 artículos
[2026-05-16 09:10:19,737] INFO - lareaccioncr: Página 3 -> 11 artículos
[2026-05-16 09:10:28,948] INFO - lareaccioncr: Página 4 -> 11 artículos
[2026-05-16 09:10:38,671] INFO - lareaccioncr: Página 5 -> 10 artículos
[2026-05-16 09:10:47,222] INFO - lareaccioncr: Página 6 -> 16 artículos
[2026-05-16 09:10:55,842] INFO - lareaccioncr: Página 7 -> 17 artículos
[2026-05-16 09:11:03,557] INFO - lareaccioncr: Página 8 -> 7 artículos
[2026-05-16 09:11:06,158] INFO - lareaccioncr: Scrapeando categoría: municipales
[2026-05-16 09:11:11,129] INFO - lareaccioncr: Página 1 -> 6 artículos
[2026-05-16 09:11:13,540] INFO - lareaccioncr: Scrapeando categoría: geopolitica
[2026-05-16 09:11:18,217] INFO - lareaccioncr: Página 1 -> 6 artículos
[2026-05-16 09:11:20,548] INFO - lareaccioncr: Scrapeando categoría: mercados
[2026-05-16 09:11:27,839] INFO - lareaccioncr: Página 1 -> 14 artículos
[2026-05-16 09:11:35,731] INFO - lareaccioncr: Página 2 -> 15 artículos
[2026-05-16 09:11:43,550] INFO - lareaccioncr: Página 3 -> 13 artículos
[2026-05-16 09:11:45,950] INFO - lareaccioncr: Scrapeando categoría: politica
[2026-05-16 09:11:52,870] INFO - lareaccioncr: Página 1 -> 13 artículos
[2026-05-16 09:12:00,839] INFO - lareaccioncr: Página 2 -> 10 artículos
[2026-05-16 09:12:08,118] INFO - lareaccioncr: Página 3 -> 11 artículos
[2026-05-16 09:12:15,465] INFO - lareaccioncr: Página 4 -> 11 artículos
[2026-05-16 09:12:21,728] INFO - lareaccioncr: Página 5 -> 8 artículos
[2026-05-16 09:12:24,534] INFO - lareaccioncr: Scrapeando categoría: protagonistas
[2026-05-16 09:12:31,200] INFO - lareaccioncr: Página 1 -> 13 artículos
[2026-05-16 09:12:38,593] INFO - lareaccioncr: Página 2 -> 11 artículos
[2026-05-16 09:12:45,334] INFO - lareaccioncr: Página 3 -> 11 artículos
[2026-05-16 09:12:47,755] INFO - lareaccioncr: Scrapeando categoría: reacciones
[2026-05-16 09:12:53,028] INFO - lareaccioncr: Página 1 -> 11 artículos
[2026-05-16 09:12:55,896] INFO - lareaccioncr: Scrapeando categoría: tendencias
[2026-05-16 09:13:00,600] INFO - lareaccioncr: Página 1 -> 4 artículos
[2026-05-16 09:13:02,945] INFO - lareaccioncr: Scrapeando archivo: https://lareaccioncr.com/2026/01/
[2026-05-16 09:13:04,433] INFO - lareaccioncr: Scrapeando archivo: https://lareaccioncr.com/2026/02/
[2026-05-16 09:13:05,312] INFO - lareaccioncr: Scrapeando archivo: https://lareaccioncr.com/2026/03/
[2026-05-16 09:13:06,450] INFO - lareaccioncr: Scrapeando archivo: https://lareaccioncr.com/2026/04/
[2026-05-16 09:13:07,364] INFO - lareaccioncr: Scrapeando archivo: https://lareaccioncr.com/2026/05/
[2026-05-16 09:13:08,501] INFO - lareaccioncr: Scrapeando archivo: https://lareaccioncr.com/2026/06/
[2026-05-16 09:13:09,366] INFO - lareaccioncr: Scrapeando archivo: https://lareaccioncr.com/2026/07/
[2026-05-16 09:13:10,161] INFO - lareaccioncr: Scrapeando archivo: https://lareaccioncr.com/2026/08/
[2026-05-16 09:13:10,990] INFO - lareaccioncr: Scrapeando archivo: https://lareaccioncr.com/2026/09/
[2026-05-16 09:13:11,742] INFO - lareaccioncr: Scrapeando archivo: https://lareaccioncr.com/2026/10/
[2026-05-16 09:13:12,967] INFO - lareaccioncr: Scrapeando archivo: https://lareaccioncr.com/2026/11/
[2026-05-16 09:13:13,705] INFO - lareaccioncr: Scrapeando archivo: https://lareaccioncr.com/2026/12/
[2026-05-16 09:13:14,489] INFO - lareaccioncr: Total URLs únicas recolectadas: 111
[2026-05-16 09:13:14,490] INFO - lareaccioncr: [1/111] Procesando artículo
[2026-05-16 09:13:24,683] INFO - lareaccioncr: ✓ Artículo extraído: ¡Dígalo! Cuando el arte nos reúne: el verdadero sentido de s (4068 chars)
[2026-05-16 09:13:25,725] INFO - lareaccioncr: [2/111] Procesando artículo
[2026-05-16 09:13:30,361] INFO - lareaccioncr: [3/111] Procesando artículo
[2026-05-16 09:13:34,344] INFO - lareaccioncr: ✓ Artículo extraído: Laura Fernández acusa a Fabricio Alvarado de acoso sexual, y (2304 chars)
[2026-05-16 09:13:35,374] INFO - lareaccioncr: [4/111] Procesando artículo
[2026-05-16 09:13:39,790] INFO - lareaccioncr: [5/111] Procesando artículo
[2026-05-16 09:13:44,026] INFO - lareaccioncr: ✓ Artículo extraído: Eli Feinzaig: “El chavismo no quiere modificar la Constituci (4644 chars)
[2026-05-16 09:13:45,077] INFO - lareaccioncr: [6/111] Procesando artículo
[2026-05-16 09:13:49,320] INFO - lareaccioncr: ✓ Artículo extraído: Álvaro Ramos afirma que Laura Fernández “no es títere de nad (3305 chars)
[2026-05-16 09:13:50,355] INFO - lareaccioncr: [7/111] Procesando artículo
[2026-05-16 09:13:54,325] INFO - lareaccioncr: ✓ Artículo extraído: Claudio Alpizar: “Rodrigo Chaves necesita a Bukele para mant (2999 chars)
[2026-05-16 09:13:55,362] INFO - lareaccioncr: [8/111] Procesando artículo
[2026-05-16 09:13:59,903] INFO - lareaccioncr: ✓ Artículo extraído: Róger Madrigal cree que “errores y omisiones” es por cambio  (2886 chars)
[2026-05-16 09:14:00,958] INFO - lareaccioncr: [9/111] Procesando artículo
[2026-05-16 09:14:05,066] INFO - lareaccioncr: ✓ Artículo extraído: 9 de diciembre de 2025 (368 chars)
[2026-05-16 09:14:06,097] INFO - lareaccioncr: [10/111] Procesando artículo
[2026-05-16 09:14:10,515] INFO - lareaccioncr: ✓ Artículo extraído: Persona fallecida en 2017 aparece entre notificados por tier (5979 chars)
[2026-05-16 09:14:11,591] INFO - lareaccioncr: [11/111] Procesando artículo
[2026-05-16 09:14:16,197] INFO - lareaccioncr: ✓ Artículo extraído: El ROP no se da “a pagos de polaco” dice gerente de BN Vital (3465 chars)
[2026-05-16 09:14:17,228] INFO - lareaccioncr: [12/111] Procesando artículo
[2026-05-16 09:14:21,564] INFO - lareaccioncr: ✓ Artículo extraído: Fecha para levantar inmunidad del presidente se conocerá el  (2508 chars)
[2026-05-16 09:14:22,606] INFO - lareaccioncr: [13/111] Procesando artículo
[2026-05-16 09:14:26,869] INFO - lareaccioncr: ✓ Artículo extraído: Fabricio Alvarado insistirá en negociación con Iglesia Catól (3395 chars)
[2026-05-16 09:14:27,897] INFO - lareaccioncr: [14/111] Procesando artículo
[2026-05-16 09:14:31,926] INFO - lareaccioncr: ✓ Artículo extraído: 20 de noviembre de 2025 (369 chars)
[2026-05-16 09:14:32,953] INFO - lareaccioncr: [15/111] Procesando artículo
[2026-05-16 09:14:37,294] INFO - lareaccioncr: ✓ Artículo extraído: Candidatos presidenciales celebran medida cautelar en tema f (2800 chars)
[2026-05-16 09:14:38,346] INFO - lareaccioncr: [16/111] Procesando artículo
[2026-05-16 09:14:42,687] INFO - lareaccioncr: ✓ Artículo extraído: Chaves guarda “las cartas” en tema de frecuencias tras medid (3511 chars)
[2026-05-16 09:14:43,722] INFO - lareaccioncr: [17/111] Procesando artículo
[2026-05-16 09:14:48,073] INFO - lareaccioncr: ✓ Artículo extraído: Costa Rica adolece de Oficina de Protección al Consumidor Fi (2909 chars)
[2026-05-16 09:14:49,112] INFO - lareaccioncr: [18/111] Procesando artículo
[2026-05-16 09:14:53,719] INFO - lareaccioncr: ✓ Artículo extraído: (VIDEO) Jefe del PUSC confirma que diputados “pidieron cacao (3354 chars)
[2026-05-16 09:14:54,760] INFO - lareaccioncr: [19/111] Procesando artículo
[2026-05-16 09:14:59,342] INFO - lareaccioncr: ✓ Artículo extraído: (¡Dígalo!) (Videos) El BEE: testimonio del compromiso de la  (4376 chars)
[2026-05-16 09:15:00,363] INFO - lareaccioncr: [20/111] Procesando artículo
[2026-05-16 09:15:04,454] INFO - lareaccioncr: ✓ Artículo extraído: 17 de febrero de 2025 (439 chars)
[2026-05-16 09:15:05,489] INFO - lareaccioncr: [21/111] Procesando artículo
[2026-05-16 09:15:10,181] INFO - lareaccioncr: [22/111] Procesando artículo
[2026-05-16 09:15:14,257] INFO - lareaccioncr: ✓ Artículo extraído: Financiamiento de U Públicas «casi seguro» que volvería al C (2724 chars)
[2026-05-16 09:15:15,291] INFO - lareaccioncr: [23/111] Procesando artículo
[2026-05-16 09:15:19,618] INFO - lareaccioncr: ✓ Artículo extraído: Diputados electos de oposición destacan que no darán el braz (2869 chars)
[2026-05-16 09:15:20,683] INFO - lareaccioncr: [24/111] Procesando artículo
[2026-05-16 09:15:25,280] INFO - lareaccioncr: [25/111] Procesando artículo
[2026-05-16 09:15:30,596] INFO - lareaccioncr: ✓ Artículo extraído: Se encomendó a la Santísima Trinidad y se lanzó del vagón (3209 chars)
[2026-05-16 09:15:31,629] INFO - lareaccioncr: [26/111] Procesando artículo
[2026-05-16 09:15:36,011] INFO - lareaccioncr: ✓ Artículo extraído: Consumidores financieros quedan a la espera de una firma del (3633 chars)
[2026-05-16 09:15:37,070] INFO - lareaccioncr: [27/111] Procesando artículo
[2026-05-16 09:15:41,375] INFO - lareaccioncr: ✓ Artículo extraído: Expresidente del TSE niega ofrecimiento de candidatura a la  (5785 chars)
[2026-05-16 09:15:42,402] INFO - lareaccioncr: [28/111] Procesando artículo
[2026-05-16 09:15:46,442] INFO - lareaccioncr: ✓ Artículo extraído: TSE y Justicia enfrentados por cédulas de privados de libert (3157 chars)
[2026-05-16 09:15:47,516] INFO - lareaccioncr: [29/111] Procesando artículo
[2026-05-16 09:15:51,633] INFO - lareaccioncr: ✓ Artículo extraído: Pensiones, pobreza y seguridad genera enfrentamiento entre c (2794 chars)
[2026-05-16 09:15:52,660] INFO - lareaccioncr: [30/111] Procesando artículo
[2026-05-16 09:15:56,942] INFO - lareaccioncr: ✓ Artículo extraído: Pueblo Soberano podría barrer con diputaciones en algunas pr (3576 chars)
[2026-05-16 09:15:57,984] INFO - lareaccioncr: [31/111] Procesando artículo
[2026-05-16 09:16:02,153] INFO - lareaccioncr: ✓ Artículo extraído: Costa Rica podría ingresar $2 mil millones anuales por explo (3711 chars)
[2026-05-16 09:16:03,186] INFO - lareaccioncr: [32/111] Procesando artículo
[2026-05-16 09:16:07,062] INFO - lareaccioncr: ✓ Artículo extraído: Cacco estará vacío mientras las leyes no sean cambiadas advi (3447 chars)
[2026-05-16 09:16:08,095] INFO - lareaccioncr: [33/111] Procesando artículo
[2026-05-16 09:16:12,420] INFO - lareaccioncr: ✓ Artículo extraído: País acumula $712 millones asignados como “errores” en Balan (3166 chars)
[2026-05-16 09:16:13,455] INFO - lareaccioncr: [34/111] Procesando artículo
[2026-05-16 09:16:18,100] INFO - lareaccioncr: ✓ Artículo extraído: Pensar en una pensión debe ser un tema personal afirma geren (3241 chars)
[2026-05-16 09:16:19,133] INFO - lareaccioncr: [35/111] Procesando artículo
[2026-05-16 09:16:23,450] INFO - lareaccioncr: ✓ Artículo extraído: Autoridades notificaron hasta personas fallecidas sobre prop (7860 chars)
[2026-05-16 09:16:24,502] INFO - lareaccioncr: [36/111] Procesando artículo
[2026-05-16 09:16:28,738] INFO - lareaccioncr: ✓ Artículo extraído: Sacramento: un pueblo 200 años luchando por reconocimiento (13020 chars)
[2026-05-16 09:16:29,792] INFO - lareaccioncr: [37/111] Procesando artículo
[2026-05-16 09:16:34,137] INFO - lareaccioncr: ✓ Artículo extraído: Pueblo Soberano inscribió más de 9 mil miembros de mesa (2833 chars)
[2026-05-16 09:16:35,182] INFO - lareaccioncr: [38/111] Procesando artículo
[2026-05-16 09:16:39,465] INFO - lareaccioncr: ✓ Artículo extraído: ¿Varió el Colegio de Abogados la nota de incorporación de fo (8921 chars)
[2026-05-16 09:16:40,495] INFO - lareaccioncr: [39/111] Procesando artículo
[2026-05-16 09:16:44,772] INFO - lareaccioncr: ✓ Artículo extraído: Conare lanza plataforma para desarrollar soluciones concreta (2752 chars)
[2026-05-16 09:16:45,822] INFO - lareaccioncr: [40/111] Procesando artículo
[2026-05-16 09:16:49,812] INFO - lareaccioncr: ✓ Artículo extraído: (Transmisión) País incrementa ciudades que velan, cuidan y d (2997 chars)
[2026-05-16 09:16:50,854] INFO - lareaccioncr: [41/111] Procesando artículo
[2026-05-16 09:16:55,097] INFO - lareaccioncr: ✓ Artículo extraído: Plataforma antimercados distorsionados alerta sobre endeudam (2442 chars)
[2026-05-16 09:16:56,129] INFO - lareaccioncr: [42/111] Procesando artículo
[2026-05-16 09:17:00,338] INFO - lareaccioncr: ✓ Artículo extraído: Juan José Andrade afirma que crisis de seguridad no es por f (2851 chars)
[2026-05-16 09:17:01,375] INFO - lareaccioncr: [43/111] Procesando artículo
[2026-05-16 09:17:05,686] INFO - lareaccioncr: ✓ Artículo extraído: Nueva Generación y Nueva República tendrían los mejores plan (4597 chars)
[2026-05-16 09:17:06,745] INFO - lareaccioncr: [44/111] Procesando artículo
[2026-05-16 09:17:10,987] INFO - lareaccioncr: ✓ Artículo extraído: (EN VIVO) Rodrigo Chaves comparece ante Asamblea por denunci (1202 chars)
[2026-05-16 09:17:12,023] INFO - lareaccioncr: [45/111] Procesando artículo
[2026-05-16 09:17:16,196] INFO - lareaccioncr: ✓ Artículo extraído: (Entrevista) Eli Feinzaig afirma que no desperdiciará su ter (2601 chars)
[2026-05-16 09:17:17,234] INFO - lareaccioncr: [46/111] Procesando artículo
[2026-05-16 09:17:21,587] INFO - lareaccioncr: ✓ Artículo extraído: (VIDEO) Mario Saldivar advierte que elecciones se roban al d (3626 chars)
[2026-05-16 09:17:22,618] INFO - lareaccioncr: [47/111] Procesando artículo
[2026-05-16 09:17:26,864] INFO - lareaccioncr: ✓ Artículo extraído: (Transmisiones) Candidatos presidenciales debaten sobre el f (2002 chars)
[2026-05-16 09:17:27,991] INFO - lareaccioncr: [48/111] Procesando artículo
[2026-05-16 09:17:32,171] INFO - lareaccioncr: ✓ Artículo extraído: (Entrevista) Banco Nacional sobre sentencia judicial de frau (4248 chars)
[2026-05-16 09:17:33,225] INFO - lareaccioncr: [49/111] Procesando artículo
[2026-05-16 09:17:37,855] INFO - lareaccioncr: ✓ Artículo extraído: 1 de octubre de 2025 (426 chars)
[2026-05-16 09:17:38,894] INFO - lareaccioncr: [50/111] Procesando artículo
[2026-05-16 09:17:43,427] INFO - lareaccioncr: ✓ Artículo extraído: El INA lleva la empresarialidad al Pacífico Central (2746 chars)
[2026-05-16 09:17:44,480] INFO - lareaccioncr: [51/111] Procesando artículo
[2026-05-16 09:17:48,747] INFO - lareaccioncr: ✓ Artículo extraído: 19 de agosto de 2025 (368 chars)
[2026-05-16 09:17:49,800] INFO - lareaccioncr: [52/111] Procesando artículo
[2026-05-16 09:17:54,053] INFO - lareaccioncr: ✓ Artículo extraído: (Video) Costa Rica y China alcanzan la «mayoría de edad» en  (4419 chars)
[2026-05-16 09:17:55,153] INFO - lareaccioncr: [53/111] Procesando artículo
[2026-05-16 09:17:59,199] INFO - lareaccioncr: ✓ Artículo extraído: 26 de junio de 2025 (367 chars)
[2026-05-16 09:18:00,243] INFO - lareaccioncr: [54/111] Procesando artículo
[2026-05-16 09:18:04,549] INFO - lareaccioncr: ✓ Artículo extraído: Luis Amador y el caso de la pista Daniel Oduber: «Yo no cont (5793 chars)
[2026-05-16 09:18:05,580] INFO - lareaccioncr: [55/111] Procesando artículo
[2026-05-16 09:18:09,659] INFO - lareaccioncr: ✓ Artículo extraído: 13 de mayo de 2025 (393 chars)
[2026-05-16 09:18:10,697] INFO - lareaccioncr: [56/111] Procesando artículo
[2026-05-16 09:18:14,735] INFO - lareaccioncr: ✓ Artículo extraído: (Videos) ¡Apúrese! Un crédito verde del Banco Nacional lo es (5356 chars)
[2026-05-16 09:18:15,796] INFO - lareaccioncr: [57/111] Procesando artículo
[2026-05-16 09:18:20,698] INFO - lareaccioncr: ✓ Artículo extraído: (Documental) Inés Chaves: La Niña que nos enseñó a amar la m (17144 chars)
[2026-05-16 09:18:21,771] INFO - lareaccioncr: [58/111] Procesando artículo
[2026-05-16 09:18:25,855] INFO - lareaccioncr: ✓ Artículo extraído: 18 de marzo de 2025 (347 chars)
[2026-05-16 09:18:26,896] INFO - lareaccioncr: [59/111] Procesando artículo
[2026-05-16 09:18:31,185] INFO - lareaccioncr: ✓ Artículo extraído: (Videos) El tipo de cambio golpea también la Inversión Extra (5022 chars)
[2026-05-16 09:18:32,264] INFO - lareaccioncr: [60/111] Procesando artículo
[2026-05-16 09:18:36,459] INFO - lareaccioncr: ✓ Artículo extraído: Computadoras sin uso y programas cancelados: el grave retroc (6124 chars)
[2026-05-16 09:18:37,490] INFO - lareaccioncr: [61/111] Procesando artículo
[2026-05-16 09:18:41,632] INFO - lareaccioncr: ✓ Artículo extraído: (Videos) ¿Se vio afectado por las intervenciones de Coopeser (2308 chars)
[2026-05-16 09:18:42,669] INFO - lareaccioncr: [62/111] Procesando artículo
[2026-05-16 09:18:47,010] INFO - lareaccioncr: ✓ Artículo extraído: (Videos) Vuelos baratos: ¿A la vista el sexto resello a un v (3519 chars)
[2026-05-16 09:18:48,091] INFO - lareaccioncr: [63/111] Procesando artículo
[2026-05-16 09:18:52,437] INFO - lareaccioncr: ✓ Artículo extraído: La Copa del Café 2025 estará en el ojo del mundo tenístico.  (3280 chars)
[2026-05-16 09:18:53,512] INFO - lareaccioncr: [64/111] Procesando artículo
[2026-05-16 09:18:57,457] INFO - lareaccioncr: ✓ Artículo extraído: 12 de enero de 2025 (356 chars)
[2026-05-16 09:18:58,486] INFO - lareaccioncr: [65/111] Procesando artículo
[2026-05-16 09:19:02,580] INFO - lareaccioncr: ✓ Artículo extraído: Régimen municipal se levanta contra plan de Salud para el ma (4026 chars)
[2026-05-16 09:19:03,610] INFO - lareaccioncr: [66/111] Procesando artículo
[2026-05-16 09:19:07,758] INFO - lareaccioncr: ✓ Artículo extraído: (Video) Facturas electrónicas incluirán dato clave a partir  (1055 chars)
[2026-05-16 09:19:08,804] INFO - lareaccioncr: [67/111] Procesando artículo
[2026-05-16 09:19:12,863] INFO - lareaccioncr: ✓ Artículo extraído: 29 de diciembre de 2024 (365 chars)
[2026-05-16 09:19:13,946] INFO - lareaccioncr: [68/111] Procesando artículo
[2026-05-16 09:19:18,198] INFO - lareaccioncr: ✓ Artículo extraído: (Video) ¿Marta Esquivel a dirigir el MIDEPLAN? Chaves contes (2801 chars)
[2026-05-16 09:19:19,270] INFO - lareaccioncr: [69/111] Procesando artículo
[2026-05-16 09:19:23,542] INFO - lareaccioncr: ✓ Artículo extraído: Gobierno lanza nueva estrategia para bajar los precios de la (3731 chars)
[2026-05-16 09:19:24,612] INFO - lareaccioncr: [70/111] Procesando artículo
[2026-05-16 09:19:28,516] INFO - lareaccioncr: ✓ Artículo extraído: 29 de noviembre de 2024 (372 chars)
[2026-05-16 09:19:29,548] INFO - lareaccioncr: [71/111] Procesando artículo
[2026-05-16 09:19:33,714] INFO - lareaccioncr: ✓ Artículo extraído: PLN abre asamblea nacional con video dirigido al Gobierno de (877 chars)
[2026-05-16 09:19:34,751] INFO - lareaccioncr: [72/111] Procesando artículo
[2026-05-16 09:19:38,883] INFO - lareaccioncr: ✓ Artículo extraído: 12 de octubre de 2024 (361 chars)
[2026-05-16 09:19:39,923] INFO - lareaccioncr: [73/111] Procesando artículo
[2026-05-16 09:19:44,129] INFO - lareaccioncr: ✓ Artículo extraído: (Video) Pacientes de cáncer siguen sin poder aprovechar equi (3490 chars)
[2026-05-16 09:19:45,160] INFO - lareaccioncr: [74/111] Procesando artículo
[2026-05-16 09:19:49,223] INFO - lareaccioncr: ✓ Artículo extraído: 19 de septiembre de 2024 (377 chars)
[2026-05-16 09:19:50,261] INFO - lareaccioncr: [75/111] Procesando artículo
[2026-05-16 09:19:54,565] INFO - lareaccioncr: ✓ Artículo extraído: (Videos) Listos para asumir sus cargos: IFAM tiende la mano  (2602 chars)
[2026-05-16 09:19:55,597] INFO - lareaccioncr: [76/111] Procesando artículo
[2026-05-16 09:19:59,611] INFO - lareaccioncr: ✓ Artículo extraído: 14 de abril de 2024 (369 chars)
[2026-05-16 09:20:00,644] INFO - lareaccioncr: [77/111] Procesando artículo
[2026-05-16 09:20:05,005] INFO - lareaccioncr: ✓ Artículo extraído: (Videos) AyA ignora cómo financiará el proyecto clave para r (2282 chars)
[2026-05-16 09:20:06,061] INFO - lareaccioncr: [78/111] Procesando artículo
[2026-05-16 09:20:10,349] INFO - lareaccioncr: ✓ Artículo extraído: Nuevo embajador de India desplegará robusta agenda bilateral (2633 chars)
[2026-05-16 09:20:11,406] INFO - lareaccioncr: [79/111] Procesando artículo
[2026-05-16 09:20:15,879] INFO - lareaccioncr: ✓ Artículo extraído: (Videos) Fantasma de Limón Ciudad Puerto empieza a perseguir (7960 chars)
[2026-05-16 09:20:16,914] INFO - lareaccioncr: [80/111] Procesando artículo
[2026-05-16 09:20:20,688] INFO - lareaccioncr: ✓ Artículo extraído: 28 de junio de 2023 (381 chars)
[2026-05-16 09:20:21,725] INFO - lareaccioncr: [81/111] Procesando artículo
[2026-05-16 09:20:25,932] INFO - lareaccioncr: ✓ Artículo extraído: En las calles y en la ley: el gobierno lanza su respuesta al (3822 chars)
[2026-05-16 09:20:27,003] INFO - lareaccioncr: [82/111] Procesando artículo
[2026-05-16 09:20:31,049] INFO - lareaccioncr: ✓ Artículo extraído: 19 de abril de 2023 (356 chars)
[2026-05-16 09:20:32,077] INFO - lareaccioncr: [83/111] Procesando artículo
[2026-05-16 09:20:36,570] INFO - lareaccioncr: ✓ Artículo extraído: Laura Fernadéz recibió las credenciales presidenciales (2045 chars)
[2026-05-16 09:20:37,607] INFO - lareaccioncr: [84/111] Procesando artículo
[2026-05-16 09:20:41,731] INFO - lareaccioncr: ✓ Artículo extraído: Ataques a Laura Fernández se centraron en sus candidatos a d (5383 chars)
[2026-05-16 09:20:42,801] INFO - lareaccioncr: [85/111] Procesando artículo
[2026-05-16 09:20:46,781] INFO - lareaccioncr: ✓ Artículo extraído: Candidatos debaten entre sí, con réplicas y contrarréplicas  (1783 chars)
[2026-05-16 09:20:47,814] INFO - lareaccioncr: [86/111] Procesando artículo
[2026-05-16 09:20:52,135] INFO - lareaccioncr: ✓ Artículo extraído: Indecisos podrían terminar por engrosar filas del abstencion (3851 chars)
[2026-05-16 09:20:53,172] INFO - lareaccioncr: [87/111] Procesando artículo
[2026-05-16 09:20:57,464] INFO - lareaccioncr: ✓ Artículo extraído: Candidatos mostraron disconformidad con poco tiempo para pla (3785 chars)
[2026-05-16 09:20:58,502] INFO - lareaccioncr: [88/111] Procesando artículo
[2026-05-16 09:21:02,896] INFO - lareaccioncr: ✓ Artículo extraído: Juan Carlos Hidalgo: “Gobierno podía denunciar convenio de O (3739 chars)
[2026-05-16 09:21:03,926] INFO - lareaccioncr: [89/111] Procesando artículo
[2026-05-16 09:21:07,795] INFO - lareaccioncr: ✓ Artículo extraído: Boris Molina: “Eugenia Zamora y Carlo Díaz le hicieron mucho (3483 chars)
[2026-05-16 09:21:08,834] INFO - lareaccioncr: [90/111] Procesando artículo
[2026-05-16 09:21:12,947] INFO - lareaccioncr: ✓ Artículo extraído: Fernando Zamora: «Precios de granos básicos bajaron para cam (3675 chars)
[2026-05-16 09:21:13,986] INFO - lareaccioncr: [91/111] Procesando artículo
[2026-05-16 09:21:18,032] INFO - lareaccioncr: ✓ Artículo extraído: TSE estudia prohibición a gobiernos extranjeros de hablar so (4019 chars)
[2026-05-16 09:21:19,077] INFO - lareaccioncr: [92/111] Procesando artículo
[2026-05-16 09:21:23,225] INFO - lareaccioncr: ✓ Artículo extraído: Lunes 12 de enero empezará distribución de material electora (3660 chars)
[2026-05-16 09:21:24,261] INFO - lareaccioncr: [93/111] Procesando artículo
[2026-05-16 09:21:28,074] INFO - lareaccioncr: ✓ Artículo extraído: Movimiento Devuelvános el ROP urge aprobar proyectos de ley  (3520 chars)
[2026-05-16 09:21:29,154] INFO - lareaccioncr: [94/111] Procesando artículo
[2026-05-16 09:21:33,303] INFO - lareaccioncr: ✓ Artículo extraído: Ana Virginia Calzada: «Si hay un tico con corona ese es Rodr (2929 chars)
[2026-05-16 09:21:34,344] INFO - lareaccioncr: [95/111] Procesando artículo
[2026-05-16 09:21:38,254] INFO - lareaccioncr: ✓ Artículo extraído: Laura Fernández anuncia que participará en solo cuatro debat (2575 chars)
[2026-05-16 09:21:39,307] INFO - lareaccioncr: [96/111] Procesando artículo
[2026-05-16 09:21:43,830] INFO - lareaccioncr: ✓ Artículo extraído: (VIDEO) PLN dice tener más de 2 mil fiscales de mesa comprom (3960 chars)
[2026-05-16 09:21:44,864] INFO - lareaccioncr: [97/111] Procesando artículo
[2026-05-16 09:21:49,208] INFO - lareaccioncr: ✓ Artículo extraído: Mayoría de votantes de Laura Fernández son hombres mayores d (3842 chars)
[2026-05-16 09:21:50,233] INFO - lareaccioncr: [98/111] Procesando artículo
[2026-05-16 09:21:54,564] INFO - lareaccioncr: ✓ Artículo extraído: (VIDEO) Claudia Dobles establece meta de inversión social en (4291 chars)
[2026-05-16 09:21:55,589] INFO - lareaccioncr: [99/111] Procesando artículo
[2026-05-16 09:21:59,856] INFO - lareaccioncr: ✓ Artículo extraído: ¿Garantizan los candidatos presidenciales destinar el 8% del (4036 chars)
[2026-05-16 09:22:00,896] INFO - lareaccioncr: [100/111] Procesando artículo
[2026-05-16 09:22:04,986] INFO - lareaccioncr: ✓ Artículo extraído: TSE resalta que todos los expresidentes cumplieron reglas de (2981 chars)
[2026-05-16 09:22:06,023] INFO - lareaccioncr: [101/111] Procesando artículo
[2026-05-16 09:22:10,151] INFO - lareaccioncr: ✓ Artículo extraído: (Video) FEES debería destinarse a carreras con más demanda l (2974 chars)
[2026-05-16 09:22:11,209] INFO - lareaccioncr: [102/111] Procesando artículo
[2026-05-16 09:22:15,630] INFO - lareaccioncr: ✓ Artículo extraído: Rodrigo Arias: reelección, referéndum, Rodrigo Chaves y apag (2804 chars)
[2026-05-16 09:22:16,667] INFO - lareaccioncr: [103/111] Procesando artículo
[2026-05-16 09:22:20,725] INFO - lareaccioncr: ✓ Artículo extraído: 11 de mayo de 2024 (339 chars)
[2026-05-16 09:22:21,757] INFO - lareaccioncr: [104/111] Procesando artículo
[2026-05-16 09:22:25,959] INFO - lareaccioncr: ✓ Artículo extraído: (Video) Exministro Amador admite diferencias de estilo con C (5427 chars)
[2026-05-16 09:22:27,020] INFO - lareaccioncr: [105/111] Procesando artículo
[2026-05-16 09:22:31,290] INFO - lareaccioncr: ✓ Artículo extraído: (VIDEO) Rocío Alfaro descarta que “timing” no sea adecuado p (3125 chars)
[2026-05-16 09:22:32,324] INFO - lareaccioncr: [106/111] Procesando artículo
[2026-05-16 09:22:36,548] INFO - lareaccioncr: ✓ Artículo extraído: Expresidente del Banco Central: «La política monetaria del a (3173 chars)
[2026-05-16 09:22:37,584] INFO - lareaccioncr: [107/111] Procesando artículo
[2026-05-16 09:22:41,806] INFO - lareaccioncr: ✓ Artículo extraído: 8 de cada 10 luces navideñas no tiene documentación técnica (2059 chars)
[2026-05-16 09:22:42,899] INFO - lareaccioncr: [108/111] Procesando artículo
[2026-05-16 09:22:47,224] INFO - lareaccioncr: ✓ Artículo extraído: Rodrigo Chaves: «Juro por mi Santa Madre que entregaré el po (694 chars)
[2026-05-16 09:22:48,293] INFO - lareaccioncr: [109/111] Procesando artículo
[2026-05-16 09:22:52,473] INFO - lareaccioncr: ✓ Artículo extraído: Policías en manos del TSE (834 chars)
[2026-05-16 09:22:53,518] INFO - lareaccioncr: [110/111] Procesando artículo
[2026-05-16 09:22:58,212] INFO - lareaccioncr: ✓ Artículo extraído: País entra en elecciones nacionales (752 chars)
[2026-05-16 09:22:59,262] INFO - lareaccioncr: [111/111] Procesando artículo
[2026-05-16 09:23:03,381] INFO - lareaccioncr: ✓ Artículo extraído: Biblioteca Nacional tiene 160 mil documentos históricos digi (2132 chars)
[2026-05-16 09:23:05,027] INFO - lareaccioncr: Artículos crudos recolectados: 107
[2026-05-16 09:23:09,826] INFO - lareaccioncr: Exportados 0 registros válidos → output\lareaccioncr_20260516.csv
[2026-05-16 09:23:09,872] WARNING - lareaccioncr: 107 registros descartados → logs\lareaccioncr_20260516_discarded.csv
[2026-05-16 09:23:09,874] INFO - lareaccioncr: === Scraper finalizado: lareaccioncr | Resumen: {'source': 'lareaccioncr', 'status': 'OK', 'total_raw': 107, 'total_valid': 0, 'total_discarded': 107, 'output_file': 'output\\lareaccioncr_20260516.csv'} ===
[2026-05-16 09:46:47,043] INFO - lareaccioncr: === Iniciando scraper: lareaccioncr ===
[2026-05-16 09:46:47,055] INFO - lareaccioncr: URL base: https://lareaccioncr.com/
[2026-05-16 09:46:50,834] INFO - lareaccioncr: Scrapeando categoría: digalo
[2026-05-16 09:47:00,539] INFO - lareaccioncr: Página 1 -> 10 artículos
[2026-05-16 09:47:07,343] INFO - lareaccioncr: Página 2 -> 5 artículos
[2026-05-16 09:47:10,720] INFO - lareaccioncr: Scrapeando categoría: aqui-hay-tema
[2026-05-16 09:47:18,692] INFO - lareaccioncr: Página 1 -> 10 artículos
[2026-05-16 09:47:25,967] INFO - lareaccioncr: Página 2 -> 10 artículos
[2026-05-16 09:47:34,001] INFO - lareaccioncr: Página 3 -> 10 artículos
[2026-05-16 09:47:41,204] INFO - lareaccioncr: Página 4 -> 10 artículos
[2026-05-16 09:47:47,982] INFO - lareaccioncr: Página 5 -> 10 artículos
[2026-05-16 09:47:53,441] INFO - lareaccioncr: Página 6 -> 3 artículos
[2026-05-16 09:47:55,907] INFO - lareaccioncr: Scrapeando categoría: mando
[2026-05-16 09:48:01,522] INFO - lareaccioncr: Página 1 -> 10 artículos
[2026-05-16 09:48:08,524] INFO - lareaccioncr: Página 2 -> 10 artículos
[2026-05-16 09:48:14,667] INFO - lareaccioncr: Página 3 -> 8 artículos
[2026-05-16 09:48:16,997] INFO - lareaccioncr: Scrapeando categoría: desafio
[2026-05-16 09:48:21,508] INFO - lareaccioncr: Página 1 -> 6 artículos
[2026-05-16 09:48:23,870] INFO - lareaccioncr: Scrapeando categoría: destacados
[2026-05-16 09:48:28,972] INFO - lareaccioncr: Página 1 -> 10 artículos
[2026-05-16 09:48:35,353] INFO - lareaccioncr: Página 2 -> 10 artículos
[2026-05-16 09:48:41,652] INFO - lareaccioncr: Página 3 -> 10 artículos
[2026-05-16 09:48:48,109] INFO - lareaccioncr: Página 4 -> 10 artículos
[2026-05-16 09:48:54,500] INFO - lareaccioncr: Página 5 -> 10 artículos
[2026-05-16 09:49:01,098] INFO - lareaccioncr: Página 6 -> 10 artículos
[2026-05-16 09:49:07,699] INFO - lareaccioncr: Página 7 -> 10 artículos
[2026-05-16 09:49:13,874] INFO - lareaccioncr: Página 8 -> 5 artículos
[2026-05-16 09:49:16,458] INFO - lareaccioncr: Scrapeando categoría: municipales
[2026-05-16 09:49:20,906] INFO - lareaccioncr: Página 1 -> 3 artículos
[2026-05-16 09:49:23,505] INFO - lareaccioncr: Scrapeando categoría: geopolitica
[2026-05-16 09:49:27,890] INFO - lareaccioncr: Página 1 -> 3 artículos
[2026-05-16 09:49:30,480] INFO - lareaccioncr: Scrapeando categoría: mercados
[2026-05-16 09:49:35,961] INFO - lareaccioncr: Página 1 -> 10 artículos
[2026-05-16 09:49:42,994] INFO - lareaccioncr: Página 2 -> 10 artículos
[2026-05-16 09:49:49,549] INFO - lareaccioncr: Página 3 -> 7 artículos
[2026-05-16 09:49:52,333] INFO - lareaccioncr: Scrapeando categoría: politica
[2026-05-16 09:49:58,080] INFO - lareaccioncr: Página 1 -> 10 artículos
[2026-05-16 09:50:05,245] INFO - lareaccioncr: Página 2 -> 10 artículos
[2026-05-16 09:50:12,074] INFO - lareaccioncr: Página 3 -> 10 artículos
[2026-05-16 09:50:18,743] INFO - lareaccioncr: Página 4 -> 10 artículos
[2026-05-16 09:50:24,352] INFO - lareaccioncr: Página 5 -> 6 artículos
[2026-05-16 09:50:26,666] INFO - lareaccioncr: Scrapeando categoría: protagonistas
[2026-05-16 09:50:32,172] INFO - lareaccioncr: Página 1 -> 10 artículos
[2026-05-16 09:50:38,982] INFO - lareaccioncr: Página 2 -> 10 artículos
[2026-05-16 09:50:45,295] INFO - lareaccioncr: Página 3 -> 7 artículos
[2026-05-16 09:50:47,786] INFO - lareaccioncr: Scrapeando categoría: reacciones
[2026-05-16 09:50:52,564] INFO - lareaccioncr: Página 1 -> 6 artículos
[2026-05-16 09:50:55,376] INFO - lareaccioncr: Scrapeando categoría: tendencias
[2026-05-16 09:50:59,516] INFO - lareaccioncr: Página 1 -> 2 artículos
[2026-05-16 09:51:02,519] INFO - lareaccioncr: Scrapeando archivo: https://lareaccioncr.com/2026/01/
[2026-05-16 09:51:03,554] INFO - lareaccioncr: Scrapeando archivo: https://lareaccioncr.com/2026/02/
[2026-05-16 09:51:04,509] INFO - lareaccioncr: Scrapeando archivo: https://lareaccioncr.com/2026/03/
[2026-05-16 09:51:05,304] INFO - lareaccioncr: Scrapeando archivo: https://lareaccioncr.com/2026/04/
[2026-05-16 09:51:06,168] INFO - lareaccioncr: Scrapeando archivo: https://lareaccioncr.com/2026/05/
[2026-05-16 09:51:07,081] INFO - lareaccioncr: Total URLs únicas recolectadas: 91
[2026-05-16 09:51:07,082] INFO - lareaccioncr: [1/91] Procesando artículo
[2026-05-16 09:51:11,052] INFO - lareaccioncr: ✓ Artículo extraído: ¡Dígalo! Cuando el arte nos reúne: el verdadero sentido de s (4068 chars)
[2026-05-16 09:51:12,071] INFO - lareaccioncr: [2/91] Procesando artículo
[2026-05-16 09:51:15,483] INFO - lareaccioncr: ✓ Artículo extraído: Laura Fernández acusa a Fabricio Alvarado de acoso sexual, y (2304 chars)
[2026-05-16 09:51:16,502] INFO - lareaccioncr: [3/91] Procesando artículo
[2026-05-16 09:51:20,124] INFO - lareaccioncr: ✓ Artículo extraído: Eli Feinzaig: “El chavismo no quiere modificar la Constituci (4644 chars)
[2026-05-16 09:51:21,211] INFO - lareaccioncr: [4/91] Procesando artículo
[2026-05-16 09:51:24,977] INFO - lareaccioncr: ✓ Artículo extraído: Álvaro Ramos afirma que Laura Fernández “no es títere de nad (3305 chars)
[2026-05-16 09:51:26,042] INFO - lareaccioncr: [5/91] Procesando artículo
[2026-05-16 09:51:29,617] INFO - lareaccioncr: ✓ Artículo extraído: Claudio Alpizar: “Rodrigo Chaves necesita a Bukele para mant (2999 chars)
[2026-05-16 09:51:30,661] INFO - lareaccioncr: [6/91] Procesando artículo
[2026-05-16 09:51:35,009] INFO - lareaccioncr: ✓ Artículo extraído: Róger Madrigal cree que “errores y omisiones” es por cambio  (2886 chars)
[2026-05-16 09:51:36,079] INFO - lareaccioncr: [7/91] Procesando artículo
[2026-05-16 09:51:40,258] INFO - lareaccioncr: ✓ Artículo extraído: Persona fallecida en 2017 aparece entre notificados por tier (5979 chars)
[2026-05-16 09:51:41,322] INFO - lareaccioncr: [8/91] Procesando artículo
[2026-05-16 09:51:45,422] INFO - lareaccioncr: ✓ Artículo extraído: El ROP no se da “a pagos de polaco” dice gerente de BN Vital (3465 chars)
[2026-05-16 09:51:46,443] INFO - lareaccioncr: [9/91] Procesando artículo
[2026-05-16 09:51:50,808] INFO - lareaccioncr: ✓ Artículo extraído: Fecha para levantar inmunidad del presidente se conocerá el  (2508 chars)
[2026-05-16 09:51:51,875] INFO - lareaccioncr: [10/91] Procesando artículo
[2026-05-16 09:51:56,398] INFO - lareaccioncr: ✓ Artículo extraído: Fabricio Alvarado insistirá en negociación con Iglesia Catól (3395 chars)
[2026-05-16 09:51:57,440] INFO - lareaccioncr: [11/91] Procesando artículo
[2026-05-16 09:52:01,698] INFO - lareaccioncr: ✓ Artículo extraído: Candidatos presidenciales celebran medida cautelar en tema f (2800 chars)
[2026-05-16 09:52:02,739] INFO - lareaccioncr: [12/91] Procesando artículo
[2026-05-16 09:52:07,011] INFO - lareaccioncr: ✓ Artículo extraído: Chaves guarda “las cartas” en tema de frecuencias tras medid (3511 chars)
[2026-05-16 09:52:08,088] INFO - lareaccioncr: [13/91] Procesando artículo
[2026-05-16 09:52:12,496] INFO - lareaccioncr: ✓ Artículo extraído: Costa Rica adolece de Oficina de Protección al Consumidor Fi (2909 chars)
[2026-05-16 09:52:13,531] INFO - lareaccioncr: [14/91] Procesando artículo
[2026-05-16 09:52:17,735] INFO - lareaccioncr: ✓ Artículo extraído: (VIDEO) Jefe del PUSC confirma que diputados “pidieron cacao (3354 chars)
[2026-05-16 09:52:18,771] INFO - lareaccioncr: [15/91] Procesando artículo
[2026-05-16 09:52:23,043] INFO - lareaccioncr: ✓ Artículo extraído: (¡Dígalo!) (Videos) El BEE: testimonio del compromiso de la  (4376 chars)
[2026-05-16 09:52:24,113] INFO - lareaccioncr: [16/91] Procesando artículo
[2026-05-16 09:52:28,782] INFO - lareaccioncr: [17/91] Procesando artículo
[2026-05-16 09:52:32,611] INFO - lareaccioncr: ✓ Artículo extraído: Financiamiento de U Públicas «casi seguro» que volvería al C (2724 chars)
[2026-05-16 09:52:33,652] INFO - lareaccioncr: [18/91] Procesando artículo
[2026-05-16 09:52:37,446] INFO - lareaccioncr: ✓ Artículo extraído: Diputados electos de oposición destacan que no darán el braz (2869 chars)
[2026-05-16 09:52:38,487] INFO - lareaccioncr: [19/91] Procesando artículo
[2026-05-16 09:52:42,427] INFO - lareaccioncr: ✓ Artículo extraído: Se encomendó a la Santísima Trinidad y se lanzó del vagón (3209 chars)
[2026-05-16 09:52:43,452] INFO - lareaccioncr: [20/91] Procesando artículo
[2026-05-16 09:52:47,504] INFO - lareaccioncr: ✓ Artículo extraído: Consumidores financieros quedan a la espera de una firma del (3633 chars)
[2026-05-16 09:52:48,540] INFO - lareaccioncr: [21/91] Procesando artículo
[2026-05-16 09:52:52,427] INFO - lareaccioncr: ✓ Artículo extraído: Expresidente del TSE niega ofrecimiento de candidatura a la  (5785 chars)
[2026-05-16 09:52:53,461] INFO - lareaccioncr: [22/91] Procesando artículo
[2026-05-16 09:52:57,247] INFO - lareaccioncr: ✓ Artículo extraído: TSE y Justicia enfrentados por cédulas de privados de libert (3157 chars)
[2026-05-16 09:52:58,276] INFO - lareaccioncr: [23/91] Procesando artículo
[2026-05-16 09:53:02,024] INFO - lareaccioncr: ✓ Artículo extraído: Pensiones, pobreza y seguridad genera enfrentamiento entre c (2794 chars)
[2026-05-16 09:53:03,050] INFO - lareaccioncr: [24/91] Procesando artículo
[2026-05-16 09:53:07,040] INFO - lareaccioncr: ✓ Artículo extraído: Pueblo Soberano podría barrer con diputaciones en algunas pr (3576 chars)
[2026-05-16 09:53:08,112] INFO - lareaccioncr: [25/91] Procesando artículo
[2026-05-16 09:53:11,924] INFO - lareaccioncr: ✓ Artículo extraído: Costa Rica podría ingresar $2 mil millones anuales por explo (3711 chars)
[2026-05-16 09:53:12,980] INFO - lareaccioncr: [26/91] Procesando artículo
[2026-05-16 09:53:16,747] INFO - lareaccioncr: ✓ Artículo extraído: Cacco estará vacío mientras las leyes no sean cambiadas advi (3447 chars)
[2026-05-16 09:53:17,774] INFO - lareaccioncr: [27/91] Procesando artículo
[2026-05-16 09:53:21,780] INFO - lareaccioncr: ✓ Artículo extraído: País acumula $712 millones asignados como “errores” en Balan (3166 chars)
[2026-05-16 09:53:22,809] INFO - lareaccioncr: [28/91] Procesando artículo
[2026-05-16 09:53:27,170] INFO - lareaccioncr: ✓ Artículo extraído: Pensar en una pensión debe ser un tema personal afirma geren (3241 chars)
[2026-05-16 09:53:28,228] INFO - lareaccioncr: [29/91] Procesando artículo
[2026-05-16 09:53:32,499] INFO - lareaccioncr: ✓ Artículo extraído: Autoridades notificaron hasta personas fallecidas sobre prop (7860 chars)
[2026-05-16 09:53:33,557] INFO - lareaccioncr: [30/91] Procesando artículo
[2026-05-16 09:53:37,855] INFO - lareaccioncr: ✓ Artículo extraído: Sacramento: un pueblo 200 años luchando por reconocimiento (13020 chars)
[2026-05-16 09:53:38,893] INFO - lareaccioncr: [31/91] Procesando artículo
[2026-05-16 09:53:43,108] INFO - lareaccioncr: ✓ Artículo extraído: Pueblo Soberano inscribió más de 9 mil miembros de mesa (2833 chars)
[2026-05-16 09:53:44,138] INFO - lareaccioncr: [32/91] Procesando artículo
[2026-05-16 09:53:48,458] INFO - lareaccioncr: ✓ Artículo extraído: ¿Varió el Colegio de Abogados la nota de incorporación de fo (8921 chars)
[2026-05-16 09:53:49,506] INFO - lareaccioncr: [33/91] Procesando artículo
[2026-05-16 09:53:53,755] INFO - lareaccioncr: ✓ Artículo extraído: Conare lanza plataforma para desarrollar soluciones concreta (2752 chars)
[2026-05-16 09:53:54,821] INFO - lareaccioncr: [34/91] Procesando artículo
[2026-05-16 09:53:59,599] INFO - lareaccioncr: ✓ Artículo extraído: (Transmisión) País incrementa ciudades que velan, cuidan y d (2997 chars)
[2026-05-16 09:54:00,638] INFO - lareaccioncr: [35/91] Procesando artículo
[2026-05-16 09:54:04,996] INFO - lareaccioncr: ✓ Artículo extraído: Plataforma antimercados distorsionados alerta sobre endeudam (2442 chars)
[2026-05-16 09:54:06,037] INFO - lareaccioncr: [36/91] Procesando artículo
[2026-05-16 09:54:10,227] INFO - lareaccioncr: ✓ Artículo extraído: Juan José Andrade afirma que crisis de seguridad no es por f (2851 chars)
[2026-05-16 09:54:11,305] INFO - lareaccioncr: [37/91] Procesando artículo
[2026-05-16 09:54:15,671] INFO - lareaccioncr: ✓ Artículo extraído: Nueva Generación y Nueva República tendrían los mejores plan (4597 chars)
[2026-05-16 09:54:16,692] INFO - lareaccioncr: [38/91] Procesando artículo
[2026-05-16 09:54:20,802] INFO - lareaccioncr: ✓ Artículo extraído: (EN VIVO) Rodrigo Chaves comparece ante Asamblea por denunci (1202 chars)
[2026-05-16 09:54:21,827] INFO - lareaccioncr: [39/91] Procesando artículo
[2026-05-16 09:54:26,156] INFO - lareaccioncr: ✓ Artículo extraído: (Entrevista) Eli Feinzaig afirma que no desperdiciará su ter (2601 chars)
[2026-05-16 09:54:27,218] INFO - lareaccioncr: [40/91] Procesando artículo
[2026-05-16 09:54:31,427] INFO - lareaccioncr: ✓ Artículo extraído: (VIDEO) Mario Saldivar advierte que elecciones se roban al d (3626 chars)
[2026-05-16 09:54:32,457] INFO - lareaccioncr: [41/91] Procesando artículo
[2026-05-16 09:54:36,698] INFO - lareaccioncr: ✓ Artículo extraído: (Transmisiones) Candidatos presidenciales debaten sobre el f (2002 chars)
[2026-05-16 09:54:37,746] INFO - lareaccioncr: [42/91] Procesando artículo
[2026-05-16 09:54:42,272] INFO - lareaccioncr: ✓ Artículo extraído: (Entrevista) Banco Nacional sobre sentencia judicial de frau (4248 chars)
[2026-05-16 09:54:43,357] INFO - lareaccioncr: [43/91] Procesando artículo
[2026-05-16 09:54:47,534] INFO - lareaccioncr: ✓ Artículo extraído: El INA lleva la empresarialidad al Pacífico Central (2746 chars)
[2026-05-16 09:54:48,566] INFO - lareaccioncr: [44/91] Procesando artículo
[2026-05-16 09:54:53,033] INFO - lareaccioncr: ✓ Artículo extraído: (Video) Costa Rica y China alcanzan la «mayoría de edad» en  (4419 chars)
[2026-05-16 09:54:54,084] INFO - lareaccioncr: [45/91] Procesando artículo
[2026-05-16 09:54:58,472] INFO - lareaccioncr: ✓ Artículo extraído: Luis Amador y el caso de la pista Daniel Oduber: «Yo no cont (5793 chars)
[2026-05-16 09:54:59,509] INFO - lareaccioncr: [46/91] Procesando artículo
[2026-05-16 09:55:03,723] INFO - lareaccioncr: ✓ Artículo extraído: (Videos) ¡Apúrese! Un crédito verde del Banco Nacional lo es (5356 chars)
[2026-05-16 09:55:04,754] INFO - lareaccioncr: [47/91] Procesando artículo
[2026-05-16 09:55:09,404] INFO - lareaccioncr: ✓ Artículo extraído: (Documental) Inés Chaves: La Niña que nos enseñó a amar la m (17144 chars)
[2026-05-16 09:55:10,464] INFO - lareaccioncr: [48/91] Procesando artículo
[2026-05-16 09:55:15,103] INFO - lareaccioncr: ✓ Artículo extraído: (Videos) El tipo de cambio golpea también la Inversión Extra (5022 chars)
[2026-05-16 09:55:16,174] INFO - lareaccioncr: [49/91] Procesando artículo
[2026-05-16 09:55:20,248] INFO - lareaccioncr: ✓ Artículo extraído: Computadoras sin uso y programas cancelados: el grave retroc (6124 chars)
[2026-05-16 09:55:21,279] INFO - lareaccioncr: [50/91] Procesando artículo
[2026-05-16 09:55:25,468] INFO - lareaccioncr: ✓ Artículo extraído: (Videos) ¿Se vio afectado por las intervenciones de Coopeser (2308 chars)
[2026-05-16 09:55:26,516] INFO - lareaccioncr: [51/91] Procesando artículo
[2026-05-16 09:55:30,906] INFO - lareaccioncr: ✓ Artículo extraído: (Videos) Vuelos baratos: ¿A la vista el sexto resello a un v (3519 chars)
[2026-05-16 09:55:31,969] INFO - lareaccioncr: [52/91] Procesando artículo
[2026-05-16 09:55:36,465] INFO - lareaccioncr: ✓ Artículo extraído: La Copa del Café 2025 estará en el ojo del mundo tenístico.  (3280 chars)
[2026-05-16 09:55:37,488] INFO - lareaccioncr: [53/91] Procesando artículo
[2026-05-16 09:55:41,812] INFO - lareaccioncr: ✓ Artículo extraído: Régimen municipal se levanta contra plan de Salud para el ma (4026 chars)
[2026-05-16 09:55:42,868] INFO - lareaccioncr: [54/91] Procesando artículo
[2026-05-16 09:55:46,918] INFO - lareaccioncr: ✓ Artículo extraído: (Video) Facturas electrónicas incluirán dato clave a partir  (1055 chars)
[2026-05-16 09:55:47,948] INFO - lareaccioncr: [55/91] Procesando artículo
[2026-05-16 09:55:52,307] INFO - lareaccioncr: ✓ Artículo extraído: (Video) ¿Marta Esquivel a dirigir el MIDEPLAN? Chaves contes (2801 chars)
[2026-05-16 09:55:53,375] INFO - lareaccioncr: [56/91] Procesando artículo
[2026-05-16 09:55:57,319] INFO - lareaccioncr: ✓ Artículo extraído: Gobierno lanza nueva estrategia para bajar los precios de la (3731 chars)
[2026-05-16 09:55:58,439] INFO - lareaccioncr: [57/91] Procesando artículo
[2026-05-16 09:56:02,792] INFO - lareaccioncr: ✓ Artículo extraído: PLN abre asamblea nacional con video dirigido al Gobierno de (877 chars)
[2026-05-16 09:56:03,859] INFO - lareaccioncr: [58/91] Procesando artículo
[2026-05-16 09:56:08,269] INFO - lareaccioncr: ✓ Artículo extraído: (Video) Pacientes de cáncer siguen sin poder aprovechar equi (3490 chars)
[2026-05-16 09:56:09,327] INFO - lareaccioncr: [59/91] Procesando artículo
[2026-05-16 09:56:13,626] INFO - lareaccioncr: ✓ Artículo extraído: (Videos) Listos para asumir sus cargos: IFAM tiende la mano  (2602 chars)
[2026-05-16 09:56:14,657] INFO - lareaccioncr: [60/91] Procesando artículo
[2026-05-16 09:56:18,964] INFO - lareaccioncr: ✓ Artículo extraído: (Videos) AyA ignora cómo financiará el proyecto clave para r (2282 chars)
[2026-05-16 09:56:20,024] INFO - lareaccioncr: [61/91] Procesando artículo
[2026-05-16 09:56:24,412] INFO - lareaccioncr: ✓ Artículo extraído: Nuevo embajador de India desplegará robusta agenda bilateral (2633 chars)
[2026-05-16 09:56:25,479] INFO - lareaccioncr: [62/91] Procesando artículo
[2026-05-16 09:56:29,859] INFO - lareaccioncr: ✓ Artículo extraído: (Videos) Fantasma de Limón Ciudad Puerto empieza a perseguir (7960 chars)
[2026-05-16 09:56:30,893] INFO - lareaccioncr: [63/91] Procesando artículo
[2026-05-16 09:56:35,242] INFO - lareaccioncr: ✓ Artículo extraído: En las calles y en la ley: el gobierno lanza su respuesta al (3822 chars)
[2026-05-16 09:56:36,306] INFO - lareaccioncr: [64/91] Procesando artículo
[2026-05-16 09:56:40,334] INFO - lareaccioncr: ✓ Artículo extraído: Laura Fernadéz recibió las credenciales presidenciales (2045 chars)
[2026-05-16 09:56:41,388] INFO - lareaccioncr: [65/91] Procesando artículo
[2026-05-16 09:56:45,264] INFO - lareaccioncr: ✓ Artículo extraído: Ataques a Laura Fernández se centraron en sus candidatos a d (5383 chars)
[2026-05-16 09:56:46,319] INFO - lareaccioncr: [66/91] Procesando artículo
[2026-05-16 09:56:49,803] INFO - lareaccioncr: ✓ Artículo extraído: Candidatos debaten entre sí, con réplicas y contrarréplicas  (1783 chars)
[2026-05-16 09:56:50,834] INFO - lareaccioncr: [67/91] Procesando artículo
[2026-05-16 09:56:54,470] INFO - lareaccioncr: ✓ Artículo extraído: Indecisos podrían terminar por engrosar filas del abstencion (3851 chars)
[2026-05-16 09:56:55,508] INFO - lareaccioncr: [68/91] Procesando artículo
[2026-05-16 09:56:59,200] INFO - lareaccioncr: ✓ Artículo extraído: Candidatos mostraron disconformidad con poco tiempo para pla (3785 chars)
[2026-05-16 09:57:00,237] INFO - lareaccioncr: [69/91] Procesando artículo
[2026-05-16 09:57:03,958] INFO - lareaccioncr: ✓ Artículo extraído: Juan Carlos Hidalgo: “Gobierno podía denunciar convenio de O (3739 chars)
[2026-05-16 09:57:04,992] INFO - lareaccioncr: [70/91] Procesando artículo
[2026-05-16 09:57:08,440] INFO - lareaccioncr: ✓ Artículo extraído: Boris Molina: “Eugenia Zamora y Carlo Díaz le hicieron mucho (3483 chars)
[2026-05-16 09:57:09,465] INFO - lareaccioncr: [71/91] Procesando artículo
[2026-05-16 09:57:13,293] INFO - lareaccioncr: ✓ Artículo extraído: Fernando Zamora: «Precios de granos básicos bajaron para cam (3675 chars)
[2026-05-16 09:57:14,324] INFO - lareaccioncr: [72/91] Procesando artículo
[2026-05-16 09:57:18,173] INFO - lareaccioncr: ✓ Artículo extraído: TSE estudia prohibición a gobiernos extranjeros de hablar so (4019 chars)
[2026-05-16 09:57:19,216] INFO - lareaccioncr: [73/91] Procesando artículo
[2026-05-16 09:57:23,302] INFO - lareaccioncr: ✓ Artículo extraído: Lunes 12 de enero empezará distribución de material electora (3660 chars)
[2026-05-16 09:57:24,335] INFO - lareaccioncr: [74/91] Procesando artículo
[2026-05-16 09:57:28,206] INFO - lareaccioncr: ✓ Artículo extraído: Movimiento Devuelvános el ROP urge aprobar proyectos de ley  (3520 chars)
[2026-05-16 09:57:29,249] INFO - lareaccioncr: [75/91] Procesando artículo
[2026-05-16 09:57:33,184] INFO - lareaccioncr: ✓ Artículo extraído: Ana Virginia Calzada: «Si hay un tico con corona ese es Rodr (2929 chars)
[2026-05-16 09:57:34,238] INFO - lareaccioncr: [76/91] Procesando artículo
[2026-05-16 09:57:47,066] INFO - lareaccioncr: ✓ Artículo extraído: Laura Fernández anuncia que participará en solo cuatro debat (2575 chars)
[2026-05-16 09:57:48,124] INFO - lareaccioncr: [77/91] Procesando artículo
[2026-05-16 09:57:52,383] INFO - lareaccioncr: ✓ Artículo extraído: (VIDEO) PLN dice tener más de 2 mil fiscales de mesa comprom (3960 chars)
[2026-05-16 09:57:53,441] INFO - lareaccioncr: [78/91] Procesando artículo
[2026-05-16 09:57:57,821] INFO - lareaccioncr: ✓ Artículo extraído: Mayoría de votantes de Laura Fernández son hombres mayores d (3842 chars)
[2026-05-16 09:57:58,886] INFO - lareaccioncr: [79/91] Procesando artículo
[2026-05-16 09:58:03,180] INFO - lareaccioncr: ✓ Artículo extraído: (VIDEO) Claudia Dobles establece meta de inversión social en (4291 chars)
[2026-05-16 09:58:04,216] INFO - lareaccioncr: [80/91] Procesando artículo
[2026-05-16 09:58:08,556] INFO - lareaccioncr: ✓ Artículo extraído: ¿Garantizan los candidatos presidenciales destinar el 8% del (4036 chars)
[2026-05-16 09:58:09,611] INFO - lareaccioncr: [81/91] Procesando artículo
[2026-05-16 09:58:14,052] INFO - lareaccioncr: ✓ Artículo extraído: TSE resalta que todos los expresidentes cumplieron reglas de (2981 chars)
[2026-05-16 09:58:15,100] INFO - lareaccioncr: [82/91] Procesando artículo
[2026-05-16 09:58:19,322] INFO - lareaccioncr: ✓ Artículo extraído: (Video) FEES debería destinarse a carreras con más demanda l (2974 chars)
[2026-05-16 09:58:20,367] INFO - lareaccioncr: [83/91] Procesando artículo
[2026-05-16 09:58:24,349] INFO - lareaccioncr: ✓ Artículo extraído: Rodrigo Arias: reelección, referéndum, Rodrigo Chaves y apag (2804 chars)
[2026-05-16 09:58:25,375] INFO - lareaccioncr: [84/91] Procesando artículo
[2026-05-16 09:58:29,484] INFO - lareaccioncr: ✓ Artículo extraído: (Video) Exministro Amador admite diferencias de estilo con C (5427 chars)
[2026-05-16 09:58:30,533] INFO - lareaccioncr: [85/91] Procesando artículo
[2026-05-16 09:58:34,589] INFO - lareaccioncr: ✓ Artículo extraído: (VIDEO) Rocío Alfaro descarta que “timing” no sea adecuado p (3125 chars)
[2026-05-16 09:58:35,627] INFO - lareaccioncr: [86/91] Procesando artículo
[2026-05-16 09:58:39,800] INFO - lareaccioncr: ✓ Artículo extraído: Expresidente del Banco Central: «La política monetaria del a (3173 chars)
[2026-05-16 09:58:40,834] INFO - lareaccioncr: [87/91] Procesando artículo
[2026-05-16 09:58:44,974] INFO - lareaccioncr: ✓ Artículo extraído: 8 de cada 10 luces navideñas no tiene documentación técnica (2059 chars)
[2026-05-16 09:58:46,007] INFO - lareaccioncr: [88/91] Procesando artículo
[2026-05-16 09:58:50,456] INFO - lareaccioncr: ✓ Artículo extraído: Rodrigo Chaves: «Juro por mi Santa Madre que entregaré el po (694 chars)
[2026-05-16 09:58:51,523] INFO - lareaccioncr: [89/91] Procesando artículo
[2026-05-16 09:58:55,732] INFO - lareaccioncr: ✓ Artículo extraído: Policías en manos del TSE (834 chars)
[2026-05-16 09:58:56,762] INFO - lareaccioncr: [90/91] Procesando artículo
[2026-05-16 09:59:01,046] INFO - lareaccioncr: ✓ Artículo extraído: País entra en elecciones nacionales (752 chars)
[2026-05-16 09:59:02,101] INFO - lareaccioncr: [91/91] Procesando artículo
[2026-05-16 09:59:06,377] INFO - lareaccioncr: ✓ Artículo extraído: Biblioteca Nacional tiene 160 mil documentos históricos digi (2132 chars)
[2026-05-16 09:59:07,750] INFO - lareaccioncr: Artículos crudos recolectados: 90
[2026-05-16 09:59:10,627] INFO - lareaccioncr: Exportados 90 registros válidos → output\lareaccioncr_20260516.csv
[2026-05-16 09:59:10,627] INFO - lareaccioncr: === Scraper finalizado: lareaccioncr | Resumen: {'source': 'lareaccioncr', 'status': 'OK', 'total_raw': 90, 'total_valid': 90, 'total_discarded': 0, 'output_file': 'output\\lareaccioncr_20260516.csv'} ===
